[0m11:37:01.927779 [debug] [MainThread]: Sending event: {'category': 'dbt', 'action': 'invocation', 'label': 'start', 'context': [<snowplow_tracker.self_describing_json.SelfDescribingJson object at 0x76ef2a4e9e50>, <snowplow_tracker.self_describing_json.SelfDescribingJson object at 0x76ef2a8ecfb0>, <snowplow_tracker.self_describing_json.SelfDescribingJson object at 0x76ef29728140>]}


============================== 11:37:01.934352 | 23f0cb99-3392-4d9c-8ac1-9efb5f905915 ==============================
[0m11:37:01.934352 [info ] [MainThread]: Running with dbt=1.12.3
[0m11:37:01.935425 [debug] [MainThread]: running dbt with arguments {'printer_width': '80', 'empty': 'None', 'partial_parse': 'True', 'debug': 'False', 'indirect_selection': 'eager', 'quiet': 'False', 'log_path': '/usr/app/dbt/logs', 'maximum_seed_size_mib': '1', 'invocation_command': 'dbt debug', 'version_check': 'True', 'warn_error_options': 'WarnErrorOptionsV2(error=[], warn=[], silence=[])', 'send_anonymous_usage_stats': 'True', 'use_colors': 'True', 'target_path': 'None', 'write_json': 'True', 'fail_fast': 'False', 'static_parser': 'True', 'introspect': 'True', 'no_print': 'None', 'warn_error': 'None', 'log_format': 'default', 'cache_selected_only': 'False', 'hints_enabled': 'True', 'use_experimental_parser': 'False', 'profiles_dir': '/usr/app/dbt', 'log_cache_events': 'False'}
[0m11:37:01.950362 [info ] [MainThread]: dbt version: 1.12.3
[0m11:37:01.951502 [info ] [MainThread]: python version: 3.12.14
[0m11:37:01.952766 [info ] [MainThread]: python path: /usr/local/bin/python3.12
[0m11:37:01.953952 [info ] [MainThread]: os info: Linux-6.18.33.2-microsoft-standard-WSL2-x86_64-with-glibc2.41
[0m11:37:01.955403 [info ] [MainThread]: Using profiles dir at /usr/app/dbt
[0m11:37:01.956233 [info ] [MainThread]: Using profiles.yml file at /usr/app/dbt/profiles.yml
[0m11:37:01.957295 [info ] [MainThread]: Using dbt_project.yml file at /usr/app/dbt/dbt_project.yml
[0m11:37:02.060980 [info ] [MainThread]: Configuration:
[0m11:37:02.062127 [info ] [MainThread]:   profiles.yml file [[31mERROR not found[0m]
[0m11:37:02.063074 [info ] [MainThread]:   dbt_project.yml file [[32mOK found and valid[0m]
[0m11:37:02.063837 [info ] [MainThread]: Required dependencies:
[0m11:37:02.064644 [debug] [MainThread]: Executing "git --help"
[0m11:37:02.065989 [info ] [MainThread]:  - git [[31mERROR[0m]

[0m11:37:02.066628 [info ] [MainThread]: Connection test skipped since no profile was found
[0m11:37:02.067566 [info ] [MainThread]: [31m2 checks failed:[0m
[0m11:37:02.068534 [info ] [MainThread]: dbt looked for a profiles.yml file in /usr/app/dbt/profiles.yml, but did
not find one. For more information on configuring your profile, consult the
documentation:

https://docs.getdbt.com/docs/configure-your-profile


[0m11:37:02.069409 [info ] [MainThread]: Error from git --help: Could not find command, ensure it is in the user's PATH: "git"

[0m11:37:02.071169 [debug] [MainThread]: Resource report: {"command_name": "debug", "command_success": false, "command_wall_clock_time": 0.22494537, "process_in_blocks": "1", "process_kernel_time": 0.175887, "process_mem_max_rss": "113920", "process_out_blocks": "56", "process_user_time": 1.391112}
[0m11:37:02.072332 [debug] [MainThread]: Command `dbt debug` failed at 11:37:02.072177 after 0.23 seconds
[0m11:37:02.073457 [debug] [MainThread]: Sending event: {'category': 'dbt', 'action': 'invocation', 'label': 'end', 'context': [<snowplow_tracker.self_describing_json.SelfDescribingJson object at 0x76ef2a856210>, <snowplow_tracker.self_describing_json.SelfDescribingJson object at 0x76ef2acdda00>, <snowplow_tracker.self_describing_json.SelfDescribingJson object at 0x76ef29728260>]}
[0m11:37:02.074435 [debug] [MainThread]: Flushing usage events
[0m11:37:02.724251 [debug] [MainThread]: An error was encountered while trying to flush usage events
[0m11:39:25.347543 [debug] [MainThread]: Sending event: {'category': 'dbt', 'action': 'invocation', 'label': 'start', 'context': [<snowplow_tracker.self_describing_json.SelfDescribingJson object at 0x7ec011c519d0>, <snowplow_tracker.self_describing_json.SelfDescribingJson object at 0x7ec011c51fa0>, <snowplow_tracker.self_describing_json.SelfDescribingJson object at 0x7ec011966930>]}


============================== 11:39:25.351747 | 063ddaba-fcbe-4a69-90a8-5643466aff68 ==============================
[0m11:39:25.351747 [info ] [MainThread]: Running with dbt=1.12.3
[0m11:39:25.352746 [debug] [MainThread]: running dbt with arguments {'invocation_command': 'dbt debug', 'send_anonymous_usage_stats': 'True', 'write_json': 'True', 'version_check': 'True', 'warn_error_options': 'WarnErrorOptionsV2(error=[], warn=[], silence=[])', 'no_print': 'None', 'profiles_dir': '/usr/app/dbt', 'use_colors': 'True', 'debug': 'False', 'indirect_selection': 'eager', 'empty': 'None', 'cache_selected_only': 'False', 'warn_error': 'None', 'hints_enabled': 'True', 'static_parser': 'True', 'quiet': 'False', 'fail_fast': 'False', 'printer_width': '80', 'target_path': 'None', 'maximum_seed_size_mib': '1', 'log_format': 'default', 'introspect': 'True', 'log_path': '/usr/app/dbt/logs', 'partial_parse': 'True', 'use_experimental_parser': 'False', 'log_cache_events': 'False'}
[0m11:39:25.363747 [info ] [MainThread]: dbt version: 1.12.3
[0m11:39:25.364899 [info ] [MainThread]: python version: 3.12.14
[0m11:39:25.365911 [info ] [MainThread]: python path: /usr/local/bin/python3.12
[0m11:39:25.366949 [info ] [MainThread]: os info: Linux-6.18.33.2-microsoft-standard-WSL2-x86_64-with-glibc2.41
[0m11:39:25.428484 [info ] [MainThread]: Using profiles dir at /usr/app/dbt
[0m11:39:25.429921 [info ] [MainThread]: Using profiles.yml file at /usr/app/dbt/profiles.yml
[0m11:39:25.431081 [info ] [MainThread]: Using dbt_project.yml file at /usr/app/dbt/dbt_project.yml
[0m11:39:25.432595 [info ] [MainThread]: adapter type: postgres
[0m11:39:25.433707 [info ] [MainThread]: adapter version: 1.11.0
[0m11:39:25.535638 [info ] [MainThread]: Configuration:
[0m11:39:25.537210 [info ] [MainThread]:   profiles.yml file [[32mOK found and valid[0m]
[0m11:39:25.538446 [info ] [MainThread]:   dbt_project.yml file [[32mOK found and valid[0m]
[0m11:39:25.539299 [info ] [MainThread]: Required dependencies:
[0m11:39:25.540136 [debug] [MainThread]: Executing "git --help"
[0m11:39:25.541307 [info ] [MainThread]:  - git [[31mERROR[0m]

[0m11:39:25.542211 [info ] [MainThread]: Connection:
[0m11:39:25.543121 [info ] [MainThread]:   host: postgres
[0m11:39:25.543953 [info ] [MainThread]:   port: 5432
[0m11:39:25.544746 [info ] [MainThread]:   user: bcb_user
[0m11:39:25.545513 [info ] [MainThread]:   database: bcb
[0m11:39:25.546268 [info ] [MainThread]:   schema: analytics
[0m11:39:25.547157 [info ] [MainThread]:   connect_timeout: 10
[0m11:39:25.549153 [info ] [MainThread]:   role: None
[0m11:39:25.550574 [info ] [MainThread]:   search_path: None
[0m11:39:25.552177 [info ] [MainThread]:   keepalives_idle: 0
[0m11:39:25.553353 [info ] [MainThread]:   sslmode: None
[0m11:39:25.554267 [info ] [MainThread]:   sslcert: None
[0m11:39:25.555101 [info ] [MainThread]:   sslkey: None
[0m11:39:25.556181 [info ] [MainThread]:   sslrootcert: None
[0m11:39:25.556980 [info ] [MainThread]:   application_name: dbt
[0m11:39:25.557739 [info ] [MainThread]:   autocommit: False
[0m11:39:25.558398 [info ] [MainThread]:   retries: 1
[0m11:39:25.559328 [info ] [MainThread]: Registered adapter: postgres=1.11.0
[0m11:39:25.620563 [debug] [MainThread]: Acquiring new postgres connection 'debug'
[0m11:39:25.645637 [debug] [MainThread]: Using postgres connection "debug"
[0m11:39:25.646795 [debug] [MainThread]: On debug: select 1 as id
[0m11:39:25.647674 [debug] [MainThread]: Opening a new connection, currently in state init
[0m11:39:25.657838 [debug] [MainThread]: SQL status: SELECT 1 in 0.010 seconds
[0m11:39:25.659261 [debug] [MainThread]: On debug: Close
[0m11:39:25.660172 [info ] [MainThread]:   Connection test: [[32mOK connection ok[0m]

[0m11:39:25.661079 [info ] [MainThread]: [31m1 check failed:[0m
[0m11:39:25.661928 [info ] [MainThread]: Error from git --help: Could not find command, ensure it is in the user's PATH: "git"

[0m11:39:25.663381 [debug] [MainThread]: Resource report: {"command_name": "debug", "command_success": false, "command_wall_clock_time": 0.7703314, "process_in_blocks": "4", "process_kernel_time": 0.257077, "process_mem_max_rss": "127116", "process_out_blocks": "24", "process_user_time": 1.483139}
[0m11:39:25.664240 [debug] [MainThread]: Command `dbt debug` failed at 11:39:25.664138 after 0.77 seconds
[0m11:39:25.664896 [debug] [MainThread]: Connection 'debug' was properly closed.
[0m11:39:25.665534 [debug] [MainThread]: Sending event: {'category': 'dbt', 'action': 'invocation', 'label': 'end', 'context': [<snowplow_tracker.self_describing_json.SelfDescribingJson object at 0x7ec0116be8a0>, <snowplow_tracker.self_describing_json.SelfDescribingJson object at 0x7ec0116bf830>, <snowplow_tracker.self_describing_json.SelfDescribingJson object at 0x7ec01146b470>]}
[0m11:39:25.666282 [debug] [MainThread]: Flushing usage events
[0m11:39:26.238303 [debug] [MainThread]: An error was encountered while trying to flush usage events
[0m11:45:15.816952 [debug] [MainThread]: Sending event: {'category': 'dbt', 'action': 'invocation', 'label': 'start', 'context': [<snowplow_tracker.self_describing_json.SelfDescribingJson object at 0x72d2f9260770>, <snowplow_tracker.self_describing_json.SelfDescribingJson object at 0x72d2f9263650>, <snowplow_tracker.self_describing_json.SelfDescribingJson object at 0x72d2f92623f0>]}


============================== 11:45:15.822048 | 2c2177f3-73f1-4c0f-b7d4-1fe223cdbbbf ==============================
[0m11:45:15.822048 [info ] [MainThread]: Running with dbt=1.12.3
[0m11:45:15.823276 [debug] [MainThread]: running dbt with arguments {'partial_parse': 'True', 'empty': 'None', 'quiet': 'False', 'static_parser': 'True', 'log_cache_events': 'False', 'use_colors': 'True', 'indirect_selection': 'eager', 'maximum_seed_size_mib': '1', 'log_path': '/usr/app/dbt/logs', 'hints_enabled': 'True', 'fail_fast': 'False', 'log_format': 'default', 'target_path': 'None', 'cache_selected_only': 'False', 'printer_width': '80', 'no_print': 'None', 'use_experimental_parser': 'False', 'warn_error_options': 'WarnErrorOptionsV2(error=[], warn=[], silence=[])', 'send_anonymous_usage_stats': 'True', 'write_json': 'True', 'warn_error': 'None', 'profiles_dir': '/usr/app/dbt', 'introspect': 'True', 'invocation_command': 'dbt ls', 'version_check': 'True', 'debug': 'False'}
[0m11:45:16.016972 [debug] [MainThread]: Sending event: {'category': 'dbt', 'action': 'project_id', 'label': '2c2177f3-73f1-4c0f-b7d4-1fe223cdbbbf', 'context': [<snowplow_tracker.self_describing_json.SelfDescribingJson object at 0x72d2fc455490>]}
[0m11:45:16.076108 [debug] [MainThread]: Sending event: {'category': 'dbt', 'action': 'adapter_info', 'label': '2c2177f3-73f1-4c0f-b7d4-1fe223cdbbbf', 'context': [<snowplow_tracker.self_describing_json.SelfDescribingJson object at 0x72d2fa674740>]}
[0m11:45:16.078505 [info ] [MainThread]: Registered adapter: postgres=1.11.0
[0m11:45:16.161641 [debug] [MainThread]: checksum: 93f3c84ce504663c4776f7735972647e04db2733b90ae0c7a023176aa6e7f35b, vars: {}, profile: bcb_analytics, target: dev, version: 1.12.3
[0m11:45:16.164496 [info ] [MainThread]: Unable to do partial parsing because saved manifest not found. Starting full parse.
[0m11:45:16.165246 [debug] [MainThread]: Sending event: {'category': 'dbt', 'action': 'partial_parser', 'label': '2c2177f3-73f1-4c0f-b7d4-1fe223cdbbbf', 'context': [<snowplow_tracker.self_describing_json.SelfDescribingJson object at 0x72d2f8185f40>]}
[0m11:45:17.217659 [debug] [MainThread]: Sending event: {'category': 'dbt', 'action': 'load_project', 'label': '2c2177f3-73f1-4c0f-b7d4-1fe223cdbbbf', 'context': [<snowplow_tracker.self_describing_json.SelfDescribingJson object at 0x72d2f75af830>]}
[0m11:45:17.322223 [debug] [MainThread]: Wrote artifact WritableManifest to /usr/app/dbt/target/manifest.json
[0m11:45:17.383396 [debug] [MainThread]: Wrote artifact SemanticManifest to /usr/app/dbt/target/semantic_manifest.json
[0m11:45:17.460239 [debug] [MainThread]: Wrote artifact OsiDocument to /usr/app/dbt/target/osi_document.json
[0m11:45:17.573468 [debug] [MainThread]: Sending event: {'category': 'dbt', 'action': 'resource_counts', 'label': '2c2177f3-73f1-4c0f-b7d4-1fe223cdbbbf', 'context': [<snowplow_tracker.self_describing_json.SelfDescribingJson object at 0x72d2f4d6f290>]}
[0m11:45:17.574349 [info ] [MainThread]: Found 4 models, 1 source, 477 macros
[0m11:45:17.575246 [debug] [MainThread]: Sending event: {'category': 'dbt', 'action': 'runnable_timing', 'label': '2c2177f3-73f1-4c0f-b7d4-1fe223cdbbbf', 'context': [<snowplow_tracker.self_describing_json.SelfDescribingJson object at 0x72d2f6dda5a0>]}
[0m11:45:17.576468 [info ] [MainThread]: bcb_analytics.marts.credit_indicators
[0m11:45:17.577296 [info ] [MainThread]: bcb_analytics.marts.economic_conditions
[0m11:45:17.578052 [info ] [MainThread]: bcb_analytics.marts.macro_indicators
[0m11:45:17.578705 [info ] [MainThread]: bcb_analytics.staging.stg_macro_monthly
[0m11:45:17.579335 [info ] [MainThread]: source:bcb_analytics.gold.macro_monthly
[0m11:45:17.581429 [debug] [MainThread]: Resource report: {"command_name": "list", "command_success": true, "command_wall_clock_time": 1.8454423, "process_in_blocks": "142637", "process_kernel_time": 0.331498, "process_mem_max_rss": "131336", "process_out_blocks": "88", "process_user_time": 2.559003}
[0m11:45:17.582531 [debug] [MainThread]: Command `dbt ls` succeeded at 11:45:17.582389 after 1.85 seconds
[0m11:45:17.583305 [debug] [MainThread]: Sending event: {'category': 'dbt', 'action': 'invocation', 'label': 'end', 'context': [<snowplow_tracker.self_describing_json.SelfDescribingJson object at 0x72d2fb5fdb20>, <snowplow_tracker.self_describing_json.SelfDescribingJson object at 0x72d2f9838b00>, <snowplow_tracker.self_describing_json.SelfDescribingJson object at 0x72d2f71a9550>]}
[0m11:45:17.583983 [debug] [MainThread]: Flushing usage events
[0m11:45:18.165635 [debug] [MainThread]: An error was encountered while trying to flush usage events
[0m12:40:08.047596 [debug] [MainThread]: Sending event: {'category': 'dbt', 'action': 'invocation', 'label': 'start', 'context': [<snowplow_tracker.self_describing_json.SelfDescribingJson object at 0x75c43e311850>, <snowplow_tracker.self_describing_json.SelfDescribingJson object at 0x75c43d0f1df0>, <snowplow_tracker.self_describing_json.SelfDescribingJson object at 0x75c43e3125a0>]}


============================== 12:40:08.055128 | a0895b25-9e44-4b8b-94dd-74bb781bdb87 ==============================
[0m12:40:08.055128 [info ] [MainThread]: Running with dbt=1.12.3
[0m12:40:08.056284 [debug] [MainThread]: running dbt with arguments {'cache_selected_only': 'False', 'introspect': 'True', 'static_parser': 'True', 'warn_error_options': 'WarnErrorOptionsV2(error=[], warn=[], silence=[])', 'log_format': 'default', 'quiet': 'False', 'no_print': 'None', 'target_path': 'None', 'partial_parse': 'True', 'warn_error': 'None', 'profiles_dir': '/usr/app/dbt', 'send_anonymous_usage_stats': 'True', 'version_check': 'True', 'write_json': 'True', 'empty': 'False', 'fail_fast': 'False', 'log_cache_events': 'False', 'debug': 'False', 'hints_enabled': 'True', 'use_colors': 'True', 'indirect_selection': 'eager', 'printer_width': '80', 'invocation_command': 'dbt build', 'log_path': '/usr/app/dbt/logs', 'use_experimental_parser': 'False', 'maximum_seed_size_mib': '1'}
[0m12:40:08.243581 [debug] [MainThread]: Sending event: {'category': 'dbt', 'action': 'project_id', 'label': 'a0895b25-9e44-4b8b-94dd-74bb781bdb87', 'context': [<snowplow_tracker.self_describing_json.SelfDescribingJson object at 0x75c44020d880>]}
[0m12:40:08.298836 [debug] [MainThread]: Sending event: {'category': 'dbt', 'action': 'adapter_info', 'label': 'a0895b25-9e44-4b8b-94dd-74bb781bdb87', 'context': [<snowplow_tracker.self_describing_json.SelfDescribingJson object at 0x75c43ce06750>]}
[0m12:40:08.301156 [info ] [MainThread]: Registered adapter: postgres=1.11.0
[0m12:40:08.375433 [debug] [MainThread]: checksum: 93f3c84ce504663c4776f7735972647e04db2733b90ae0c7a023176aa6e7f35b, vars: {}, profile: bcb_analytics, target: dev, version: 1.12.3
[0m12:40:08.379094 [info ] [MainThread]: Unable to do partial parsing because saved manifest not found. Starting full parse.
[0m12:40:08.379954 [debug] [MainThread]: Sending event: {'category': 'dbt', 'action': 'partial_parser', 'label': 'a0895b25-9e44-4b8b-94dd-74bb781bdb87', 'context': [<snowplow_tracker.self_describing_json.SelfDescribingJson object at 0x75c43ce89160>]}
[0m12:40:09.712852 [debug] [MainThread]: Sending event: {'category': 'dbt', 'action': 'load_project', 'label': 'a0895b25-9e44-4b8b-94dd-74bb781bdb87', 'context': [<snowplow_tracker.self_describing_json.SelfDescribingJson object at 0x75c43a50ba40>]}
[0m12:40:09.903999 [debug] [MainThread]: Wrote artifact WritableManifest to /usr/app/dbt/target/manifest.json
[0m12:40:09.953904 [debug] [MainThread]: Wrote artifact SemanticManifest to /usr/app/dbt/target/semantic_manifest.json
[0m12:40:10.023605 [debug] [MainThread]: Wrote artifact OsiDocument to /usr/app/dbt/target/osi_document.json
[0m12:40:10.067370 [debug] [MainThread]: Sending event: {'category': 'dbt', 'action': 'resource_counts', 'label': 'a0895b25-9e44-4b8b-94dd-74bb781bdb87', 'context': [<snowplow_tracker.self_describing_json.SelfDescribingJson object at 0x75c438b9daf0>]}
[0m12:40:10.068301 [info ] [MainThread]: Found 6 models, 1 source, 477 macros
[0m12:40:10.070802 [info ] [MainThread]: 
[0m12:40:10.071830 [info ] [MainThread]: Concurrency: 4 threads (target='dev')
[0m12:40:10.072731 [info ] [MainThread]: 
[0m12:40:10.073758 [debug] [MainThread]: Acquiring new postgres connection 'master'
[0m12:40:10.077629 [debug] [ThreadPool]: Acquiring new postgres connection 'list_bcb'
[0m12:40:10.122478 [debug] [ThreadPool]: Using postgres connection "list_bcb"
[0m12:40:10.123488 [debug] [ThreadPool]: On list_bcb: /* {"app": "dbt", "dbt_version": "1.12.3", "profile_name": "bcb_analytics", "target_name": "dev", "connection_name": "list_bcb"} */

    select distinct nspname from pg_namespace
  
[0m12:40:10.124403 [debug] [ThreadPool]: Opening a new connection, currently in state init
[0m12:40:10.133913 [debug] [ThreadPool]: SQL status: SELECT 6 in 0.009 seconds
[0m12:40:10.135769 [debug] [ThreadPool]: On list_bcb: Close
[0m12:40:10.138239 [debug] [ThreadPool]: Re-using an available connection from the pool (formerly list_bcb, now list_bcb_analytics)
[0m12:40:10.143156 [debug] [ThreadPool]: Using postgres connection "list_bcb_analytics"
[0m12:40:10.143999 [debug] [ThreadPool]: On list_bcb_analytics: /* {"app": "dbt", "dbt_version": "1.12.3", "profile_name": "bcb_analytics", "target_name": "dev", "connection_name": "list_bcb_analytics"} */
select
      'bcb' as database,
      tablename as name,
      schemaname as schema,
      'table' as type
    from pg_tables
    where schemaname ilike 'analytics'
    union all
    select
      'bcb' as database,
      viewname as name,
      schemaname as schema,
      'view' as type
    from pg_views
    where schemaname ilike 'analytics'
    union all
    select
      'bcb' as database,
      matviewname as name,
      schemaname as schema,
      'materialized_view' as type
    from pg_matviews
    where schemaname ilike 'analytics'
    union all
    select distinct
     'bcb' as database,
     proname as name,
     ns.nspname as schema,
     'function' as type
    from pg_proc
     join pg_namespace as ns on pronamespace = ns.oid
    where ns.nspname ilike 'analytics'
  
[0m12:40:10.144892 [debug] [ThreadPool]: Opening a new connection, currently in state closed
[0m12:40:10.154509 [debug] [ThreadPool]: SQL status: SELECT 0 in 0.010 seconds
[0m12:40:10.156269 [debug] [ThreadPool]: On list_bcb_analytics: ROLLBACK
[0m12:40:10.157201 [debug] [ThreadPool]: On list_bcb_analytics: Close
[0m12:40:10.161826 [debug] [MainThread]: Using postgres connection "master"
[0m12:40:10.162854 [debug] [MainThread]: On master: /* {"app": "dbt", "dbt_version": "1.12.3", "profile_name": "bcb_analytics", "target_name": "dev", "connection_name": "master"} */
select distinct
        dependent_namespace.nspname as dependent_schema,
        dependent_class.relname as dependent_name,
        referenced_namespace.nspname as referenced_schema,
        referenced_class.relname as referenced_name

    -- Query for views: views are entries in pg_class with an entry in pg_rewrite, but we avoid
    -- a seq scan on pg_rewrite by leveraging the fact there is an "internal" row in pg_depend for
    -- the view...
    from pg_class as dependent_class
    join pg_namespace as dependent_namespace on dependent_namespace.oid = dependent_class.relnamespace
    join pg_depend as dependent_depend on dependent_depend.refobjid = dependent_class.oid
        and dependent_depend.classid = 'pg_rewrite'::regclass
        and dependent_depend.refclassid = 'pg_class'::regclass
        and dependent_depend.deptype = 'i'

    -- ... and via pg_depend (that has a row per column, hence the need for "distinct" above, and
    -- making sure to exclude the internal row to avoid a view appearing to depend on itself)...
    join pg_depend as joining_depend on joining_depend.objid = dependent_depend.objid
        and joining_depend.classid = 'pg_rewrite'::regclass
        and joining_depend.refclassid = 'pg_class'::regclass
        and joining_depend.refobjid != dependent_depend.refobjid

    -- ... we can find the tables they query from in pg_class, but excluding system tables. Note we
    -- don't need need to exclude _dependent_ system tables, because they only query from other
    -- system tables, and so are automatically excluded by excluding _referenced_ system tables
    join pg_class as referenced_class on referenced_class.oid = joining_depend.refobjid
    join pg_namespace as referenced_namespace on referenced_namespace.oid = referenced_class.relnamespace
        and referenced_namespace.nspname != 'information_schema'
        and referenced_namespace.nspname not like 'pg\_%'

    order by
        dependent_schema, dependent_name, referenced_schema, referenced_name;
[0m12:40:10.163722 [debug] [MainThread]: Opening a new connection, currently in state init
[0m12:40:10.172680 [debug] [MainThread]: SQL status: SELECT 0 in 0.009 seconds
[0m12:40:10.174615 [debug] [MainThread]: Sending event: {'category': 'dbt', 'action': 'runnable_timing', 'label': 'a0895b25-9e44-4b8b-94dd-74bb781bdb87', 'context': [<snowplow_tracker.self_describing_json.SelfDescribingJson object at 0x75c43a59c650>]}
[0m12:40:10.175855 [debug] [MainThread]: On master: ROLLBACK
[0m12:40:10.177199 [debug] [MainThread]: On master: COMMIT
[0m12:40:10.178321 [debug] [MainThread]: Using postgres connection "master"
[0m12:40:10.179310 [debug] [MainThread]: On master: COMMIT
[0m12:40:10.180397 [debug] [MainThread]: SQL status: COMMIT in 0.000 seconds
[0m12:40:10.181134 [debug] [MainThread]: On master: Close
[0m12:40:10.187676 [debug] [Thread-1 (]: Began running node model.bcb_analytics.stg_macro_monthly
[0m12:40:10.188643 [info ] [Thread-1 (]: 1 of 6 START sql view model analytics.stg_macro_monthly ........................ [RUN]
[0m12:40:10.189530 [debug] [Thread-1 (]: Re-using an available connection from the pool (formerly list_bcb_analytics, now model.bcb_analytics.stg_macro_monthly)
[0m12:40:10.190269 [debug] [Thread-1 (]: Began compiling node model.bcb_analytics.stg_macro_monthly
[0m12:40:10.196502 [debug] [Thread-1 (]: Writing injected SQL for node "model.bcb_analytics.stg_macro_monthly"
[0m12:40:10.259840 [debug] [Thread-1 (]: Began executing node model.bcb_analytics.stg_macro_monthly
[0m12:40:10.288162 [debug] [Thread-1 (]: Writing runtime sql for node "model.bcb_analytics.stg_macro_monthly"
[0m12:40:10.344228 [debug] [Thread-1 (]: Using postgres connection "model.bcb_analytics.stg_macro_monthly"
[0m12:40:10.345931 [debug] [Thread-1 (]: On model.bcb_analytics.stg_macro_monthly: /* {"app": "dbt", "dbt_version": "1.12.3", "profile_name": "bcb_analytics", "target_name": "dev", "node_id": "model.bcb_analytics.stg_macro_monthly"} */

  create view "bcb"."analytics"."stg_macro_monthly__dbt_tmp"
    
    
  as (
    -- Standardize the interface between the Spark-generated Gold layer
-- and the dbt transformation layer.

select

    *

from "bcb"."gold"."macro_monthly"
  );
[0m12:40:10.347566 [debug] [Thread-1 (]: Opening a new connection, currently in state closed
[0m12:40:10.359504 [debug] [Thread-1 (]: SQL status: CREATE VIEW in 0.012 seconds
[0m12:40:10.365939 [debug] [Thread-1 (]: Using postgres connection "model.bcb_analytics.stg_macro_monthly"
[0m12:40:10.367703 [debug] [Thread-1 (]: On model.bcb_analytics.stg_macro_monthly: /* {"app": "dbt", "dbt_version": "1.12.3", "profile_name": "bcb_analytics", "target_name": "dev", "node_id": "model.bcb_analytics.stg_macro_monthly"} */
alter table "bcb"."analytics"."stg_macro_monthly__dbt_tmp" rename to "stg_macro_monthly"
[0m12:40:10.369774 [debug] [Thread-1 (]: SQL status: ALTER TABLE in 0.001 seconds
[0m12:40:10.385217 [debug] [Thread-1 (]: On model.bcb_analytics.stg_macro_monthly: COMMIT
[0m12:40:10.387215 [debug] [Thread-1 (]: Using postgres connection "model.bcb_analytics.stg_macro_monthly"
[0m12:40:10.388486 [debug] [Thread-1 (]: On model.bcb_analytics.stg_macro_monthly: COMMIT
[0m12:40:10.390658 [debug] [Thread-1 (]: SQL status: COMMIT in 0.001 seconds
[0m12:40:10.395760 [debug] [Thread-1 (]: Applying DROP to: "bcb"."analytics"."stg_macro_monthly__dbt_backup"
[0m12:40:10.401827 [debug] [Thread-1 (]: Using postgres connection "model.bcb_analytics.stg_macro_monthly"
[0m12:40:10.402830 [debug] [Thread-1 (]: On model.bcb_analytics.stg_macro_monthly: /* {"app": "dbt", "dbt_version": "1.12.3", "profile_name": "bcb_analytics", "target_name": "dev", "node_id": "model.bcb_analytics.stg_macro_monthly"} */
drop view if exists "bcb"."analytics"."stg_macro_monthly__dbt_backup" cascade
[0m12:40:10.404185 [debug] [Thread-1 (]: SQL status: DROP VIEW in 0.000 seconds
[0m12:40:10.406739 [debug] [Thread-1 (]: On model.bcb_analytics.stg_macro_monthly: Close
[0m12:40:10.409182 [debug] [Thread-1 (]: Sending event: {'category': 'dbt', 'action': 'run_model', 'label': 'a0895b25-9e44-4b8b-94dd-74bb781bdb87', 'context': [<snowplow_tracker.self_describing_json.SelfDescribingJson object at 0x75c44020c9b0>]}
[0m12:40:10.410344 [info ] [Thread-1 (]: 1 of 6 OK created sql view model analytics.stg_macro_monthly ................... [[32mCREATE VIEW[0m in 0.22s]
[0m12:40:10.411750 [debug] [Thread-1 (]: Finished running node model.bcb_analytics.stg_macro_monthly
[0m12:40:10.414194 [debug] [Thread-3 (]: Began running node model.bcb_analytics.fct_credit_pf
[0m12:40:10.414749 [debug] [Thread-4 (]: Began running node model.bcb_analytics.fct_economic_activity
[0m12:40:10.415146 [debug] [Thread-2 (]: Began running node model.bcb_analytics.fct_exchange_rate
[0m12:40:10.415522 [debug] [Thread-1 (]: Began running node model.bcb_analytics.fct_monetary_policy
[0m12:40:10.415963 [info ] [Thread-3 (]: 2 of 6 START sql table model analytics.fct_credit_pf ........................... [RUN]
[0m12:40:10.416955 [info ] [Thread-4 (]: 3 of 6 START sql table model analytics.fct_economic_activity ................... [RUN]
[0m12:40:10.418059 [info ] [Thread-2 (]: 4 of 6 START sql table model analytics.fct_exchange_rate ....................... [RUN]
[0m12:40:10.419096 [info ] [Thread-1 (]: 5 of 6 START sql table model analytics.fct_monetary_policy ..................... [RUN]
[0m12:40:10.420260 [debug] [Thread-3 (]: Acquiring new postgres connection 'model.bcb_analytics.fct_credit_pf'
[0m12:40:10.421192 [debug] [Thread-4 (]: Acquiring new postgres connection 'model.bcb_analytics.fct_economic_activity'
[0m12:40:10.421988 [debug] [Thread-2 (]: Acquiring new postgres connection 'model.bcb_analytics.fct_exchange_rate'
[0m12:40:10.422683 [debug] [Thread-1 (]: Re-using an available connection from the pool (formerly model.bcb_analytics.stg_macro_monthly, now model.bcb_analytics.fct_monetary_policy)
[0m12:40:10.423364 [debug] [Thread-3 (]: Began compiling node model.bcb_analytics.fct_credit_pf
[0m12:40:10.424082 [debug] [Thread-4 (]: Began compiling node model.bcb_analytics.fct_economic_activity
[0m12:40:10.424924 [debug] [Thread-2 (]: Began compiling node model.bcb_analytics.fct_exchange_rate
[0m12:40:10.426086 [debug] [Thread-1 (]: Began compiling node model.bcb_analytics.fct_monetary_policy
[0m12:40:10.429299 [debug] [Thread-3 (]: Writing injected SQL for node "model.bcb_analytics.fct_credit_pf"
[0m12:40:10.432458 [debug] [Thread-4 (]: Writing injected SQL for node "model.bcb_analytics.fct_economic_activity"
[0m12:40:10.435975 [debug] [Thread-2 (]: Writing injected SQL for node "model.bcb_analytics.fct_exchange_rate"
[0m12:40:10.439265 [debug] [Thread-1 (]: Writing injected SQL for node "model.bcb_analytics.fct_monetary_policy"
[0m12:40:10.453566 [debug] [Thread-3 (]: Began executing node model.bcb_analytics.fct_credit_pf
[0m12:40:10.454330 [debug] [Thread-1 (]: Began executing node model.bcb_analytics.fct_monetary_policy
[0m12:40:10.454780 [debug] [Thread-2 (]: Began executing node model.bcb_analytics.fct_exchange_rate
[0m12:40:10.471543 [debug] [Thread-4 (]: Began executing node model.bcb_analytics.fct_economic_activity
[0m12:40:10.475946 [debug] [Thread-1 (]: Writing runtime sql for node "model.bcb_analytics.fct_monetary_policy"
[0m12:40:10.476566 [debug] [Thread-3 (]: Writing runtime sql for node "model.bcb_analytics.fct_credit_pf"
[0m12:40:10.479170 [debug] [Thread-2 (]: Writing runtime sql for node "model.bcb_analytics.fct_exchange_rate"
[0m12:40:10.483296 [debug] [Thread-4 (]: Writing runtime sql for node "model.bcb_analytics.fct_economic_activity"
[0m12:40:10.493729 [debug] [Thread-3 (]: Using postgres connection "model.bcb_analytics.fct_credit_pf"
[0m12:40:10.494707 [debug] [Thread-3 (]: On model.bcb_analytics.fct_credit_pf: /* {"app": "dbt", "dbt_version": "1.12.3", "profile_name": "bcb_analytics", "target_name": "dev", "node_id": "model.bcb_analytics.fct_credit_pf"} */

  
    

  create  table "bcb"."analytics"."fct_credit_pf__dbt_tmp"
  
  
    as
  
  (
    -- Create analytical indicators for individual credit.
-- The model combines credit concessions, outstanding balances,
-- interest rates, and default indicators with their variations.

select

    reference_date,

    credito_concedido_pf,

    credito_livre_pf,

    saldo_credito_pessoal,

    taxa_credito_pf,

    inadimplencia_pf,

    inadimplencia_credito_pessoal_pf,

    -- Absolute monthly change in credit concessions
    credito_concedido_pf
        - lag(credito_concedido_pf) over (
            order by reference_date
        ) as credito_concedido_change,

    -- Monthly-over-month credit concession growth
    (
        credito_concedido_pf /
        lag(credito_concedido_pf) over (
            order by reference_date
        ) - 1
    ) * 100 as credito_concedido_mom,

    -- Year-over-year credit concession growth
    (
        credito_concedido_pf /
        lag(credito_concedido_pf, 12) over (
            order by reference_date
        ) - 1
    ) * 100 as credito_concedido_yoy,

    -- Absolute monthly change in the individual default rate
    inadimplencia_pf
        - lag(inadimplencia_pf) over (
            order by reference_date
        ) as inadimplencia_change

from "bcb"."analytics"."stg_macro_monthly"
  );
  
[0m12:40:10.495521 [debug] [Thread-3 (]: Opening a new connection, currently in state init
[0m12:40:10.497399 [debug] [Thread-4 (]: Using postgres connection "model.bcb_analytics.fct_economic_activity"
[0m12:40:10.497889 [debug] [Thread-2 (]: Using postgres connection "model.bcb_analytics.fct_exchange_rate"
[0m12:40:10.498373 [debug] [Thread-4 (]: On model.bcb_analytics.fct_economic_activity: /* {"app": "dbt", "dbt_version": "1.12.3", "profile_name": "bcb_analytics", "target_name": "dev", "node_id": "model.bcb_analytics.fct_economic_activity"} */

  
    

  create  table "bcb"."analytics"."fct_economic_activity__dbt_tmp"
  
  
    as
  
  (
    -- Create analytical indicators for economic activity.
-- Monthly-over-month (MoM) and year-over-year (YoY)
-- growth rates are calculated from the monthly series.

with base as (

    select

        reference_date,

        atividade_economica,
        atividade_agropecuaria,
        atividade_industria,
        atividade_servicos,
        atividade_impostos

    from "bcb"."analytics"."stg_macro_monthly"

),

features as (

    select

        *,

        -- Monthly-over-month economic activity growth
        (
            atividade_economica /
            lag(atividade_economica) over (
                order by reference_date
            ) - 1
        ) * 100 as atividade_economica_mom,

        -- Year-over-year economic activity growth
        (
            atividade_economica /
            lag(atividade_economica, 12) over (
                order by reference_date
            ) - 1
        ) * 100 as atividade_economica_yoy,

        -- Year-over-year industrial activity growth
        (
            atividade_industria /
            lag(atividade_industria, 12) over (
                order by reference_date
            ) - 1
        ) * 100 as industria_yoy,

        -- Year-over-year services activity growth
        (
            atividade_servicos /
            lag(atividade_servicos, 12) over (
                order by reference_date
            ) - 1
        ) * 100 as servicos_yoy

    from base

)

select *

from features
  );
  
[0m12:40:10.499173 [debug] [Thread-2 (]: On model.bcb_analytics.fct_exchange_rate: /* {"app": "dbt", "dbt_version": "1.12.3", "profile_name": "bcb_analytics", "target_name": "dev", "node_id": "model.bcb_analytics.fct_exchange_rate"} */

  
    

  create  table "bcb"."analytics"."fct_exchange_rate__dbt_tmp"
  
  
    as
  
  (
    -- Create analytical indicators for the BRL/USD exchange rate.
-- Daily exchange rate series have already been aggregated
-- to monthly averages by Spark.

select

    reference_date,

    dolar_compra,

    dolar_venda,

    -- Average between the purchase and selling exchange rates
    (dolar_compra + dolar_venda) / 2 as dolar_medio,

    -- Difference between selling and purchase rates
    dolar_venda - dolar_compra as spread_cambio,

    -- Absolute monthly change in the selling exchange rate
    dolar_venda
        - lag(dolar_venda) over (
            order by reference_date
        ) as cambio_change,

    -- Monthly-over-month exchange rate growth
    (
        dolar_venda /
        lag(dolar_venda) over (
            order by reference_date
        ) - 1
    ) * 100 as cambio_mom,

    -- Year-over-year exchange rate growth
    (
        dolar_venda /
        lag(dolar_venda, 12) over (
            order by reference_date
        ) - 1
    ) * 100 as cambio_yoy

from "bcb"."analytics"."stg_macro_monthly"
  );
  
[0m12:40:10.499972 [debug] [Thread-1 (]: Using postgres connection "model.bcb_analytics.fct_monetary_policy"
[0m12:40:10.500272 [debug] [Thread-4 (]: Opening a new connection, currently in state init
[0m12:40:10.500945 [debug] [Thread-2 (]: Opening a new connection, currently in state init
[0m12:40:10.501679 [debug] [Thread-1 (]: On model.bcb_analytics.fct_monetary_policy: /* {"app": "dbt", "dbt_version": "1.12.3", "profile_name": "bcb_analytics", "target_name": "dev", "node_id": "model.bcb_analytics.fct_monetary_policy"} */

  
    

  create  table "bcb"."analytics"."fct_monetary_policy__dbt_tmp"
  
  
    as
  
  (
    -- Create analytical indicators related to monetary policy.
-- The model derives changes in the Selic rate and the spread
-- between the effective Selic rate and its target.

select

    reference_date,

    selic,

    selic_meta,

    -- Difference between the effective Selic rate and its target
    selic - selic_meta as selic_spread,

    -- Selic rate from the previous month
    lag(selic) over (
        order by reference_date
    ) as selic_previous_month,

    -- Absolute monthly change in the Selic rate
    selic - lag(selic) over (
        order by reference_date
    ) as selic_change,

    -- Selic target from the previous month
    lag(selic_meta) over (
        order by reference_date
    ) as selic_meta_previous_month,

    -- Absolute monthly change in the Selic target
    selic_meta - lag(selic_meta) over (
        order by reference_date
    ) as selic_meta_change

from "bcb"."analytics"."stg_macro_monthly"
  );
  
[0m12:40:10.502815 [debug] [Thread-3 (]: Postgres adapter: Postgres error: column "reference_date" does not exist
LINE 18:     reference_date,
             ^

[0m12:40:10.503693 [debug] [Thread-1 (]: Opening a new connection, currently in state closed
[0m12:40:10.504562 [debug] [Thread-3 (]: On model.bcb_analytics.fct_credit_pf: ROLLBACK
[0m12:40:10.506422 [debug] [Thread-3 (]: On model.bcb_analytics.fct_credit_pf: Close
[0m12:40:10.510380 [debug] [Thread-4 (]: Postgres adapter: Postgres error: column "reference_date" does not exist
LINE 20:         reference_date,
                 ^

[0m12:40:10.511384 [debug] [Thread-4 (]: On model.bcb_analytics.fct_economic_activity: ROLLBACK
[0m12:40:10.511864 [debug] [Thread-2 (]: Postgres adapter: Postgres error: column "reference_date" does not exist
LINE 18:     reference_date,
             ^

[0m12:40:10.512476 [debug] [Thread-1 (]: Postgres adapter: Postgres error: column "reference_date" does not exist
LINE 18:     reference_date,
             ^

[0m12:40:10.512975 [debug] [Thread-4 (]: On model.bcb_analytics.fct_economic_activity: Close
[0m12:40:10.513327 [debug] [Thread-2 (]: On model.bcb_analytics.fct_exchange_rate: ROLLBACK
[0m12:40:10.514084 [debug] [Thread-1 (]: On model.bcb_analytics.fct_monetary_policy: ROLLBACK
[0m12:40:10.516079 [debug] [Thread-2 (]: On model.bcb_analytics.fct_exchange_rate: Close
[0m12:40:10.518094 [debug] [Thread-3 (]: Database Error in model fct_credit_pf (models/marts/credit/fct_credit_pf.sql)
  column "reference_date" does not exist
  LINE 18:     reference_date,
               ^
  compiled code at target/run/bcb_analytics/models/marts/credit/fct_credit_pf.sql
[0m12:40:10.518673 [debug] [Thread-1 (]: On model.bcb_analytics.fct_monetary_policy: Close
[0m12:40:10.519653 [debug] [Thread-4 (]: Database Error in model fct_economic_activity (models/marts/macro/fct_economic_activity.sql)
  column "reference_date" does not exist
  LINE 20:         reference_date,
                   ^
  compiled code at target/run/bcb_analytics/models/marts/macro/fct_economic_activity.sql
[0m12:40:10.521577 [debug] [Thread-3 (]: Sending event: {'category': 'dbt', 'action': 'run_model', 'label': 'a0895b25-9e44-4b8b-94dd-74bb781bdb87', 'context': [<snowplow_tracker.self_describing_json.SelfDescribingJson object at 0x75c433b85490>]}
[0m12:40:10.522739 [debug] [Thread-2 (]: Database Error in model fct_exchange_rate (models/marts/macro/fct_exchange_rate.sql)
  column "reference_date" does not exist
  LINE 18:     reference_date,
               ^
  compiled code at target/run/bcb_analytics/models/marts/macro/fct_exchange_rate.sql
[0m12:40:10.524500 [debug] [Thread-1 (]: Database Error in model fct_monetary_policy (models/marts/macro/fct_monetary_policy.sql)
  column "reference_date" does not exist
  LINE 18:     reference_date,
               ^
  compiled code at target/run/bcb_analytics/models/marts/macro/fct_monetary_policy.sql
[0m12:40:10.524924 [debug] [Thread-4 (]: Sending event: {'category': 'dbt', 'action': 'run_model', 'label': 'a0895b25-9e44-4b8b-94dd-74bb781bdb87', 'context': [<snowplow_tracker.self_describing_json.SelfDescribingJson object at 0x75c433b864e0>]}
[0m12:40:10.525892 [error] [Thread-3 (]: 2 of 6 ERROR creating sql table model analytics.fct_credit_pf .................. [[31mERROR[0m in 0.10s]
[0m12:40:10.526824 [debug] [Thread-2 (]: Sending event: {'category': 'dbt', 'action': 'run_model', 'label': 'a0895b25-9e44-4b8b-94dd-74bb781bdb87', 'context': [<snowplow_tracker.self_describing_json.SelfDescribingJson object at 0x75c433b32de0>]}
[0m12:40:10.527645 [debug] [Thread-1 (]: Sending event: {'category': 'dbt', 'action': 'run_model', 'label': 'a0895b25-9e44-4b8b-94dd-74bb781bdb87', 'context': [<snowplow_tracker.self_describing_json.SelfDescribingJson object at 0x75c433b5e480>]}
[0m12:40:10.528561 [error] [Thread-4 (]: 3 of 6 ERROR creating sql table model analytics.fct_economic_activity .......... [[31mERROR[0m in 0.10s]
[0m12:40:10.529392 [debug] [Thread-3 (]: Finished running node model.bcb_analytics.fct_credit_pf
[0m12:40:10.530463 [error] [Thread-2 (]: 4 of 6 ERROR creating sql table model analytics.fct_exchange_rate .............. [[31mERROR[0m in 0.10s]
[0m12:40:10.531671 [error] [Thread-1 (]: 5 of 6 ERROR creating sql table model analytics.fct_monetary_policy ............ [[31mERROR[0m in 0.10s]
[0m12:40:10.532679 [debug] [Thread-4 (]: Finished running node model.bcb_analytics.fct_economic_activity
[0m12:40:10.533598 [debug] [Thread-3 (]: Began running node model.bcb_analytics.mart_macro_credit_features
[0m12:40:10.534131 [debug] [Thread-7 (]: Marking all children of 'model.bcb_analytics.fct_credit_pf' to be skipped because of status 'error'.  Reason: Database Error in model fct_credit_pf (models/marts/credit/fct_credit_pf.sql)
  column "reference_date" does not exist
  LINE 18:     reference_date,
               ^
  compiled code at target/run/bcb_analytics/models/marts/credit/fct_credit_pf.sql.
[0m12:40:10.534668 [debug] [Thread-2 (]: Finished running node model.bcb_analytics.fct_exchange_rate
[0m12:40:10.535563 [debug] [Thread-1 (]: Finished running node model.bcb_analytics.fct_monetary_policy
[0m12:40:10.537207 [info ] [Thread-3 (]: 6 of 6 START sql table model analytics.mart_macro_credit_features .............. [RUN]
[0m12:40:10.538647 [debug] [Thread-7 (]: Marking all children of 'model.bcb_analytics.fct_economic_activity' to be skipped because of status 'error'.  Reason: Database Error in model fct_economic_activity (models/marts/macro/fct_economic_activity.sql)
  column "reference_date" does not exist
  LINE 20:         reference_date,
                   ^
  compiled code at target/run/bcb_analytics/models/marts/macro/fct_economic_activity.sql.
[0m12:40:10.540739 [debug] [Thread-3 (]: Re-using an available connection from the pool (formerly model.bcb_analytics.fct_credit_pf, now model.bcb_analytics.mart_macro_credit_features)
[0m12:40:10.541947 [debug] [Thread-7 (]: Marking all children of 'model.bcb_analytics.fct_exchange_rate' to be skipped because of status 'error'.  Reason: Database Error in model fct_exchange_rate (models/marts/macro/fct_exchange_rate.sql)
  column "reference_date" does not exist
  LINE 18:     reference_date,
               ^
  compiled code at target/run/bcb_analytics/models/marts/macro/fct_exchange_rate.sql.
[0m12:40:10.542904 [debug] [Thread-3 (]: Began compiling node model.bcb_analytics.mart_macro_credit_features
[0m12:40:10.543762 [debug] [Thread-7 (]: Marking all children of 'model.bcb_analytics.fct_monetary_policy' to be skipped because of status 'error'.  Reason: Database Error in model fct_monetary_policy (models/marts/macro/fct_monetary_policy.sql)
  column "reference_date" does not exist
  LINE 18:     reference_date,
               ^
  compiled code at target/run/bcb_analytics/models/marts/macro/fct_monetary_policy.sql.
[0m12:40:10.546450 [debug] [Thread-3 (]: Writing injected SQL for node "model.bcb_analytics.mart_macro_credit_features"
[0m12:40:10.558582 [debug] [Thread-3 (]: Began executing node model.bcb_analytics.mart_macro_credit_features
[0m12:40:10.562561 [debug] [Thread-3 (]: Writing runtime sql for node "model.bcb_analytics.mart_macro_credit_features"
[0m12:40:10.574310 [debug] [Thread-3 (]: Using postgres connection "model.bcb_analytics.mart_macro_credit_features"
[0m12:40:10.575182 [debug] [Thread-3 (]: On model.bcb_analytics.mart_macro_credit_features: /* {"app": "dbt", "dbt_version": "1.12.3", "profile_name": "bcb_analytics", "target_name": "dev", "node_id": "model.bcb_analytics.mart_macro_credit_features"} */

  
    

  create  table "bcb"."analytics"."mart_macro_credit_features__dbt_tmp"
  
  
    as
  
  (
    -- Create a feature dataset for statistical and machine learning models.
-- Lagged macroeconomic variables are included to capture potential
-- delayed effects of economic conditions on credit risk.

select

    reference_date,

    selic,
    selic_meta,

    -- Lagged Selic features
    lag(selic, 1) over (
        order by reference_date
    ) as selic_lag_1,

    lag(selic, 3) over (
        order by reference_date
    ) as selic_lag_3,

    lag(selic, 6) over (
        order by reference_date
    ) as selic_lag_6,

    lag(selic, 12) over (
        order by reference_date
    ) as selic_lag_12,

    ipca,

    atividade_economica,

    dolar_venda,

    credito_concedido_pf,

    taxa_credito_pf,

    inadimplencia_pf,

    -- Lagged default rate features
    lag(inadimplencia_pf, 1) over (
        order by reference_date
    ) as inadimplencia_lag_1,

    lag(inadimplencia_pf, 3) over (
        order by reference_date
    ) as inadimplencia_lag_3

from "bcb"."analytics"."stg_macro_monthly"
  );
  
[0m12:40:10.575984 [debug] [Thread-3 (]: Opening a new connection, currently in state closed
[0m12:40:10.582387 [debug] [Thread-3 (]: Postgres adapter: Postgres error: column "reference_date" does not exist
LINE 18:     reference_date,
             ^

[0m12:40:10.583202 [debug] [Thread-3 (]: On model.bcb_analytics.mart_macro_credit_features: ROLLBACK
[0m12:40:10.584053 [debug] [Thread-3 (]: On model.bcb_analytics.mart_macro_credit_features: Close
[0m12:40:10.586425 [debug] [Thread-3 (]: Database Error in model mart_macro_credit_features (models/marts/ml/mart_macro_credit_features.sql)
  column "reference_date" does not exist
  LINE 18:     reference_date,
               ^
  compiled code at target/run/bcb_analytics/models/marts/ml/mart_macro_credit_features.sql
[0m12:40:10.587556 [debug] [Thread-3 (]: Sending event: {'category': 'dbt', 'action': 'run_model', 'label': 'a0895b25-9e44-4b8b-94dd-74bb781bdb87', 'context': [<snowplow_tracker.self_describing_json.SelfDescribingJson object at 0x75c433b87c50>]}
[0m12:40:10.588530 [error] [Thread-3 (]: 6 of 6 ERROR creating sql table model analytics.mart_macro_credit_features ..... [[31mERROR[0m in 0.05s]
[0m12:40:10.589617 [debug] [Thread-3 (]: Finished running node model.bcb_analytics.mart_macro_credit_features
[0m12:40:10.590648 [debug] [Thread-7 (]: Marking all children of 'model.bcb_analytics.mart_macro_credit_features' to be skipped because of status 'error'.  Reason: Database Error in model mart_macro_credit_features (models/marts/ml/mart_macro_credit_features.sql)
  column "reference_date" does not exist
  LINE 18:     reference_date,
               ^
  compiled code at target/run/bcb_analytics/models/marts/ml/mart_macro_credit_features.sql.
[0m12:40:10.592674 [debug] [MainThread]: On master: COMMIT
[0m12:40:10.593320 [debug] [MainThread]: Using postgres connection "master"
[0m12:40:10.593903 [debug] [MainThread]: On master: COMMIT
[0m12:40:10.594428 [debug] [MainThread]: Opening a new connection, currently in state closed
[0m12:40:10.600650 [debug] [MainThread]: SQL status: COMMIT in 0.006 seconds
[0m12:40:10.601511 [debug] [MainThread]: On master: Close
[0m12:40:10.602286 [debug] [MainThread]: Connection 'master' was properly closed.
[0m12:40:10.602885 [debug] [MainThread]: Connection 'model.bcb_analytics.fct_monetary_policy' was properly closed.
[0m12:40:10.603404 [debug] [MainThread]: Connection 'model.bcb_analytics.mart_macro_credit_features' was properly closed.
[0m12:40:10.603952 [debug] [MainThread]: Connection 'model.bcb_analytics.fct_economic_activity' was properly closed.
[0m12:40:10.604442 [debug] [MainThread]: Connection 'model.bcb_analytics.fct_exchange_rate' was properly closed.
[0m12:40:10.605211 [info ] [MainThread]: 
[0m12:40:10.606067 [info ] [MainThread]: Finished running 5 table models, 1 view model in 0 hours 0 minutes and 0.53 seconds (0.53s).
[0m12:40:10.607884 [debug] [MainThread]: Command end result
[0m12:40:10.689135 [debug] [MainThread]: Wrote artifact WritableManifest to /usr/app/dbt/target/manifest.json
[0m12:40:10.813316 [debug] [MainThread]: Wrote artifact SemanticManifest to /usr/app/dbt/target/semantic_manifest.json
[0m12:40:10.849436 [debug] [MainThread]: Wrote artifact OsiDocument to /usr/app/dbt/target/osi_document.json
[0m12:40:10.860471 [debug] [MainThread]: Wrote artifact RunExecutionResult to /usr/app/dbt/target/run_results.json
[0m12:40:10.861249 [info ] [MainThread]: 
[0m12:40:10.862097 [info ] [MainThread]: [31mCompleted with 5 errors, 0 partial successes, and 0 warnings:[0m
[0m12:40:10.863090 [info ] [MainThread]: 
[0m12:40:10.864181 [error] [MainThread]: [[31mERROR[0m]: in model fct_credit_pf (models/marts/credit/fct_credit_pf.sql)
[0m12:40:10.865219 [error] [MainThread]:   Database Error in model fct_credit_pf (models/marts/credit/fct_credit_pf.sql)
  column "reference_date" does not exist
  LINE 18:     reference_date,
               ^
  compiled code at target/run/bcb_analytics/models/marts/credit/fct_credit_pf.sql
[0m12:40:10.866737 [info ] [MainThread]: 
[0m12:40:10.867842 [info ] [MainThread]:   compiled code at target/compiled/bcb_analytics/models/marts/credit/fct_credit_pf.sql
[0m12:40:10.868688 [info ] [MainThread]: 
[0m12:40:10.869492 [error] [MainThread]: [[31mERROR[0m]: in model fct_economic_activity (models/marts/macro/fct_economic_activity.sql)
[0m12:40:10.870390 [error] [MainThread]:   Database Error in model fct_economic_activity (models/marts/macro/fct_economic_activity.sql)
  column "reference_date" does not exist
  LINE 20:         reference_date,
                   ^
  compiled code at target/run/bcb_analytics/models/marts/macro/fct_economic_activity.sql
[0m12:40:10.871106 [info ] [MainThread]: 
[0m12:40:10.871865 [info ] [MainThread]:   compiled code at target/compiled/bcb_analytics/models/marts/macro/fct_economic_activity.sql
[0m12:40:10.872572 [info ] [MainThread]: 
[0m12:40:10.873353 [error] [MainThread]: [[31mERROR[0m]: in model fct_exchange_rate (models/marts/macro/fct_exchange_rate.sql)
[0m12:40:10.874289 [error] [MainThread]:   Database Error in model fct_exchange_rate (models/marts/macro/fct_exchange_rate.sql)
  column "reference_date" does not exist
  LINE 18:     reference_date,
               ^
  compiled code at target/run/bcb_analytics/models/marts/macro/fct_exchange_rate.sql
[0m12:40:10.875020 [info ] [MainThread]: 
[0m12:40:10.875772 [info ] [MainThread]:   compiled code at target/compiled/bcb_analytics/models/marts/macro/fct_exchange_rate.sql
[0m12:40:10.876594 [info ] [MainThread]: 
[0m12:40:10.877479 [error] [MainThread]: [[31mERROR[0m]: in model fct_monetary_policy (models/marts/macro/fct_monetary_policy.sql)
[0m12:40:10.878430 [error] [MainThread]:   Database Error in model fct_monetary_policy (models/marts/macro/fct_monetary_policy.sql)
  column "reference_date" does not exist
  LINE 18:     reference_date,
               ^
  compiled code at target/run/bcb_analytics/models/marts/macro/fct_monetary_policy.sql
[0m12:40:10.879939 [info ] [MainThread]: 
[0m12:40:10.881041 [info ] [MainThread]:   compiled code at target/compiled/bcb_analytics/models/marts/macro/fct_monetary_policy.sql
[0m12:40:10.881947 [info ] [MainThread]: 
[0m12:40:10.882817 [error] [MainThread]: [[31mERROR[0m]: in model mart_macro_credit_features (models/marts/ml/mart_macro_credit_features.sql)
[0m12:40:10.883735 [error] [MainThread]:   Database Error in model mart_macro_credit_features (models/marts/ml/mart_macro_credit_features.sql)
  column "reference_date" does not exist
  LINE 18:     reference_date,
               ^
  compiled code at target/run/bcb_analytics/models/marts/ml/mart_macro_credit_features.sql
[0m12:40:10.884971 [info ] [MainThread]: 
[0m12:40:10.885964 [info ] [MainThread]:   compiled code at target/compiled/bcb_analytics/models/marts/ml/mart_macro_credit_features.sql
[0m12:40:10.887129 [info ] [MainThread]: 
[0m12:40:10.888387 [info ] [MainThread]: Done. PASS=1 WARN=0 ERROR=5 SKIP=0 NO-OP=0 REUSED=0 TOTAL=6
[0m12:40:10.890566 [debug] [MainThread]: Resource report: {"command_name": "build", "command_success": false, "command_wall_clock_time": 3.2550714, "process_in_blocks": "140947", "process_kernel_time": 0.437725, "process_mem_max_rss": "147684", "process_out_blocks": "2200", "process_user_time": 3.199372}
[0m12:40:10.891554 [debug] [MainThread]: Command `dbt build` failed at 12:40:10.891423 after 3.26 seconds
[0m12:40:10.892819 [debug] [MainThread]: Sending event: {'category': 'dbt', 'action': 'invocation', 'label': 'end', 'context': [<snowplow_tracker.self_describing_json.SelfDescribingJson object at 0x75c43da64710>, <snowplow_tracker.self_describing_json.SelfDescribingJson object at 0x75c43da67aa0>, <snowplow_tracker.self_describing_json.SelfDescribingJson object at 0x75c43da647d0>]}
[0m12:40:10.893896 [debug] [MainThread]: Flushing usage events
[0m12:40:11.642814 [debug] [MainThread]: An error was encountered while trying to flush usage events
[0m13:27:24.647536 [debug] [MainThread]: Sending event: {'category': 'dbt', 'action': 'invocation', 'label': 'start', 'context': [<snowplow_tracker.self_describing_json.SelfDescribingJson object at 0x79bce5d25700>, <snowplow_tracker.self_describing_json.SelfDescribingJson object at 0x79bce7c11160>, <snowplow_tracker.self_describing_json.SelfDescribingJson object at 0x79bce5d25ac0>]}


============================== 13:27:24.655090 | eb50a35e-a8ec-4dc6-a88f-30f85eb3c8b8 ==============================
[0m13:27:24.655090 [info ] [MainThread]: Running with dbt=1.12.3
[0m13:27:24.656138 [debug] [MainThread]: running dbt with arguments {'use_experimental_parser': 'False', 'fail_fast': 'False', 'warn_error': 'None', 'no_print': 'None', 'partial_parse': 'True', 'profiles_dir': '/usr/app/dbt', 'write_json': 'True', 'introspect': 'True', 'version_check': 'True', 'debug': 'False', 'log_path': '/usr/app/dbt/logs', 'send_anonymous_usage_stats': 'True', 'empty': 'False', 'use_colors': 'True', 'quiet': 'False', 'log_format': 'default', 'maximum_seed_size_mib': '1', 'warn_error_options': 'WarnErrorOptionsV2(error=[], warn=[], silence=[])', 'cache_selected_only': 'False', 'invocation_command': 'dbt build', 'static_parser': 'True', 'hints_enabled': 'True', 'log_cache_events': 'False', 'target_path': 'None', 'indirect_selection': 'eager', 'printer_width': '80'}
[0m13:27:24.850428 [debug] [MainThread]: Sending event: {'category': 'dbt', 'action': 'project_id', 'label': 'eb50a35e-a8ec-4dc6-a88f-30f85eb3c8b8', 'context': [<snowplow_tracker.self_describing_json.SelfDescribingJson object at 0x79bce90b9670>]}
[0m13:27:24.911294 [debug] [MainThread]: Sending event: {'category': 'dbt', 'action': 'adapter_info', 'label': 'eb50a35e-a8ec-4dc6-a88f-30f85eb3c8b8', 'context': [<snowplow_tracker.self_describing_json.SelfDescribingJson object at 0x79bce4d60140>]}
[0m13:27:24.914177 [info ] [MainThread]: Registered adapter: postgres=1.11.0
[0m13:27:24.987781 [debug] [MainThread]: checksum: 93f3c84ce504663c4776f7735972647e04db2733b90ae0c7a023176aa6e7f35b, vars: {}, profile: bcb_analytics, target: dev, version: 1.12.3
[0m13:27:25.244508 [debug] [MainThread]: Partial parsing enabled: 0 files deleted, 0 files added, 5 files changed.
[0m13:27:25.245674 [debug] [MainThread]: Partial parsing: updated file: bcb_analytics://models/marts/macro/fct_monetary_policy.sql
[0m13:27:25.247107 [debug] [MainThread]: Partial parsing: updated file: bcb_analytics://models/marts/macro/fct_exchange_rate.sql
[0m13:27:25.249352 [debug] [MainThread]: Partial parsing: updated file: bcb_analytics://models/marts/credit/fct_credit_pf.sql
[0m13:27:25.250639 [debug] [MainThread]: Partial parsing: updated file: bcb_analytics://models/marts/ml/mart_macro_credit_features.sql
[0m13:27:25.251448 [debug] [MainThread]: Partial parsing: updated file: bcb_analytics://models/marts/macro/fct_economic_activity.sql
[0m13:27:25.764614 [debug] [MainThread]: Sending event: {'category': 'dbt', 'action': 'load_project', 'label': 'eb50a35e-a8ec-4dc6-a88f-30f85eb3c8b8', 'context': [<snowplow_tracker.self_describing_json.SelfDescribingJson object at 0x79bce355d1f0>]}
[0m13:27:25.915859 [debug] [MainThread]: Wrote artifact WritableManifest to /usr/app/dbt/target/manifest.json
[0m13:27:25.976374 [debug] [MainThread]: Wrote artifact SemanticManifest to /usr/app/dbt/target/semantic_manifest.json
[0m13:27:26.038981 [debug] [MainThread]: Wrote artifact OsiDocument to /usr/app/dbt/target/osi_document.json
[0m13:27:26.083907 [debug] [MainThread]: Sending event: {'category': 'dbt', 'action': 'resource_counts', 'label': 'eb50a35e-a8ec-4dc6-a88f-30f85eb3c8b8', 'context': [<snowplow_tracker.self_describing_json.SelfDescribingJson object at 0x79bce355f5c0>]}
[0m13:27:26.084937 [info ] [MainThread]: Found 6 models, 1 source, 477 macros
[0m13:27:26.087544 [info ] [MainThread]: 
[0m13:27:26.088474 [info ] [MainThread]: Concurrency: 4 threads (target='dev')
[0m13:27:26.089203 [info ] [MainThread]: 
[0m13:27:26.090157 [debug] [MainThread]: Acquiring new postgres connection 'master'
[0m13:27:26.094402 [debug] [ThreadPool]: Acquiring new postgres connection 'list_bcb'
[0m13:27:26.134054 [debug] [ThreadPool]: Using postgres connection "list_bcb"
[0m13:27:26.135044 [debug] [ThreadPool]: On list_bcb: /* {"app": "dbt", "dbt_version": "1.12.3", "profile_name": "bcb_analytics", "target_name": "dev", "connection_name": "list_bcb"} */

    select distinct nspname from pg_namespace
  
[0m13:27:26.135847 [debug] [ThreadPool]: Opening a new connection, currently in state init
[0m13:27:26.145478 [debug] [ThreadPool]: SQL status: SELECT 5 in 0.010 seconds
[0m13:27:26.147430 [debug] [ThreadPool]: On list_bcb: Close
[0m13:27:26.148830 [debug] [ThreadPool]: Re-using an available connection from the pool (formerly list_bcb, now create_bcb_analytics)
[0m13:27:26.149817 [debug] [ThreadPool]: Creating schema "database: "bcb"
schema: "analytics"
"
[0m13:27:26.154285 [debug] [ThreadPool]: Using postgres connection "create_bcb_analytics"
[0m13:27:26.155298 [debug] [ThreadPool]: On create_bcb_analytics: /* {"app": "dbt", "dbt_version": "1.12.3", "profile_name": "bcb_analytics", "target_name": "dev", "connection_name": "create_bcb_analytics"} */
create schema if not exists "analytics"
[0m13:27:26.156014 [debug] [ThreadPool]: Opening a new connection, currently in state closed
[0m13:27:26.162763 [debug] [ThreadPool]: SQL status: CREATE SCHEMA in 0.007 seconds
[0m13:27:26.164476 [debug] [ThreadPool]: On create_bcb_analytics: COMMIT
[0m13:27:26.165541 [debug] [ThreadPool]: Using postgres connection "create_bcb_analytics"
[0m13:27:26.166473 [debug] [ThreadPool]: On create_bcb_analytics: COMMIT
[0m13:27:26.168662 [debug] [ThreadPool]: SQL status: COMMIT in 0.001 seconds
[0m13:27:26.169460 [debug] [ThreadPool]: On create_bcb_analytics: Close
[0m13:27:26.171386 [debug] [ThreadPool]: Re-using an available connection from the pool (formerly create_bcb_analytics, now list_bcb_analytics)
[0m13:27:26.176306 [debug] [ThreadPool]: Using postgres connection "list_bcb_analytics"
[0m13:27:26.177190 [debug] [ThreadPool]: On list_bcb_analytics: /* {"app": "dbt", "dbt_version": "1.12.3", "profile_name": "bcb_analytics", "target_name": "dev", "connection_name": "list_bcb_analytics"} */
select
      'bcb' as database,
      tablename as name,
      schemaname as schema,
      'table' as type
    from pg_tables
    where schemaname ilike 'analytics'
    union all
    select
      'bcb' as database,
      viewname as name,
      schemaname as schema,
      'view' as type
    from pg_views
    where schemaname ilike 'analytics'
    union all
    select
      'bcb' as database,
      matviewname as name,
      schemaname as schema,
      'materialized_view' as type
    from pg_matviews
    where schemaname ilike 'analytics'
    union all
    select distinct
     'bcb' as database,
     proname as name,
     ns.nspname as schema,
     'function' as type
    from pg_proc
     join pg_namespace as ns on pronamespace = ns.oid
    where ns.nspname ilike 'analytics'
  
[0m13:27:26.177961 [debug] [ThreadPool]: Opening a new connection, currently in state closed
[0m13:27:26.188890 [debug] [ThreadPool]: SQL status: SELECT 0 in 0.011 seconds
[0m13:27:26.190591 [debug] [ThreadPool]: On list_bcb_analytics: ROLLBACK
[0m13:27:26.192020 [debug] [ThreadPool]: On list_bcb_analytics: Close
[0m13:27:26.196989 [debug] [MainThread]: Using postgres connection "master"
[0m13:27:26.198088 [debug] [MainThread]: On master: /* {"app": "dbt", "dbt_version": "1.12.3", "profile_name": "bcb_analytics", "target_name": "dev", "connection_name": "master"} */
select distinct
        dependent_namespace.nspname as dependent_schema,
        dependent_class.relname as dependent_name,
        referenced_namespace.nspname as referenced_schema,
        referenced_class.relname as referenced_name

    -- Query for views: views are entries in pg_class with an entry in pg_rewrite, but we avoid
    -- a seq scan on pg_rewrite by leveraging the fact there is an "internal" row in pg_depend for
    -- the view...
    from pg_class as dependent_class
    join pg_namespace as dependent_namespace on dependent_namespace.oid = dependent_class.relnamespace
    join pg_depend as dependent_depend on dependent_depend.refobjid = dependent_class.oid
        and dependent_depend.classid = 'pg_rewrite'::regclass
        and dependent_depend.refclassid = 'pg_class'::regclass
        and dependent_depend.deptype = 'i'

    -- ... and via pg_depend (that has a row per column, hence the need for "distinct" above, and
    -- making sure to exclude the internal row to avoid a view appearing to depend on itself)...
    join pg_depend as joining_depend on joining_depend.objid = dependent_depend.objid
        and joining_depend.classid = 'pg_rewrite'::regclass
        and joining_depend.refclassid = 'pg_class'::regclass
        and joining_depend.refobjid != dependent_depend.refobjid

    -- ... we can find the tables they query from in pg_class, but excluding system tables. Note we
    -- don't need need to exclude _dependent_ system tables, because they only query from other
    -- system tables, and so are automatically excluded by excluding _referenced_ system tables
    join pg_class as referenced_class on referenced_class.oid = joining_depend.refobjid
    join pg_namespace as referenced_namespace on referenced_namespace.oid = referenced_class.relnamespace
        and referenced_namespace.nspname != 'information_schema'
        and referenced_namespace.nspname not like 'pg\_%'

    order by
        dependent_schema, dependent_name, referenced_schema, referenced_name;
[0m13:27:26.198965 [debug] [MainThread]: Opening a new connection, currently in state init
[0m13:27:26.208083 [debug] [MainThread]: SQL status: SELECT 0 in 0.009 seconds
[0m13:27:26.209821 [debug] [MainThread]: Sending event: {'category': 'dbt', 'action': 'runnable_timing', 'label': 'eb50a35e-a8ec-4dc6-a88f-30f85eb3c8b8', 'context': [<snowplow_tracker.self_describing_json.SelfDescribingJson object at 0x79bce8f79130>]}
[0m13:27:26.210677 [debug] [MainThread]: On master: ROLLBACK
[0m13:27:26.211510 [debug] [MainThread]: On master: COMMIT
[0m13:27:26.212251 [debug] [MainThread]: Using postgres connection "master"
[0m13:27:26.212949 [debug] [MainThread]: On master: COMMIT
[0m13:27:26.213932 [debug] [MainThread]: SQL status: COMMIT in 0.000 seconds
[0m13:27:26.214672 [debug] [MainThread]: On master: Close
[0m13:27:26.221416 [debug] [Thread-1 (]: Began running node model.bcb_analytics.stg_macro_monthly
[0m13:27:26.222502 [info ] [Thread-1 (]: 1 of 6 START sql view model analytics.stg_macro_monthly ........................ [RUN]
[0m13:27:26.223419 [debug] [Thread-1 (]: Re-using an available connection from the pool (formerly list_bcb_analytics, now model.bcb_analytics.stg_macro_monthly)
[0m13:27:26.224106 [debug] [Thread-1 (]: Began compiling node model.bcb_analytics.stg_macro_monthly
[0m13:27:26.230541 [debug] [Thread-1 (]: Writing injected SQL for node "model.bcb_analytics.stg_macro_monthly"
[0m13:27:26.292632 [debug] [Thread-1 (]: Began executing node model.bcb_analytics.stg_macro_monthly
[0m13:27:26.322009 [debug] [Thread-1 (]: Writing runtime sql for node "model.bcb_analytics.stg_macro_monthly"
[0m13:27:26.369209 [debug] [Thread-1 (]: Using postgres connection "model.bcb_analytics.stg_macro_monthly"
[0m13:27:26.370042 [debug] [Thread-1 (]: On model.bcb_analytics.stg_macro_monthly: /* {"app": "dbt", "dbt_version": "1.12.3", "profile_name": "bcb_analytics", "target_name": "dev", "node_id": "model.bcb_analytics.stg_macro_monthly"} */

  create view "bcb"."analytics"."stg_macro_monthly__dbt_tmp"
    
    
  as (
    -- Standardize the interface between the Spark-generated Gold layer
-- and the dbt transformation layer.

select

    *

from "bcb"."gold"."macro_monthly"
  );
[0m13:27:26.370760 [debug] [Thread-1 (]: Opening a new connection, currently in state closed
[0m13:27:26.379204 [debug] [Thread-1 (]: SQL status: CREATE VIEW in 0.008 seconds
[0m13:27:26.385347 [debug] [Thread-1 (]: Using postgres connection "model.bcb_analytics.stg_macro_monthly"
[0m13:27:26.386329 [debug] [Thread-1 (]: On model.bcb_analytics.stg_macro_monthly: /* {"app": "dbt", "dbt_version": "1.12.3", "profile_name": "bcb_analytics", "target_name": "dev", "node_id": "model.bcb_analytics.stg_macro_monthly"} */
alter table "bcb"."analytics"."stg_macro_monthly__dbt_tmp" rename to "stg_macro_monthly"
[0m13:27:26.387641 [debug] [Thread-1 (]: SQL status: ALTER TABLE in 0.001 seconds
[0m13:27:26.401780 [debug] [Thread-1 (]: On model.bcb_analytics.stg_macro_monthly: COMMIT
[0m13:27:26.402959 [debug] [Thread-1 (]: Using postgres connection "model.bcb_analytics.stg_macro_monthly"
[0m13:27:26.403813 [debug] [Thread-1 (]: On model.bcb_analytics.stg_macro_monthly: COMMIT
[0m13:27:26.406437 [debug] [Thread-1 (]: SQL status: COMMIT in 0.002 seconds
[0m13:27:26.412280 [debug] [Thread-1 (]: Applying DROP to: "bcb"."analytics"."stg_macro_monthly__dbt_backup"
[0m13:27:26.417376 [debug] [Thread-1 (]: Using postgres connection "model.bcb_analytics.stg_macro_monthly"
[0m13:27:26.418332 [debug] [Thread-1 (]: On model.bcb_analytics.stg_macro_monthly: /* {"app": "dbt", "dbt_version": "1.12.3", "profile_name": "bcb_analytics", "target_name": "dev", "node_id": "model.bcb_analytics.stg_macro_monthly"} */
drop view if exists "bcb"."analytics"."stg_macro_monthly__dbt_backup" cascade
[0m13:27:26.419622 [debug] [Thread-1 (]: SQL status: DROP VIEW in 0.000 seconds
[0m13:27:26.422779 [debug] [Thread-1 (]: On model.bcb_analytics.stg_macro_monthly: Close
[0m13:27:26.425663 [debug] [Thread-1 (]: Sending event: {'category': 'dbt', 'action': 'run_model', 'label': 'eb50a35e-a8ec-4dc6-a88f-30f85eb3c8b8', 'context': [<snowplow_tracker.self_describing_json.SelfDescribingJson object at 0x79bce90b8860>]}
[0m13:27:26.426908 [info ] [Thread-1 (]: 1 of 6 OK created sql view model analytics.stg_macro_monthly ................... [[32mCREATE VIEW[0m in 0.20s]
[0m13:27:26.428137 [debug] [Thread-1 (]: Finished running node model.bcb_analytics.stg_macro_monthly
[0m13:27:26.430008 [debug] [Thread-3 (]: Began running node model.bcb_analytics.fct_credit_pf
[0m13:27:26.430399 [debug] [Thread-4 (]: Began running node model.bcb_analytics.fct_economic_activity
[0m13:27:26.430783 [debug] [Thread-2 (]: Began running node model.bcb_analytics.fct_exchange_rate
[0m13:27:26.431091 [debug] [Thread-1 (]: Began running node model.bcb_analytics.fct_monetary_policy
[0m13:27:26.431571 [info ] [Thread-3 (]: 2 of 6 START sql table model analytics.fct_credit_pf ........................... [RUN]
[0m13:27:26.433729 [info ] [Thread-4 (]: 3 of 6 START sql table model analytics.fct_economic_activity ................... [RUN]
[0m13:27:26.435071 [info ] [Thread-2 (]: 4 of 6 START sql table model analytics.fct_exchange_rate ....................... [RUN]
[0m13:27:26.436280 [info ] [Thread-1 (]: 5 of 6 START sql table model analytics.fct_monetary_policy ..................... [RUN]
[0m13:27:26.437678 [debug] [Thread-3 (]: Acquiring new postgres connection 'model.bcb_analytics.fct_credit_pf'
[0m13:27:26.438796 [debug] [Thread-4 (]: Acquiring new postgres connection 'model.bcb_analytics.fct_economic_activity'
[0m13:27:26.440151 [debug] [Thread-2 (]: Acquiring new postgres connection 'model.bcb_analytics.fct_exchange_rate'
[0m13:27:26.441176 [debug] [Thread-1 (]: Re-using an available connection from the pool (formerly model.bcb_analytics.stg_macro_monthly, now model.bcb_analytics.fct_monetary_policy)
[0m13:27:26.442103 [debug] [Thread-3 (]: Began compiling node model.bcb_analytics.fct_credit_pf
[0m13:27:26.443032 [debug] [Thread-4 (]: Began compiling node model.bcb_analytics.fct_economic_activity
[0m13:27:26.443822 [debug] [Thread-2 (]: Began compiling node model.bcb_analytics.fct_exchange_rate
[0m13:27:26.444469 [debug] [Thread-1 (]: Began compiling node model.bcb_analytics.fct_monetary_policy
[0m13:27:26.449068 [debug] [Thread-3 (]: Writing injected SQL for node "model.bcb_analytics.fct_credit_pf"
[0m13:27:26.451648 [debug] [Thread-4 (]: Writing injected SQL for node "model.bcb_analytics.fct_economic_activity"
[0m13:27:26.453817 [debug] [Thread-2 (]: Writing injected SQL for node "model.bcb_analytics.fct_exchange_rate"
[0m13:27:26.456045 [debug] [Thread-1 (]: Writing injected SQL for node "model.bcb_analytics.fct_monetary_policy"
[0m13:27:26.465380 [debug] [Thread-1 (]: Began executing node model.bcb_analytics.fct_monetary_policy
[0m13:27:26.465904 [debug] [Thread-4 (]: Began executing node model.bcb_analytics.fct_economic_activity
[0m13:27:26.466348 [debug] [Thread-3 (]: Began executing node model.bcb_analytics.fct_credit_pf
[0m13:27:26.472466 [debug] [Thread-2 (]: Began executing node model.bcb_analytics.fct_exchange_rate
[0m13:27:26.487126 [debug] [Thread-1 (]: Writing runtime sql for node "model.bcb_analytics.fct_monetary_policy"
[0m13:27:26.489835 [debug] [Thread-4 (]: Writing runtime sql for node "model.bcb_analytics.fct_economic_activity"
[0m13:27:26.492829 [debug] [Thread-3 (]: Writing runtime sql for node "model.bcb_analytics.fct_credit_pf"
[0m13:27:26.495731 [debug] [Thread-2 (]: Writing runtime sql for node "model.bcb_analytics.fct_exchange_rate"
[0m13:27:26.506073 [debug] [Thread-2 (]: Using postgres connection "model.bcb_analytics.fct_exchange_rate"
[0m13:27:26.506734 [debug] [Thread-4 (]: Using postgres connection "model.bcb_analytics.fct_economic_activity"
[0m13:27:26.507109 [debug] [Thread-3 (]: Using postgres connection "model.bcb_analytics.fct_credit_pf"
[0m13:27:26.507477 [debug] [Thread-2 (]: On model.bcb_analytics.fct_exchange_rate: /* {"app": "dbt", "dbt_version": "1.12.3", "profile_name": "bcb_analytics", "target_name": "dev", "node_id": "model.bcb_analytics.fct_exchange_rate"} */

  
    

  create  table "bcb"."analytics"."fct_exchange_rate__dbt_tmp"
  
  
    as
  
  (
    -- Create analytical indicators for the BRL/USD exchange rate.
-- Daily exchange rate series have already been aggregated
-- to monthly averages by Spark.

select

    reference_month,

    dolar_compra,

    dolar_venda,

    -- Average between the purchase and selling exchange rates
    (dolar_compra + dolar_venda) / 2 as dolar_medio,

    -- Difference between selling and purchase rates
    dolar_venda - dolar_compra as spread_cambio,

    -- Absolute monthly change in the selling exchange rate
    dolar_venda
        - lag(dolar_venda) over (
            order by reference_month
        ) as cambio_change,

    -- Monthly-over-month exchange rate growth
    (
        dolar_venda /
        lag(dolar_venda) over (
            order by reference_month
        ) - 1
    ) * 100 as cambio_mom,

    -- Year-over-year exchange rate growth
    (
        dolar_venda /
        lag(dolar_venda, 12) over (
            order by reference_month
        ) - 1
    ) * 100 as cambio_yoy

from "bcb"."analytics"."stg_macro_monthly"
  );
  
[0m13:27:26.507849 [debug] [Thread-1 (]: Using postgres connection "model.bcb_analytics.fct_monetary_policy"
[0m13:27:26.508668 [debug] [Thread-4 (]: On model.bcb_analytics.fct_economic_activity: /* {"app": "dbt", "dbt_version": "1.12.3", "profile_name": "bcb_analytics", "target_name": "dev", "node_id": "model.bcb_analytics.fct_economic_activity"} */

  
    

  create  table "bcb"."analytics"."fct_economic_activity__dbt_tmp"
  
  
    as
  
  (
    -- Create analytical indicators for economic activity.
-- Monthly-over-month (MoM) and year-over-year (YoY)
-- growth rates are calculated from the monthly series.

with base as (

    select

        reference_month,

        atividade_economica,
        atividade_agropecuaria,
        atividade_industria,
        atividade_servicos,
        atividade_impostos

    from "bcb"."analytics"."stg_macro_monthly"

),

features as (

    select

        *,

        -- Monthly-over-month economic activity growth
        (
            atividade_economica /
            lag(atividade_economica) over (
                order by reference_month
            ) - 1
        ) * 100 as atividade_economica_mom,

        -- Year-over-year economic activity growth
        (
            atividade_economica /
            lag(atividade_economica, 12) over (
                order by reference_month
            ) - 1
        ) * 100 as atividade_economica_yoy,

        -- Year-over-year industrial activity growth
        (
            atividade_industria /
            lag(atividade_industria, 12) over (
                order by reference_month
            ) - 1
        ) * 100 as industria_yoy,

        -- Year-over-year services activity growth
        (
            atividade_servicos /
            lag(atividade_servicos, 12) over (
                order by reference_month
            ) - 1
        ) * 100 as servicos_yoy

    from base

)

select *

from features
  );
  
[0m13:27:26.509423 [debug] [Thread-3 (]: On model.bcb_analytics.fct_credit_pf: /* {"app": "dbt", "dbt_version": "1.12.3", "profile_name": "bcb_analytics", "target_name": "dev", "node_id": "model.bcb_analytics.fct_credit_pf"} */

  
    

  create  table "bcb"."analytics"."fct_credit_pf__dbt_tmp"
  
  
    as
  
  (
    -- Create analytical indicators for individual credit.
-- The model combines credit concessions, outstanding balances,
-- interest rates, and default indicators with their variations.

select

    reference_month,

    credito_concedido_pf,

    credito_livre_pf,

    saldo_credito_pessoal,

    taxa_credito_pf,

    inadimplencia_pf,

    inadimplencia_credito_pessoal_pf,

    -- Absolute monthly change in credit concessions
    credito_concedido_pf
        - lag(credito_concedido_pf) over (
            order by reference_month
        ) as credito_concedido_change,

    -- Monthly-over-month credit concession growth
    (
        credito_concedido_pf /
        lag(credito_concedido_pf) over (
            order by reference_month
        ) - 1
    ) * 100 as credito_concedido_mom,

    -- Year-over-year credit concession growth
    (
        credito_concedido_pf /
        lag(credito_concedido_pf, 12) over (
            order by reference_month
        ) - 1
    ) * 100 as credito_concedido_yoy,

    -- Absolute monthly change in the individual default rate
    inadimplencia_pf
        - lag(inadimplencia_pf) over (
            order by reference_month
        ) as inadimplencia_change

from "bcb"."analytics"."stg_macro_monthly"
  );
  
[0m13:27:26.510131 [debug] [Thread-2 (]: Opening a new connection, currently in state init
[0m13:27:26.510784 [debug] [Thread-1 (]: On model.bcb_analytics.fct_monetary_policy: /* {"app": "dbt", "dbt_version": "1.12.3", "profile_name": "bcb_analytics", "target_name": "dev", "node_id": "model.bcb_analytics.fct_monetary_policy"} */

  
    

  create  table "bcb"."analytics"."fct_monetary_policy__dbt_tmp"
  
  
    as
  
  (
    -- Create analytical indicators related to monetary policy.
-- The model derives changes in the Selic rate and the spread
-- between the effective Selic rate and its target.

select

    reference_month,

    selic,

    selic_meta,

    -- Difference between the effective Selic rate and its target
    selic - selic_meta as selic_spread,

    -- Selic rate from the previous month
    lag(selic) over (
        order by reference_month
    ) as selic_previous_month,

    -- Absolute monthly change in the Selic rate
    selic - lag(selic) over (
        order by reference_month
    ) as selic_change,

    -- Selic target from the previous month
    lag(selic_meta) over (
        order by reference_month
    ) as selic_meta_previous_month,

    -- Absolute monthly change in the Selic target
    selic_meta - lag(selic_meta) over (
        order by reference_month
    ) as selic_meta_change

from "bcb"."analytics"."stg_macro_monthly"
  );
  
[0m13:27:26.511663 [debug] [Thread-4 (]: Opening a new connection, currently in state init
[0m13:27:26.512523 [debug] [Thread-3 (]: Opening a new connection, currently in state init
[0m13:27:26.513860 [debug] [Thread-1 (]: Opening a new connection, currently in state closed
[0m13:27:26.521509 [debug] [Thread-2 (]: SQL status: SELECT 81 in 0.011 seconds
[0m13:27:26.527506 [debug] [Thread-2 (]: Using postgres connection "model.bcb_analytics.fct_exchange_rate"
[0m13:27:26.527947 [debug] [Thread-4 (]: SQL status: SELECT 81 in 0.016 seconds
[0m13:27:26.528316 [debug] [Thread-3 (]: SQL status: SELECT 81 in 0.016 seconds
[0m13:27:26.528621 [debug] [Thread-1 (]: SQL status: SELECT 81 in 0.015 seconds
[0m13:27:26.528967 [debug] [Thread-2 (]: On model.bcb_analytics.fct_exchange_rate: /* {"app": "dbt", "dbt_version": "1.12.3", "profile_name": "bcb_analytics", "target_name": "dev", "node_id": "model.bcb_analytics.fct_exchange_rate"} */
alter table "bcb"."analytics"."fct_exchange_rate__dbt_tmp" rename to "fct_exchange_rate"
[0m13:27:26.532054 [debug] [Thread-4 (]: Using postgres connection "model.bcb_analytics.fct_economic_activity"
[0m13:27:26.534531 [debug] [Thread-3 (]: Using postgres connection "model.bcb_analytics.fct_credit_pf"
[0m13:27:26.537039 [debug] [Thread-1 (]: Using postgres connection "model.bcb_analytics.fct_monetary_policy"
[0m13:27:26.538350 [debug] [Thread-2 (]: SQL status: ALTER TABLE in 0.000 seconds
[0m13:27:26.539228 [debug] [Thread-4 (]: On model.bcb_analytics.fct_economic_activity: /* {"app": "dbt", "dbt_version": "1.12.3", "profile_name": "bcb_analytics", "target_name": "dev", "node_id": "model.bcb_analytics.fct_economic_activity"} */
alter table "bcb"."analytics"."fct_economic_activity__dbt_tmp" rename to "fct_economic_activity"
[0m13:27:26.540800 [debug] [Thread-3 (]: On model.bcb_analytics.fct_credit_pf: /* {"app": "dbt", "dbt_version": "1.12.3", "profile_name": "bcb_analytics", "target_name": "dev", "node_id": "model.bcb_analytics.fct_credit_pf"} */
alter table "bcb"."analytics"."fct_credit_pf__dbt_tmp" rename to "fct_credit_pf"
[0m13:27:26.541984 [debug] [Thread-1 (]: On model.bcb_analytics.fct_monetary_policy: /* {"app": "dbt", "dbt_version": "1.12.3", "profile_name": "bcb_analytics", "target_name": "dev", "node_id": "model.bcb_analytics.fct_monetary_policy"} */
alter table "bcb"."analytics"."fct_monetary_policy__dbt_tmp" rename to "fct_monetary_policy"
[0m13:27:26.544041 [debug] [Thread-2 (]: On model.bcb_analytics.fct_exchange_rate: COMMIT
[0m13:27:26.545562 [debug] [Thread-4 (]: SQL status: ALTER TABLE in 0.000 seconds
[0m13:27:26.546292 [debug] [Thread-3 (]: SQL status: ALTER TABLE in 0.000 seconds
[0m13:27:26.547157 [debug] [Thread-1 (]: SQL status: ALTER TABLE in 0.000 seconds
[0m13:27:26.547603 [debug] [Thread-2 (]: Using postgres connection "model.bcb_analytics.fct_exchange_rate"
[0m13:27:26.549675 [debug] [Thread-4 (]: On model.bcb_analytics.fct_economic_activity: COMMIT
[0m13:27:26.551715 [debug] [Thread-3 (]: On model.bcb_analytics.fct_credit_pf: COMMIT
[0m13:27:26.554432 [debug] [Thread-1 (]: On model.bcb_analytics.fct_monetary_policy: COMMIT
[0m13:27:26.555439 [debug] [Thread-2 (]: On model.bcb_analytics.fct_exchange_rate: COMMIT
[0m13:27:26.556285 [debug] [Thread-4 (]: Using postgres connection "model.bcb_analytics.fct_economic_activity"
[0m13:27:26.557063 [debug] [Thread-3 (]: Using postgres connection "model.bcb_analytics.fct_credit_pf"
[0m13:27:26.557894 [debug] [Thread-1 (]: Using postgres connection "model.bcb_analytics.fct_monetary_policy"
[0m13:27:26.559116 [debug] [Thread-4 (]: On model.bcb_analytics.fct_economic_activity: COMMIT
[0m13:27:26.559726 [debug] [Thread-2 (]: SQL status: COMMIT in 0.001 seconds
[0m13:27:26.560051 [debug] [Thread-3 (]: On model.bcb_analytics.fct_credit_pf: COMMIT
[0m13:27:26.560785 [debug] [Thread-1 (]: On model.bcb_analytics.fct_monetary_policy: COMMIT
[0m13:27:26.563143 [debug] [Thread-2 (]: Applying DROP to: "bcb"."analytics"."fct_exchange_rate__dbt_backup"
[0m13:27:26.563621 [debug] [Thread-4 (]: SQL status: COMMIT in 0.002 seconds
[0m13:27:26.565880 [debug] [Thread-3 (]: SQL status: COMMIT in 0.001 seconds
[0m13:27:26.569421 [debug] [Thread-2 (]: Using postgres connection "model.bcb_analytics.fct_exchange_rate"
[0m13:27:26.569821 [debug] [Thread-1 (]: SQL status: COMMIT in 0.005 seconds
[0m13:27:26.571725 [debug] [Thread-4 (]: Applying DROP to: "bcb"."analytics"."fct_economic_activity__dbt_backup"
[0m13:27:26.573490 [debug] [Thread-3 (]: Applying DROP to: "bcb"."analytics"."fct_credit_pf__dbt_backup"
[0m13:27:26.574210 [debug] [Thread-2 (]: On model.bcb_analytics.fct_exchange_rate: /* {"app": "dbt", "dbt_version": "1.12.3", "profile_name": "bcb_analytics", "target_name": "dev", "node_id": "model.bcb_analytics.fct_exchange_rate"} */
drop table if exists "bcb"."analytics"."fct_exchange_rate__dbt_backup" cascade
[0m13:27:26.575732 [debug] [Thread-1 (]: Applying DROP to: "bcb"."analytics"."fct_monetary_policy__dbt_backup"
[0m13:27:26.576727 [debug] [Thread-4 (]: Using postgres connection "model.bcb_analytics.fct_economic_activity"
[0m13:27:26.577685 [debug] [Thread-3 (]: Using postgres connection "model.bcb_analytics.fct_credit_pf"
[0m13:27:26.579737 [debug] [Thread-2 (]: SQL status: DROP TABLE in 0.001 seconds
[0m13:27:26.580693 [debug] [Thread-1 (]: Using postgres connection "model.bcb_analytics.fct_monetary_policy"
[0m13:27:26.581904 [debug] [Thread-4 (]: On model.bcb_analytics.fct_economic_activity: /* {"app": "dbt", "dbt_version": "1.12.3", "profile_name": "bcb_analytics", "target_name": "dev", "node_id": "model.bcb_analytics.fct_economic_activity"} */
drop table if exists "bcb"."analytics"."fct_economic_activity__dbt_backup" cascade
[0m13:27:26.582755 [debug] [Thread-3 (]: On model.bcb_analytics.fct_credit_pf: /* {"app": "dbt", "dbt_version": "1.12.3", "profile_name": "bcb_analytics", "target_name": "dev", "node_id": "model.bcb_analytics.fct_credit_pf"} */
drop table if exists "bcb"."analytics"."fct_credit_pf__dbt_backup" cascade
[0m13:27:26.584547 [debug] [Thread-2 (]: On model.bcb_analytics.fct_exchange_rate: Close
[0m13:27:26.585270 [debug] [Thread-1 (]: On model.bcb_analytics.fct_monetary_policy: /* {"app": "dbt", "dbt_version": "1.12.3", "profile_name": "bcb_analytics", "target_name": "dev", "node_id": "model.bcb_analytics.fct_monetary_policy"} */
drop table if exists "bcb"."analytics"."fct_monetary_policy__dbt_backup" cascade
[0m13:27:26.586323 [debug] [Thread-4 (]: SQL status: DROP TABLE in 0.000 seconds
[0m13:27:26.586956 [debug] [Thread-3 (]: SQL status: DROP TABLE in 0.000 seconds
[0m13:27:26.587613 [debug] [Thread-2 (]: Sending event: {'category': 'dbt', 'action': 'run_model', 'label': 'eb50a35e-a8ec-4dc6-a88f-30f85eb3c8b8', 'context': [<snowplow_tracker.self_describing_json.SelfDescribingJson object at 0x79bce0e8d550>]}
[0m13:27:26.588292 [debug] [Thread-1 (]: SQL status: DROP TABLE in 0.000 seconds
[0m13:27:26.589463 [debug] [Thread-4 (]: On model.bcb_analytics.fct_economic_activity: Close
[0m13:27:26.590995 [debug] [Thread-3 (]: On model.bcb_analytics.fct_credit_pf: Close
[0m13:27:26.592747 [info ] [Thread-2 (]: 4 of 6 OK created sql table model analytics.fct_exchange_rate .................. [[32mSELECT 81[0m in 0.15s]
[0m13:27:26.594996 [debug] [Thread-1 (]: On model.bcb_analytics.fct_monetary_policy: Close
[0m13:27:26.596185 [debug] [Thread-4 (]: Sending event: {'category': 'dbt', 'action': 'run_model', 'label': 'eb50a35e-a8ec-4dc6-a88f-30f85eb3c8b8', 'context': [<snowplow_tracker.self_describing_json.SelfDescribingJson object at 0x79bce0de1eb0>]}
[0m13:27:26.596821 [debug] [Thread-3 (]: Sending event: {'category': 'dbt', 'action': 'run_model', 'label': 'eb50a35e-a8ec-4dc6-a88f-30f85eb3c8b8', 'context': [<snowplow_tracker.self_describing_json.SelfDescribingJson object at 0x79bce4d47590>]}
[0m13:27:26.597326 [debug] [Thread-2 (]: Finished running node model.bcb_analytics.fct_exchange_rate
[0m13:27:26.598371 [debug] [Thread-1 (]: Sending event: {'category': 'dbt', 'action': 'run_model', 'label': 'eb50a35e-a8ec-4dc6-a88f-30f85eb3c8b8', 'context': [<snowplow_tracker.self_describing_json.SelfDescribingJson object at 0x79bce0de2d20>]}
[0m13:27:26.598931 [info ] [Thread-4 (]: 3 of 6 OK created sql table model analytics.fct_economic_activity .............. [[32mSELECT 81[0m in 0.16s]
[0m13:27:26.600052 [info ] [Thread-3 (]: 2 of 6 OK created sql table model analytics.fct_credit_pf ...................... [[32mSELECT 81[0m in 0.16s]
[0m13:27:26.601151 [debug] [Thread-2 (]: Began running node model.bcb_analytics.mart_macro_credit_features
[0m13:27:26.602285 [info ] [Thread-1 (]: 5 of 6 OK created sql table model analytics.fct_monetary_policy ................ [[32mSELECT 81[0m in 0.16s]
[0m13:27:26.603353 [debug] [Thread-4 (]: Finished running node model.bcb_analytics.fct_economic_activity
[0m13:27:26.604417 [debug] [Thread-3 (]: Finished running node model.bcb_analytics.fct_credit_pf
[0m13:27:26.605915 [info ] [Thread-2 (]: 6 of 6 START sql table model analytics.mart_macro_credit_features .............. [RUN]
[0m13:27:26.607912 [debug] [Thread-1 (]: Finished running node model.bcb_analytics.fct_monetary_policy
[0m13:27:26.610765 [debug] [Thread-2 (]: Re-using an available connection from the pool (formerly model.bcb_analytics.fct_exchange_rate, now model.bcb_analytics.mart_macro_credit_features)
[0m13:27:26.612176 [debug] [Thread-2 (]: Began compiling node model.bcb_analytics.mart_macro_credit_features
[0m13:27:26.614395 [debug] [Thread-2 (]: Writing injected SQL for node "model.bcb_analytics.mart_macro_credit_features"
[0m13:27:26.621934 [debug] [Thread-2 (]: Began executing node model.bcb_analytics.mart_macro_credit_features
[0m13:27:26.626250 [debug] [Thread-2 (]: Writing runtime sql for node "model.bcb_analytics.mart_macro_credit_features"
[0m13:27:26.633372 [debug] [Thread-2 (]: Using postgres connection "model.bcb_analytics.mart_macro_credit_features"
[0m13:27:26.634561 [debug] [Thread-2 (]: On model.bcb_analytics.mart_macro_credit_features: /* {"app": "dbt", "dbt_version": "1.12.3", "profile_name": "bcb_analytics", "target_name": "dev", "node_id": "model.bcb_analytics.mart_macro_credit_features"} */

  
    

  create  table "bcb"."analytics"."mart_macro_credit_features__dbt_tmp"
  
  
    as
  
  (
    -- Create a feature dataset for statistical and machine learning models.
-- Lagged macroeconomic variables are included to capture potential
-- delayed effects of economic conditions on credit risk.

select

    reference_month,

    selic,
    selic_meta,

    -- Lagged Selic features
    lag(selic, 1) over (
        order by reference_month
    ) as selic_lag_1,

    lag(selic, 3) over (
        order by reference_month
    ) as selic_lag_3,

    lag(selic, 6) over (
        order by reference_month
    ) as selic_lag_6,

    lag(selic, 12) over (
        order by reference_month
    ) as selic_lag_12,

    ipca,

    atividade_economica,

    dolar_venda,

    credito_concedido_pf,

    taxa_credito_pf,

    inadimplencia_pf,

    -- Lagged default rate features
    lag(inadimplencia_pf, 1) over (
        order by reference_month
    ) as inadimplencia_lag_1,

    lag(inadimplencia_pf, 3) over (
        order by reference_month
    ) as inadimplencia_lag_3

from "bcb"."analytics"."stg_macro_monthly"
  );
  
[0m13:27:26.635395 [debug] [Thread-2 (]: Opening a new connection, currently in state closed
[0m13:27:26.643252 [debug] [Thread-2 (]: SQL status: SELECT 81 in 0.008 seconds
[0m13:27:26.647289 [debug] [Thread-2 (]: Using postgres connection "model.bcb_analytics.mart_macro_credit_features"
[0m13:27:26.648936 [debug] [Thread-2 (]: On model.bcb_analytics.mart_macro_credit_features: /* {"app": "dbt", "dbt_version": "1.12.3", "profile_name": "bcb_analytics", "target_name": "dev", "node_id": "model.bcb_analytics.mart_macro_credit_features"} */
alter table "bcb"."analytics"."mart_macro_credit_features__dbt_tmp" rename to "mart_macro_credit_features"
[0m13:27:26.650374 [debug] [Thread-2 (]: SQL status: ALTER TABLE in 0.000 seconds
[0m13:27:26.653185 [debug] [Thread-2 (]: On model.bcb_analytics.mart_macro_credit_features: COMMIT
[0m13:27:26.654469 [debug] [Thread-2 (]: Using postgres connection "model.bcb_analytics.mart_macro_credit_features"
[0m13:27:26.655460 [debug] [Thread-2 (]: On model.bcb_analytics.mart_macro_credit_features: COMMIT
[0m13:27:26.657852 [debug] [Thread-2 (]: SQL status: COMMIT in 0.001 seconds
[0m13:27:26.664352 [debug] [Thread-2 (]: Applying DROP to: "bcb"."analytics"."mart_macro_credit_features__dbt_backup"
[0m13:27:26.665881 [debug] [Thread-2 (]: Using postgres connection "model.bcb_analytics.mart_macro_credit_features"
[0m13:27:26.666941 [debug] [Thread-2 (]: On model.bcb_analytics.mart_macro_credit_features: /* {"app": "dbt", "dbt_version": "1.12.3", "profile_name": "bcb_analytics", "target_name": "dev", "node_id": "model.bcb_analytics.mart_macro_credit_features"} */
drop table if exists "bcb"."analytics"."mart_macro_credit_features__dbt_backup" cascade
[0m13:27:26.668223 [debug] [Thread-2 (]: SQL status: DROP TABLE in 0.000 seconds
[0m13:27:26.670108 [debug] [Thread-2 (]: On model.bcb_analytics.mart_macro_credit_features: Close
[0m13:27:26.671839 [debug] [Thread-2 (]: Sending event: {'category': 'dbt', 'action': 'run_model', 'label': 'eb50a35e-a8ec-4dc6-a88f-30f85eb3c8b8', 'context': [<snowplow_tracker.self_describing_json.SelfDescribingJson object at 0x79bce4d47590>]}
[0m13:27:26.673536 [info ] [Thread-2 (]: 6 of 6 OK created sql table model analytics.mart_macro_credit_features ......... [[32mSELECT 81[0m in 0.06s]
[0m13:27:26.674839 [debug] [Thread-2 (]: Finished running node model.bcb_analytics.mart_macro_credit_features
[0m13:27:26.677120 [debug] [MainThread]: On master: COMMIT
[0m13:27:26.677933 [debug] [MainThread]: Using postgres connection "master"
[0m13:27:26.678573 [debug] [MainThread]: On master: COMMIT
[0m13:27:26.679178 [debug] [MainThread]: Opening a new connection, currently in state closed
[0m13:27:26.685757 [debug] [MainThread]: SQL status: COMMIT in 0.006 seconds
[0m13:27:26.686930 [debug] [MainThread]: On master: Close
[0m13:27:26.688071 [debug] [MainThread]: Connection 'master' was properly closed.
[0m13:27:26.689027 [debug] [MainThread]: Connection 'model.bcb_analytics.fct_monetary_policy' was properly closed.
[0m13:27:26.689713 [debug] [MainThread]: Connection 'model.bcb_analytics.fct_credit_pf' was properly closed.
[0m13:27:26.690277 [debug] [MainThread]: Connection 'model.bcb_analytics.fct_economic_activity' was properly closed.
[0m13:27:26.691534 [debug] [MainThread]: Connection 'model.bcb_analytics.mart_macro_credit_features' was properly closed.
[0m13:27:26.692791 [info ] [MainThread]: 
[0m13:27:26.693634 [info ] [MainThread]: Finished running 5 table models, 1 view model in 0 hours 0 minutes and 0.60 seconds (0.60s).
[0m13:27:26.696313 [debug] [MainThread]: Command end result
[0m13:27:26.789660 [debug] [MainThread]: Wrote artifact WritableManifest to /usr/app/dbt/target/manifest.json
[0m13:27:26.834522 [debug] [MainThread]: Wrote artifact SemanticManifest to /usr/app/dbt/target/semantic_manifest.json
[0m13:27:26.877658 [debug] [MainThread]: Wrote artifact OsiDocument to /usr/app/dbt/target/osi_document.json
[0m13:27:26.889724 [debug] [MainThread]: Wrote artifact RunExecutionResult to /usr/app/dbt/target/run_results.json
[0m13:27:26.890412 [info ] [MainThread]: 
[0m13:27:26.891149 [info ] [MainThread]: [32mCompleted successfully[0m
[0m13:27:26.892038 [info ] [MainThread]: 
[0m13:27:26.892867 [info ] [MainThread]: Done. PASS=6 WARN=0 ERROR=0 SKIP=0 NO-OP=0 REUSED=0 TOTAL=6
[0m13:27:26.894849 [debug] [MainThread]: Resource report: {"command_name": "build", "command_success": true, "command_wall_clock_time": 2.3303256, "process_in_blocks": "141019", "process_kernel_time": 0.339916, "process_mem_max_rss": "142896", "process_out_blocks": "2200", "process_user_time": 2.893242}
[0m13:27:26.895689 [debug] [MainThread]: Command `dbt build` succeeded at 13:27:26.895583 after 2.33 seconds
[0m13:27:26.896337 [debug] [MainThread]: Sending event: {'category': 'dbt', 'action': 'invocation', 'label': 'end', 'context': [<snowplow_tracker.self_describing_json.SelfDescribingJson object at 0x79bce8436330>, <snowplow_tracker.self_describing_json.SelfDescribingJson object at 0x79bce0d08170>, <snowplow_tracker.self_describing_json.SelfDescribingJson object at 0x79bce69778f0>]}
[0m13:27:26.896946 [debug] [MainThread]: Flushing usage events
[0m13:27:27.636646 [debug] [MainThread]: An error was encountered while trying to flush usage events
[0m15:16:11.473187 [debug] [MainThread]: Sending event: {'category': 'dbt', 'action': 'invocation', 'label': 'start', 'context': [<snowplow_tracker.self_describing_json.SelfDescribingJson object at 0x761cb3e223f0>, <snowplow_tracker.self_describing_json.SelfDescribingJson object at 0x761cb348e690>, <snowplow_tracker.self_describing_json.SelfDescribingJson object at 0x761cb3914dd0>]}


============================== 15:16:11.623511 | 016cccc8-fab4-4a3a-ba45-a63324a909b1 ==============================
[0m15:16:11.623511 [info ] [MainThread]: Running with dbt=1.12.3
[0m15:16:11.624697 [debug] [MainThread]: running dbt with arguments {'use_colors': 'True', 'cache_selected_only': 'False', 'use_experimental_parser': 'False', 'quiet': 'False', 'profiles_dir': '/usr/app/dbt', 'log_cache_events': 'False', 'no_print': 'None', 'introspect': 'True', 'printer_width': '80', 'maximum_seed_size_mib': '1', 'debug': 'False', 'log_format': 'default', 'static_parser': 'True', 'indirect_selection': 'eager', 'invocation_command': 'dbt build', 'partial_parse': 'True', 'empty': 'False', 'warn_error': 'None', 'send_anonymous_usage_stats': 'True', 'log_path': '/usr/app/dbt/logs', 'version_check': 'True', 'warn_error_options': 'WarnErrorOptionsV2(error=[], warn=[], silence=[])', 'target_path': 'None', 'write_json': 'True', 'fail_fast': 'False', 'hints_enabled': 'True'}
[0m15:16:11.819707 [debug] [MainThread]: Sending event: {'category': 'dbt', 'action': 'project_id', 'label': '016cccc8-fab4-4a3a-ba45-a63324a909b1', 'context': [<snowplow_tracker.self_describing_json.SelfDescribingJson object at 0x761cb2b65490>]}
[0m15:16:11.880816 [debug] [MainThread]: Sending event: {'category': 'dbt', 'action': 'adapter_info', 'label': '016cccc8-fab4-4a3a-ba45-a63324a909b1', 'context': [<snowplow_tracker.self_describing_json.SelfDescribingJson object at 0x761cb2b61370>]}
[0m15:16:11.883537 [info ] [MainThread]: Registered adapter: postgres=1.11.0
[0m15:16:11.947385 [debug] [MainThread]: checksum: 93f3c84ce504663c4776f7735972647e04db2733b90ae0c7a023176aa6e7f35b, vars: {}, profile: bcb_analytics, target: dev, version: 1.12.3
[0m15:16:12.279087 [debug] [MainThread]: Partial parsing enabled: 0 files deleted, 0 files added, 0 files changed.
[0m15:16:12.280113 [debug] [MainThread]: Nothing changed, skipping partial parsing.
[0m15:16:12.281018 [debug] [MainThread]: Partial parsing enabled, no changes found, skipping parsing
[0m15:16:12.289546 [debug] [MainThread]: Sending event: {'category': 'dbt', 'action': 'load_project', 'label': '016cccc8-fab4-4a3a-ba45-a63324a909b1', 'context': [<snowplow_tracker.self_describing_json.SelfDescribingJson object at 0x761cb3ccb170>]}
[0m15:16:12.427156 [debug] [MainThread]: Wrote artifact WritableManifest to /usr/app/dbt/target/manifest.json
[0m15:16:12.490729 [debug] [MainThread]: Wrote artifact SemanticManifest to /usr/app/dbt/target/semantic_manifest.json
[0m15:16:12.555609 [debug] [MainThread]: Wrote artifact OsiDocument to /usr/app/dbt/target/osi_document.json
[0m15:16:12.599970 [debug] [MainThread]: Sending event: {'category': 'dbt', 'action': 'resource_counts', 'label': '016cccc8-fab4-4a3a-ba45-a63324a909b1', 'context': [<snowplow_tracker.self_describing_json.SelfDescribingJson object at 0x761cb197d730>]}
[0m15:16:12.601179 [info ] [MainThread]: Found 6 models, 1 source, 477 macros
[0m15:16:12.603774 [info ] [MainThread]: 
[0m15:16:12.604569 [info ] [MainThread]: Concurrency: 4 threads (target='dev')
[0m15:16:12.605375 [info ] [MainThread]: 
[0m15:16:12.606367 [debug] [MainThread]: Acquiring new postgres connection 'master'
[0m15:16:12.610157 [debug] [ThreadPool]: Acquiring new postgres connection 'list_bcb'
[0m15:16:12.697553 [debug] [ThreadPool]: Using postgres connection "list_bcb"
[0m15:16:12.698514 [debug] [ThreadPool]: On list_bcb: /* {"app": "dbt", "dbt_version": "1.12.3", "profile_name": "bcb_analytics", "target_name": "dev", "connection_name": "list_bcb"} */

    select distinct nspname from pg_namespace
  
[0m15:16:12.699272 [debug] [ThreadPool]: Opening a new connection, currently in state init
[0m15:16:12.709412 [debug] [ThreadPool]: SQL status: SELECT 5 in 0.010 seconds
[0m15:16:12.711173 [debug] [ThreadPool]: On list_bcb: Close
[0m15:16:12.712588 [debug] [ThreadPool]: Re-using an available connection from the pool (formerly list_bcb, now create_bcb_analytics)
[0m15:16:12.713775 [debug] [ThreadPool]: Creating schema "database: "bcb"
schema: "analytics"
"
[0m15:16:12.717689 [debug] [ThreadPool]: Using postgres connection "create_bcb_analytics"
[0m15:16:12.718572 [debug] [ThreadPool]: On create_bcb_analytics: /* {"app": "dbt", "dbt_version": "1.12.3", "profile_name": "bcb_analytics", "target_name": "dev", "connection_name": "create_bcb_analytics"} */
create schema if not exists "analytics"
[0m15:16:12.719653 [debug] [ThreadPool]: Opening a new connection, currently in state closed
[0m15:16:12.727642 [debug] [ThreadPool]: SQL status: CREATE SCHEMA in 0.008 seconds
[0m15:16:12.729497 [debug] [ThreadPool]: On create_bcb_analytics: COMMIT
[0m15:16:12.730562 [debug] [ThreadPool]: Using postgres connection "create_bcb_analytics"
[0m15:16:12.731478 [debug] [ThreadPool]: On create_bcb_analytics: COMMIT
[0m15:16:12.733933 [debug] [ThreadPool]: SQL status: COMMIT in 0.002 seconds
[0m15:16:12.735203 [debug] [ThreadPool]: On create_bcb_analytics: Close
[0m15:16:12.737512 [debug] [ThreadPool]: Re-using an available connection from the pool (formerly create_bcb_analytics, now list_bcb_analytics)
[0m15:16:12.742233 [debug] [ThreadPool]: Using postgres connection "list_bcb_analytics"
[0m15:16:12.743058 [debug] [ThreadPool]: On list_bcb_analytics: /* {"app": "dbt", "dbt_version": "1.12.3", "profile_name": "bcb_analytics", "target_name": "dev", "connection_name": "list_bcb_analytics"} */
select
      'bcb' as database,
      tablename as name,
      schemaname as schema,
      'table' as type
    from pg_tables
    where schemaname ilike 'analytics'
    union all
    select
      'bcb' as database,
      viewname as name,
      schemaname as schema,
      'view' as type
    from pg_views
    where schemaname ilike 'analytics'
    union all
    select
      'bcb' as database,
      matviewname as name,
      schemaname as schema,
      'materialized_view' as type
    from pg_matviews
    where schemaname ilike 'analytics'
    union all
    select distinct
     'bcb' as database,
     proname as name,
     ns.nspname as schema,
     'function' as type
    from pg_proc
     join pg_namespace as ns on pronamespace = ns.oid
    where ns.nspname ilike 'analytics'
  
[0m15:16:12.743841 [debug] [ThreadPool]: Opening a new connection, currently in state closed
[0m15:16:12.757521 [debug] [ThreadPool]: SQL status: SELECT 0 in 0.014 seconds
[0m15:16:12.759187 [debug] [ThreadPool]: On list_bcb_analytics: ROLLBACK
[0m15:16:12.760577 [debug] [ThreadPool]: On list_bcb_analytics: Close
[0m15:16:12.764561 [debug] [MainThread]: Using postgres connection "master"
[0m15:16:12.765711 [debug] [MainThread]: On master: /* {"app": "dbt", "dbt_version": "1.12.3", "profile_name": "bcb_analytics", "target_name": "dev", "connection_name": "master"} */
select distinct
        dependent_namespace.nspname as dependent_schema,
        dependent_class.relname as dependent_name,
        referenced_namespace.nspname as referenced_schema,
        referenced_class.relname as referenced_name

    -- Query for views: views are entries in pg_class with an entry in pg_rewrite, but we avoid
    -- a seq scan on pg_rewrite by leveraging the fact there is an "internal" row in pg_depend for
    -- the view...
    from pg_class as dependent_class
    join pg_namespace as dependent_namespace on dependent_namespace.oid = dependent_class.relnamespace
    join pg_depend as dependent_depend on dependent_depend.refobjid = dependent_class.oid
        and dependent_depend.classid = 'pg_rewrite'::regclass
        and dependent_depend.refclassid = 'pg_class'::regclass
        and dependent_depend.deptype = 'i'

    -- ... and via pg_depend (that has a row per column, hence the need for "distinct" above, and
    -- making sure to exclude the internal row to avoid a view appearing to depend on itself)...
    join pg_depend as joining_depend on joining_depend.objid = dependent_depend.objid
        and joining_depend.classid = 'pg_rewrite'::regclass
        and joining_depend.refclassid = 'pg_class'::regclass
        and joining_depend.refobjid != dependent_depend.refobjid

    -- ... we can find the tables they query from in pg_class, but excluding system tables. Note we
    -- don't need need to exclude _dependent_ system tables, because they only query from other
    -- system tables, and so are automatically excluded by excluding _referenced_ system tables
    join pg_class as referenced_class on referenced_class.oid = joining_depend.refobjid
    join pg_namespace as referenced_namespace on referenced_namespace.oid = referenced_class.relnamespace
        and referenced_namespace.nspname != 'information_schema'
        and referenced_namespace.nspname not like 'pg\_%'

    order by
        dependent_schema, dependent_name, referenced_schema, referenced_name;
[0m15:16:12.766511 [debug] [MainThread]: Opening a new connection, currently in state init
[0m15:16:12.776470 [debug] [MainThread]: SQL status: SELECT 0 in 0.010 seconds
[0m15:16:12.778277 [debug] [MainThread]: Sending event: {'category': 'dbt', 'action': 'runnable_timing', 'label': '016cccc8-fab4-4a3a-ba45-a63324a909b1', 'context': [<snowplow_tracker.self_describing_json.SelfDescribingJson object at 0x761cb097bce0>]}
[0m15:16:12.779164 [debug] [MainThread]: On master: ROLLBACK
[0m15:16:12.780135 [debug] [MainThread]: On master: COMMIT
[0m15:16:12.780918 [debug] [MainThread]: Using postgres connection "master"
[0m15:16:12.781722 [debug] [MainThread]: On master: COMMIT
[0m15:16:12.782779 [debug] [MainThread]: SQL status: COMMIT in 0.000 seconds
[0m15:16:12.783580 [debug] [MainThread]: On master: Close
[0m15:16:12.790153 [debug] [Thread-1 (]: Began running node model.bcb_analytics.stg_macro_monthly
[0m15:16:12.791196 [info ] [Thread-1 (]: 1 of 6 START sql view model analytics.stg_macro_monthly ........................ [RUN]
[0m15:16:12.792186 [debug] [Thread-1 (]: Re-using an available connection from the pool (formerly list_bcb_analytics, now model.bcb_analytics.stg_macro_monthly)
[0m15:16:12.793016 [debug] [Thread-1 (]: Began compiling node model.bcb_analytics.stg_macro_monthly
[0m15:16:12.798549 [debug] [Thread-1 (]: Writing injected SQL for node "model.bcb_analytics.stg_macro_monthly"
[0m15:16:12.839378 [debug] [Thread-1 (]: Began executing node model.bcb_analytics.stg_macro_monthly
[0m15:16:12.868765 [debug] [Thread-1 (]: Writing runtime sql for node "model.bcb_analytics.stg_macro_monthly"
[0m15:16:12.909887 [debug] [Thread-1 (]: Using postgres connection "model.bcb_analytics.stg_macro_monthly"
[0m15:16:12.910897 [debug] [Thread-1 (]: On model.bcb_analytics.stg_macro_monthly: /* {"app": "dbt", "dbt_version": "1.12.3", "profile_name": "bcb_analytics", "target_name": "dev", "node_id": "model.bcb_analytics.stg_macro_monthly"} */

  create view "bcb"."analytics"."stg_macro_monthly__dbt_tmp"
    
    
  as (
    -- Standardize the interface between the Spark-generated Gold layer
-- and the dbt transformation layer.

select

    *

from "bcb"."gold"."macro_monthly"
  );
[0m15:16:12.911797 [debug] [Thread-1 (]: Opening a new connection, currently in state closed
[0m15:16:12.921330 [debug] [Thread-1 (]: SQL status: CREATE VIEW in 0.009 seconds
[0m15:16:12.926657 [debug] [Thread-1 (]: Using postgres connection "model.bcb_analytics.stg_macro_monthly"
[0m15:16:12.927474 [debug] [Thread-1 (]: On model.bcb_analytics.stg_macro_monthly: /* {"app": "dbt", "dbt_version": "1.12.3", "profile_name": "bcb_analytics", "target_name": "dev", "node_id": "model.bcb_analytics.stg_macro_monthly"} */
alter table "bcb"."analytics"."stg_macro_monthly__dbt_tmp" rename to "stg_macro_monthly"
[0m15:16:12.929149 [debug] [Thread-1 (]: SQL status: ALTER TABLE in 0.001 seconds
[0m15:16:12.942868 [debug] [Thread-1 (]: On model.bcb_analytics.stg_macro_monthly: COMMIT
[0m15:16:12.943975 [debug] [Thread-1 (]: Using postgres connection "model.bcb_analytics.stg_macro_monthly"
[0m15:16:12.944834 [debug] [Thread-1 (]: On model.bcb_analytics.stg_macro_monthly: COMMIT
[0m15:16:12.948783 [debug] [Thread-1 (]: SQL status: COMMIT in 0.003 seconds
[0m15:16:12.954138 [debug] [Thread-1 (]: Applying DROP to: "bcb"."analytics"."stg_macro_monthly__dbt_backup"
[0m15:16:12.959523 [debug] [Thread-1 (]: Using postgres connection "model.bcb_analytics.stg_macro_monthly"
[0m15:16:12.960827 [debug] [Thread-1 (]: On model.bcb_analytics.stg_macro_monthly: /* {"app": "dbt", "dbt_version": "1.12.3", "profile_name": "bcb_analytics", "target_name": "dev", "node_id": "model.bcb_analytics.stg_macro_monthly"} */
drop view if exists "bcb"."analytics"."stg_macro_monthly__dbt_backup" cascade
[0m15:16:12.962088 [debug] [Thread-1 (]: SQL status: DROP VIEW in 0.000 seconds
[0m15:16:12.964691 [debug] [Thread-1 (]: On model.bcb_analytics.stg_macro_monthly: Close
[0m15:16:12.967056 [debug] [Thread-1 (]: Sending event: {'category': 'dbt', 'action': 'run_model', 'label': '016cccc8-fab4-4a3a-ba45-a63324a909b1', 'context': [<snowplow_tracker.self_describing_json.SelfDescribingJson object at 0x761cb5d1cb30>]}
[0m15:16:12.968131 [info ] [Thread-1 (]: 1 of 6 OK created sql view model analytics.stg_macro_monthly ................... [[32mCREATE VIEW[0m in 0.17s]
[0m15:16:12.969281 [debug] [Thread-1 (]: Finished running node model.bcb_analytics.stg_macro_monthly
[0m15:16:12.971119 [debug] [Thread-3 (]: Began running node model.bcb_analytics.fct_credit_pf
[0m15:16:12.971671 [debug] [Thread-4 (]: Began running node model.bcb_analytics.fct_economic_activity
[0m15:16:12.972157 [debug] [Thread-2 (]: Began running node model.bcb_analytics.fct_exchange_rate
[0m15:16:12.973045 [debug] [Thread-1 (]: Began running node model.bcb_analytics.fct_monetary_policy
[0m15:16:12.972644 [info ] [Thread-3 (]: 2 of 6 START sql table model analytics.fct_credit_pf ........................... [RUN]
[0m15:16:12.974450 [info ] [Thread-4 (]: 3 of 6 START sql table model analytics.fct_economic_activity ................... [RUN]
[0m15:16:12.975580 [info ] [Thread-2 (]: 4 of 6 START sql table model analytics.fct_exchange_rate ....................... [RUN]
[0m15:16:12.976724 [info ] [Thread-1 (]: 5 of 6 START sql table model analytics.fct_monetary_policy ..................... [RUN]
[0m15:16:12.977834 [debug] [Thread-3 (]: Acquiring new postgres connection 'model.bcb_analytics.fct_credit_pf'
[0m15:16:12.979000 [debug] [Thread-4 (]: Acquiring new postgres connection 'model.bcb_analytics.fct_economic_activity'
[0m15:16:12.980026 [debug] [Thread-2 (]: Acquiring new postgres connection 'model.bcb_analytics.fct_exchange_rate'
[0m15:16:12.981044 [debug] [Thread-1 (]: Re-using an available connection from the pool (formerly model.bcb_analytics.stg_macro_monthly, now model.bcb_analytics.fct_monetary_policy)
[0m15:16:12.981874 [debug] [Thread-3 (]: Began compiling node model.bcb_analytics.fct_credit_pf
[0m15:16:12.982624 [debug] [Thread-4 (]: Began compiling node model.bcb_analytics.fct_economic_activity
[0m15:16:12.983356 [debug] [Thread-2 (]: Began compiling node model.bcb_analytics.fct_exchange_rate
[0m15:16:12.984128 [debug] [Thread-1 (]: Began compiling node model.bcb_analytics.fct_monetary_policy
[0m15:16:12.986710 [debug] [Thread-3 (]: Writing injected SQL for node "model.bcb_analytics.fct_credit_pf"
[0m15:16:12.989460 [debug] [Thread-4 (]: Writing injected SQL for node "model.bcb_analytics.fct_economic_activity"
[0m15:16:12.991822 [debug] [Thread-2 (]: Writing injected SQL for node "model.bcb_analytics.fct_exchange_rate"
[0m15:16:12.993969 [debug] [Thread-1 (]: Writing injected SQL for node "model.bcb_analytics.fct_monetary_policy"
[0m15:16:13.002544 [debug] [Thread-4 (]: Began executing node model.bcb_analytics.fct_economic_activity
[0m15:16:13.003028 [debug] [Thread-2 (]: Began executing node model.bcb_analytics.fct_exchange_rate
[0m15:16:13.003383 [debug] [Thread-3 (]: Began executing node model.bcb_analytics.fct_credit_pf
[0m15:16:13.003728 [debug] [Thread-1 (]: Began executing node model.bcb_analytics.fct_monetary_policy
[0m15:16:13.031296 [debug] [Thread-4 (]: Writing runtime sql for node "model.bcb_analytics.fct_economic_activity"
[0m15:16:13.034403 [debug] [Thread-3 (]: Writing runtime sql for node "model.bcb_analytics.fct_credit_pf"
[0m15:16:13.035761 [debug] [Thread-2 (]: Writing runtime sql for node "model.bcb_analytics.fct_exchange_rate"
[0m15:16:13.039035 [debug] [Thread-1 (]: Writing runtime sql for node "model.bcb_analytics.fct_monetary_policy"
[0m15:16:13.048107 [debug] [Thread-4 (]: Using postgres connection "model.bcb_analytics.fct_economic_activity"
[0m15:16:13.048738 [debug] [Thread-2 (]: Using postgres connection "model.bcb_analytics.fct_exchange_rate"
[0m15:16:13.049179 [debug] [Thread-3 (]: Using postgres connection "model.bcb_analytics.fct_credit_pf"
[0m15:16:13.049833 [debug] [Thread-4 (]: On model.bcb_analytics.fct_economic_activity: /* {"app": "dbt", "dbt_version": "1.12.3", "profile_name": "bcb_analytics", "target_name": "dev", "node_id": "model.bcb_analytics.fct_economic_activity"} */

  
    

  create  table "bcb"."analytics"."fct_economic_activity__dbt_tmp"
  
  
    as
  
  (
    -- Create analytical indicators for economic activity.
-- Monthly-over-month (MoM) and year-over-year (YoY)
-- growth rates are calculated from the monthly series.

with base as (

    select

        reference_month,

        atividade_economica,
        atividade_agropecuaria,
        atividade_industria,
        atividade_servicos,
        atividade_impostos

    from "bcb"."analytics"."stg_macro_monthly"

),

features as (

    select

        *,

        -- Monthly-over-month economic activity growth
        (
            atividade_economica /
            lag(atividade_economica) over (
                order by reference_month
            ) - 1
        ) * 100 as atividade_economica_mom,

        -- Year-over-year economic activity growth
        (
            atividade_economica /
            lag(atividade_economica, 12) over (
                order by reference_month
            ) - 1
        ) * 100 as atividade_economica_yoy,

        -- Year-over-year industrial activity growth
        (
            atividade_industria /
            lag(atividade_industria, 12) over (
                order by reference_month
            ) - 1
        ) * 100 as industria_yoy,

        -- Year-over-year services activity growth
        (
            atividade_servicos /
            lag(atividade_servicos, 12) over (
                order by reference_month
            ) - 1
        ) * 100 as servicos_yoy

    from base

)

select *

from features
  );
  
[0m15:16:13.050531 [debug] [Thread-1 (]: Using postgres connection "model.bcb_analytics.fct_monetary_policy"
[0m15:16:13.051018 [debug] [Thread-2 (]: On model.bcb_analytics.fct_exchange_rate: /* {"app": "dbt", "dbt_version": "1.12.3", "profile_name": "bcb_analytics", "target_name": "dev", "node_id": "model.bcb_analytics.fct_exchange_rate"} */

  
    

  create  table "bcb"."analytics"."fct_exchange_rate__dbt_tmp"
  
  
    as
  
  (
    -- Create analytical indicators for the BRL/USD exchange rate.
-- Daily exchange rate series have already been aggregated
-- to monthly averages by Spark.

select

    reference_month,

    dolar_compra,

    dolar_venda,

    -- Average between the purchase and selling exchange rates
    (dolar_compra + dolar_venda) / 2 as dolar_medio,

    -- Difference between selling and purchase rates
    dolar_venda - dolar_compra as spread_cambio,

    -- Absolute monthly change in the selling exchange rate
    dolar_venda
        - lag(dolar_venda) over (
            order by reference_month
        ) as cambio_change,

    -- Monthly-over-month exchange rate growth
    (
        dolar_venda /
        lag(dolar_venda) over (
            order by reference_month
        ) - 1
    ) * 100 as cambio_mom,

    -- Year-over-year exchange rate growth
    (
        dolar_venda /
        lag(dolar_venda, 12) over (
            order by reference_month
        ) - 1
    ) * 100 as cambio_yoy

from "bcb"."analytics"."stg_macro_monthly"
  );
  
[0m15:16:13.051881 [debug] [Thread-3 (]: On model.bcb_analytics.fct_credit_pf: /* {"app": "dbt", "dbt_version": "1.12.3", "profile_name": "bcb_analytics", "target_name": "dev", "node_id": "model.bcb_analytics.fct_credit_pf"} */

  
    

  create  table "bcb"."analytics"."fct_credit_pf__dbt_tmp"
  
  
    as
  
  (
    -- Create analytical indicators for individual credit.
-- The model combines credit concessions, outstanding balances,
-- interest rates, and default indicators with their variations.

select

    reference_month,

    credito_concedido_pf,

    credito_livre_pf,

    saldo_credito_pessoal,

    taxa_credito_pf,

    inadimplencia_pf,

    inadimplencia_credito_pessoal_pf,

    -- Absolute monthly change in credit concessions
    credito_concedido_pf
        - lag(credito_concedido_pf) over (
            order by reference_month
        ) as credito_concedido_change,

    -- Monthly-over-month credit concession growth
    (
        credito_concedido_pf /
        lag(credito_concedido_pf) over (
            order by reference_month
        ) - 1
    ) * 100 as credito_concedido_mom,

    -- Year-over-year credit concession growth
    (
        credito_concedido_pf /
        lag(credito_concedido_pf, 12) over (
            order by reference_month
        ) - 1
    ) * 100 as credito_concedido_yoy,

    -- Absolute monthly change in the individual default rate
    inadimplencia_pf
        - lag(inadimplencia_pf) over (
            order by reference_month
        ) as inadimplencia_change

from "bcb"."analytics"."stg_macro_monthly"
  );
  
[0m15:16:13.052717 [debug] [Thread-4 (]: Opening a new connection, currently in state init
[0m15:16:13.053975 [debug] [Thread-1 (]: On model.bcb_analytics.fct_monetary_policy: /* {"app": "dbt", "dbt_version": "1.12.3", "profile_name": "bcb_analytics", "target_name": "dev", "node_id": "model.bcb_analytics.fct_monetary_policy"} */

  
    

  create  table "bcb"."analytics"."fct_monetary_policy__dbt_tmp"
  
  
    as
  
  (
    -- Create analytical indicators related to monetary policy.
-- The model derives changes in the Selic rate and the spread
-- between the effective Selic rate and its target.

select

    reference_month,

    selic,

    selic_meta,

    -- Difference between the effective Selic rate and its target
    selic - selic_meta as selic_spread,

    -- Selic rate from the previous month
    lag(selic) over (
        order by reference_month
    ) as selic_previous_month,

    -- Absolute monthly change in the Selic rate
    selic - lag(selic) over (
        order by reference_month
    ) as selic_change,

    -- Selic target from the previous month
    lag(selic_meta) over (
        order by reference_month
    ) as selic_meta_previous_month,

    -- Absolute monthly change in the Selic target
    selic_meta - lag(selic_meta) over (
        order by reference_month
    ) as selic_meta_change

from "bcb"."analytics"."stg_macro_monthly"
  );
  
[0m15:16:13.055091 [debug] [Thread-2 (]: Opening a new connection, currently in state init
[0m15:16:13.056549 [debug] [Thread-3 (]: Opening a new connection, currently in state init
[0m15:16:13.057978 [debug] [Thread-1 (]: Opening a new connection, currently in state closed
[0m15:16:13.065810 [debug] [Thread-4 (]: SQL status: SELECT 81 in 0.013 seconds
[0m15:16:13.071708 [debug] [Thread-4 (]: Using postgres connection "model.bcb_analytics.fct_economic_activity"
[0m15:16:13.072141 [debug] [Thread-3 (]: SQL status: SELECT 81 in 0.016 seconds
[0m15:16:13.072477 [debug] [Thread-1 (]: SQL status: SELECT 81 in 0.015 seconds
[0m15:16:13.072773 [debug] [Thread-2 (]: SQL status: SELECT 81 in 0.018 seconds
[0m15:16:13.073099 [debug] [Thread-4 (]: On model.bcb_analytics.fct_economic_activity: /* {"app": "dbt", "dbt_version": "1.12.3", "profile_name": "bcb_analytics", "target_name": "dev", "node_id": "model.bcb_analytics.fct_economic_activity"} */
alter table "bcb"."analytics"."fct_economic_activity__dbt_tmp" rename to "fct_economic_activity"
[0m15:16:13.075976 [debug] [Thread-3 (]: Using postgres connection "model.bcb_analytics.fct_credit_pf"
[0m15:16:13.078926 [debug] [Thread-1 (]: Using postgres connection "model.bcb_analytics.fct_monetary_policy"
[0m15:16:13.082131 [debug] [Thread-2 (]: Using postgres connection "model.bcb_analytics.fct_exchange_rate"
[0m15:16:13.083609 [debug] [Thread-4 (]: SQL status: ALTER TABLE in 0.000 seconds
[0m15:16:13.084010 [debug] [Thread-3 (]: On model.bcb_analytics.fct_credit_pf: /* {"app": "dbt", "dbt_version": "1.12.3", "profile_name": "bcb_analytics", "target_name": "dev", "node_id": "model.bcb_analytics.fct_credit_pf"} */
alter table "bcb"."analytics"."fct_credit_pf__dbt_tmp" rename to "fct_credit_pf"
[0m15:16:13.085006 [debug] [Thread-1 (]: On model.bcb_analytics.fct_monetary_policy: /* {"app": "dbt", "dbt_version": "1.12.3", "profile_name": "bcb_analytics", "target_name": "dev", "node_id": "model.bcb_analytics.fct_monetary_policy"} */
alter table "bcb"."analytics"."fct_monetary_policy__dbt_tmp" rename to "fct_monetary_policy"
[0m15:16:13.086002 [debug] [Thread-2 (]: On model.bcb_analytics.fct_exchange_rate: /* {"app": "dbt", "dbt_version": "1.12.3", "profile_name": "bcb_analytics", "target_name": "dev", "node_id": "model.bcb_analytics.fct_exchange_rate"} */
alter table "bcb"."analytics"."fct_exchange_rate__dbt_tmp" rename to "fct_exchange_rate"
[0m15:16:13.088049 [debug] [Thread-4 (]: On model.bcb_analytics.fct_economic_activity: COMMIT
[0m15:16:13.089400 [debug] [Thread-3 (]: SQL status: ALTER TABLE in 0.000 seconds
[0m15:16:13.089995 [debug] [Thread-1 (]: SQL status: ALTER TABLE in 0.000 seconds
[0m15:16:13.090550 [debug] [Thread-2 (]: SQL status: ALTER TABLE in 0.000 seconds
[0m15:16:13.090867 [debug] [Thread-4 (]: Using postgres connection "model.bcb_analytics.fct_economic_activity"
[0m15:16:13.092479 [debug] [Thread-3 (]: On model.bcb_analytics.fct_credit_pf: COMMIT
[0m15:16:13.094864 [debug] [Thread-1 (]: On model.bcb_analytics.fct_monetary_policy: COMMIT
[0m15:16:13.097129 [debug] [Thread-2 (]: On model.bcb_analytics.fct_exchange_rate: COMMIT
[0m15:16:13.097947 [debug] [Thread-4 (]: On model.bcb_analytics.fct_economic_activity: COMMIT
[0m15:16:13.098636 [debug] [Thread-3 (]: Using postgres connection "model.bcb_analytics.fct_credit_pf"
[0m15:16:13.099320 [debug] [Thread-1 (]: Using postgres connection "model.bcb_analytics.fct_monetary_policy"
[0m15:16:13.100016 [debug] [Thread-2 (]: Using postgres connection "model.bcb_analytics.fct_exchange_rate"
[0m15:16:13.101166 [debug] [Thread-3 (]: On model.bcb_analytics.fct_credit_pf: COMMIT
[0m15:16:13.101801 [debug] [Thread-4 (]: SQL status: COMMIT in 0.001 seconds
[0m15:16:13.102105 [debug] [Thread-1 (]: On model.bcb_analytics.fct_monetary_policy: COMMIT
[0m15:16:13.102886 [debug] [Thread-2 (]: On model.bcb_analytics.fct_exchange_rate: COMMIT
[0m15:16:13.105228 [debug] [Thread-4 (]: Applying DROP to: "bcb"."analytics"."fct_economic_activity__dbt_backup"
[0m15:16:13.105598 [debug] [Thread-3 (]: SQL status: COMMIT in 0.002 seconds
[0m15:16:13.107163 [debug] [Thread-1 (]: SQL status: COMMIT in 0.001 seconds
[0m15:16:13.110304 [debug] [Thread-4 (]: Using postgres connection "model.bcb_analytics.fct_economic_activity"
[0m15:16:13.110716 [debug] [Thread-2 (]: SQL status: COMMIT in 0.004 seconds
[0m15:16:13.112210 [debug] [Thread-3 (]: Applying DROP to: "bcb"."analytics"."fct_credit_pf__dbt_backup"
[0m15:16:13.113980 [debug] [Thread-1 (]: Applying DROP to: "bcb"."analytics"."fct_monetary_policy__dbt_backup"
[0m15:16:13.114704 [debug] [Thread-4 (]: On model.bcb_analytics.fct_economic_activity: /* {"app": "dbt", "dbt_version": "1.12.3", "profile_name": "bcb_analytics", "target_name": "dev", "node_id": "model.bcb_analytics.fct_economic_activity"} */
drop table if exists "bcb"."analytics"."fct_economic_activity__dbt_backup" cascade
[0m15:16:13.116217 [debug] [Thread-2 (]: Applying DROP to: "bcb"."analytics"."fct_exchange_rate__dbt_backup"
[0m15:16:13.117261 [debug] [Thread-3 (]: Using postgres connection "model.bcb_analytics.fct_credit_pf"
[0m15:16:13.118186 [debug] [Thread-1 (]: Using postgres connection "model.bcb_analytics.fct_monetary_policy"
[0m15:16:13.119174 [debug] [Thread-4 (]: SQL status: DROP TABLE in 0.000 seconds
[0m15:16:13.119837 [debug] [Thread-2 (]: Using postgres connection "model.bcb_analytics.fct_exchange_rate"
[0m15:16:13.120788 [debug] [Thread-3 (]: On model.bcb_analytics.fct_credit_pf: /* {"app": "dbt", "dbt_version": "1.12.3", "profile_name": "bcb_analytics", "target_name": "dev", "node_id": "model.bcb_analytics.fct_credit_pf"} */
drop table if exists "bcb"."analytics"."fct_credit_pf__dbt_backup" cascade
[0m15:16:13.121595 [debug] [Thread-1 (]: On model.bcb_analytics.fct_monetary_policy: /* {"app": "dbt", "dbt_version": "1.12.3", "profile_name": "bcb_analytics", "target_name": "dev", "node_id": "model.bcb_analytics.fct_monetary_policy"} */
drop table if exists "bcb"."analytics"."fct_monetary_policy__dbt_backup" cascade
[0m15:16:13.123279 [debug] [Thread-4 (]: On model.bcb_analytics.fct_economic_activity: Close
[0m15:16:13.124033 [debug] [Thread-2 (]: On model.bcb_analytics.fct_exchange_rate: /* {"app": "dbt", "dbt_version": "1.12.3", "profile_name": "bcb_analytics", "target_name": "dev", "node_id": "model.bcb_analytics.fct_exchange_rate"} */
drop table if exists "bcb"."analytics"."fct_exchange_rate__dbt_backup" cascade
[0m15:16:13.125168 [debug] [Thread-3 (]: SQL status: DROP TABLE in 0.000 seconds
[0m15:16:13.125514 [debug] [Thread-1 (]: SQL status: DROP TABLE in 0.000 seconds
[0m15:16:13.126129 [debug] [Thread-4 (]: Sending event: {'category': 'dbt', 'action': 'run_model', 'label': '016cccc8-fab4-4a3a-ba45-a63324a909b1', 'context': [<snowplow_tracker.self_describing_json.SelfDescribingJson object at 0x761caf4099a0>]}
[0m15:16:13.126698 [debug] [Thread-2 (]: SQL status: DROP TABLE in 0.000 seconds
[0m15:16:13.127863 [debug] [Thread-3 (]: On model.bcb_analytics.fct_credit_pf: Close
[0m15:16:13.129403 [debug] [Thread-1 (]: On model.bcb_analytics.fct_monetary_policy: Close
[0m15:16:13.130254 [info ] [Thread-4 (]: 3 of 6 OK created sql table model analytics.fct_economic_activity .............. [[32mSELECT 81[0m in 0.15s]
[0m15:16:13.131887 [debug] [Thread-2 (]: On model.bcb_analytics.fct_exchange_rate: Close
[0m15:16:13.132968 [debug] [Thread-3 (]: Sending event: {'category': 'dbt', 'action': 'run_model', 'label': '016cccc8-fab4-4a3a-ba45-a63324a909b1', 'context': [<snowplow_tracker.self_describing_json.SelfDescribingJson object at 0x761cb2b66660>]}
[0m15:16:13.134235 [debug] [Thread-1 (]: Sending event: {'category': 'dbt', 'action': 'run_model', 'label': '016cccc8-fab4-4a3a-ba45-a63324a909b1', 'context': [<snowplow_tracker.self_describing_json.SelfDescribingJson object at 0x761cb2b5dd60>]}
[0m15:16:13.135028 [debug] [Thread-4 (]: Finished running node model.bcb_analytics.fct_economic_activity
[0m15:16:13.136030 [debug] [Thread-2 (]: Sending event: {'category': 'dbt', 'action': 'run_model', 'label': '016cccc8-fab4-4a3a-ba45-a63324a909b1', 'context': [<snowplow_tracker.self_describing_json.SelfDescribingJson object at 0x761caf4bf290>]}
[0m15:16:13.136590 [info ] [Thread-3 (]: 2 of 6 OK created sql table model analytics.fct_credit_pf ...................... [[32mSELECT 81[0m in 0.16s]
[0m15:16:13.137701 [info ] [Thread-1 (]: 5 of 6 OK created sql table model analytics.fct_monetary_policy ................ [[32mSELECT 81[0m in 0.15s]
[0m15:16:13.138680 [debug] [Thread-4 (]: Began running node model.bcb_analytics.mart_macro_credit_features
[0m15:16:13.139662 [info ] [Thread-2 (]: 4 of 6 OK created sql table model analytics.fct_exchange_rate .................. [[32mSELECT 81[0m in 0.16s]
[0m15:16:13.140618 [debug] [Thread-3 (]: Finished running node model.bcb_analytics.fct_credit_pf
[0m15:16:13.141601 [debug] [Thread-1 (]: Finished running node model.bcb_analytics.fct_monetary_policy
[0m15:16:13.142397 [info ] [Thread-4 (]: 6 of 6 START sql table model analytics.mart_macro_credit_features .............. [RUN]
[0m15:16:13.143320 [debug] [Thread-2 (]: Finished running node model.bcb_analytics.fct_exchange_rate
[0m15:16:13.145115 [debug] [Thread-4 (]: Re-using an available connection from the pool (formerly model.bcb_analytics.fct_economic_activity, now model.bcb_analytics.mart_macro_credit_features)
[0m15:16:13.146371 [debug] [Thread-4 (]: Began compiling node model.bcb_analytics.mart_macro_credit_features
[0m15:16:13.148792 [debug] [Thread-4 (]: Writing injected SQL for node "model.bcb_analytics.mart_macro_credit_features"
[0m15:16:13.155929 [debug] [Thread-4 (]: Began executing node model.bcb_analytics.mart_macro_credit_features
[0m15:16:13.159062 [debug] [Thread-4 (]: Writing runtime sql for node "model.bcb_analytics.mart_macro_credit_features"
[0m15:16:13.166213 [debug] [Thread-4 (]: Using postgres connection "model.bcb_analytics.mart_macro_credit_features"
[0m15:16:13.167026 [debug] [Thread-4 (]: On model.bcb_analytics.mart_macro_credit_features: /* {"app": "dbt", "dbt_version": "1.12.3", "profile_name": "bcb_analytics", "target_name": "dev", "node_id": "model.bcb_analytics.mart_macro_credit_features"} */

  
    

  create  table "bcb"."analytics"."mart_macro_credit_features__dbt_tmp"
  
  
    as
  
  (
    -- Create a feature dataset for statistical and machine learning models.
-- Lagged macroeconomic variables are included to capture potential
-- delayed effects of economic conditions on credit risk.

select

    reference_month,

    selic,
    selic_meta,

    -- Lagged Selic features
    lag(selic, 1) over (
        order by reference_month
    ) as selic_lag_1,

    lag(selic, 3) over (
        order by reference_month
    ) as selic_lag_3,

    lag(selic, 6) over (
        order by reference_month
    ) as selic_lag_6,

    lag(selic, 12) over (
        order by reference_month
    ) as selic_lag_12,

    ipca,

    atividade_economica,

    dolar_venda,

    credito_concedido_pf,

    taxa_credito_pf,

    inadimplencia_pf,

    -- Lagged default rate features
    lag(inadimplencia_pf, 1) over (
        order by reference_month
    ) as inadimplencia_lag_1,

    lag(inadimplencia_pf, 3) over (
        order by reference_month
    ) as inadimplencia_lag_3

from "bcb"."analytics"."stg_macro_monthly"
  );
  
[0m15:16:13.167691 [debug] [Thread-4 (]: Opening a new connection, currently in state closed
[0m15:16:13.175413 [debug] [Thread-4 (]: SQL status: SELECT 81 in 0.008 seconds
[0m15:16:13.178262 [debug] [Thread-4 (]: Using postgres connection "model.bcb_analytics.mart_macro_credit_features"
[0m15:16:13.178994 [debug] [Thread-4 (]: On model.bcb_analytics.mart_macro_credit_features: /* {"app": "dbt", "dbt_version": "1.12.3", "profile_name": "bcb_analytics", "target_name": "dev", "node_id": "model.bcb_analytics.mart_macro_credit_features"} */
alter table "bcb"."analytics"."mart_macro_credit_features__dbt_tmp" rename to "mart_macro_credit_features"
[0m15:16:13.179980 [debug] [Thread-4 (]: SQL status: ALTER TABLE in 0.000 seconds
[0m15:16:13.181668 [debug] [Thread-4 (]: On model.bcb_analytics.mart_macro_credit_features: COMMIT
[0m15:16:13.182414 [debug] [Thread-4 (]: Using postgres connection "model.bcb_analytics.mart_macro_credit_features"
[0m15:16:13.183239 [debug] [Thread-4 (]: On model.bcb_analytics.mart_macro_credit_features: COMMIT
[0m15:16:13.185066 [debug] [Thread-4 (]: SQL status: COMMIT in 0.001 seconds
[0m15:16:13.187414 [debug] [Thread-4 (]: Applying DROP to: "bcb"."analytics"."mart_macro_credit_features__dbt_backup"
[0m15:16:13.188777 [debug] [Thread-4 (]: Using postgres connection "model.bcb_analytics.mart_macro_credit_features"
[0m15:16:13.189633 [debug] [Thread-4 (]: On model.bcb_analytics.mart_macro_credit_features: /* {"app": "dbt", "dbt_version": "1.12.3", "profile_name": "bcb_analytics", "target_name": "dev", "node_id": "model.bcb_analytics.mart_macro_credit_features"} */
drop table if exists "bcb"."analytics"."mart_macro_credit_features__dbt_backup" cascade
[0m15:16:13.190636 [debug] [Thread-4 (]: SQL status: DROP TABLE in 0.000 seconds
[0m15:16:13.192145 [debug] [Thread-4 (]: On model.bcb_analytics.mart_macro_credit_features: Close
[0m15:16:13.193105 [debug] [Thread-4 (]: Sending event: {'category': 'dbt', 'action': 'run_model', 'label': '016cccc8-fab4-4a3a-ba45-a63324a909b1', 'context': [<snowplow_tracker.self_describing_json.SelfDescribingJson object at 0x761cb1d37e90>]}
[0m15:16:13.194763 [info ] [Thread-4 (]: 6 of 6 OK created sql table model analytics.mart_macro_credit_features ......... [[32mSELECT 81[0m in 0.05s]
[0m15:16:13.195810 [debug] [Thread-4 (]: Finished running node model.bcb_analytics.mart_macro_credit_features
[0m15:16:13.197956 [debug] [MainThread]: On master: COMMIT
[0m15:16:13.198653 [debug] [MainThread]: Using postgres connection "master"
[0m15:16:13.199266 [debug] [MainThread]: On master: COMMIT
[0m15:16:13.200377 [debug] [MainThread]: Opening a new connection, currently in state closed
[0m15:16:13.207049 [debug] [MainThread]: SQL status: COMMIT in 0.007 seconds
[0m15:16:13.207931 [debug] [MainThread]: On master: Close
[0m15:16:13.208790 [debug] [MainThread]: Connection 'master' was properly closed.
[0m15:16:13.209421 [debug] [MainThread]: Connection 'model.bcb_analytics.fct_monetary_policy' was properly closed.
[0m15:16:13.210032 [debug] [MainThread]: Connection 'model.bcb_analytics.fct_credit_pf' was properly closed.
[0m15:16:13.210586 [debug] [MainThread]: Connection 'model.bcb_analytics.mart_macro_credit_features' was properly closed.
[0m15:16:13.211157 [debug] [MainThread]: Connection 'model.bcb_analytics.fct_exchange_rate' was properly closed.
[0m15:16:13.211807 [info ] [MainThread]: 
[0m15:16:13.212425 [info ] [MainThread]: Finished running 5 table models, 1 view model in 0 hours 0 minutes and 0.61 seconds (0.61s).
[0m15:16:13.214413 [debug] [MainThread]: Command end result
[0m15:16:13.274868 [debug] [MainThread]: Wrote artifact WritableManifest to /usr/app/dbt/target/manifest.json
[0m15:16:13.320748 [debug] [MainThread]: Wrote artifact SemanticManifest to /usr/app/dbt/target/semantic_manifest.json
[0m15:16:13.365143 [debug] [MainThread]: Wrote artifact OsiDocument to /usr/app/dbt/target/osi_document.json
[0m15:16:13.377727 [debug] [MainThread]: Wrote artifact RunExecutionResult to /usr/app/dbt/target/run_results.json
[0m15:16:13.378429 [info ] [MainThread]: 
[0m15:16:13.379374 [info ] [MainThread]: [32mCompleted successfully[0m
[0m15:16:13.380320 [info ] [MainThread]: 
[0m15:16:13.381225 [info ] [MainThread]: Done. PASS=6 WARN=0 ERROR=0 SKIP=0 NO-OP=0 REUSED=0 TOTAL=6
[0m15:16:13.383501 [debug] [MainThread]: Resource report: {"command_name": "build", "command_success": true, "command_wall_clock_time": 2.0004148, "process_in_blocks": "110395", "process_kernel_time": 0.358011, "process_mem_max_rss": "139032", "process_out_blocks": "2200", "process_user_time": 2.541881}
[0m15:16:13.384534 [debug] [MainThread]: Command `dbt build` succeeded at 15:16:13.384402 after 2.00 seconds
[0m15:16:13.385419 [debug] [MainThread]: Sending event: {'category': 'dbt', 'action': 'invocation', 'label': 'end', 'context': [<snowplow_tracker.self_describing_json.SelfDescribingJson object at 0x761cb366a900>, <snowplow_tracker.self_describing_json.SelfDescribingJson object at 0x761cb6468230>, <snowplow_tracker.self_describing_json.SelfDescribingJson object at 0x761cb11e6cf0>]}
[0m15:16:13.386376 [debug] [MainThread]: Flushing usage events
[0m15:16:14.137957 [debug] [MainThread]: An error was encountered while trying to flush usage events
[0m15:32:28.194248 [debug] [MainThread]: Sending event: {'category': 'dbt', 'action': 'invocation', 'label': 'start', 'context': [<snowplow_tracker.self_describing_json.SelfDescribingJson object at 0x73efc9e947a0>, <snowplow_tracker.self_describing_json.SelfDescribingJson object at 0x73efcad2c260>, <snowplow_tracker.self_describing_json.SelfDescribingJson object at 0x73efcc2ea960>]}


============================== 15:32:28.212015 | aae0258f-a2df-46d1-944d-cd9b266b121a ==============================
[0m15:32:28.212015 [info ] [MainThread]: Running with dbt=1.12.3
[0m15:32:28.213826 [debug] [MainThread]: running dbt with arguments {'no_print': 'None', 'profiles_dir': '/usr/app/dbt', 'cache_selected_only': 'False', 'warn_error_options': 'WarnErrorOptionsV2(error=[], warn=[], silence=[])', 'log_cache_events': 'False', 'log_format': 'default', 'send_anonymous_usage_stats': 'True', 'quiet': 'False', 'use_experimental_parser': 'False', 'use_colors': 'True', 'indirect_selection': 'eager', 'debug': 'False', 'printer_width': '80', 'log_path': '/usr/app/dbt/logs', 'partial_parse': 'True', 'version_check': 'True', 'write_json': 'True', 'static_parser': 'True', 'introspect': 'True', 'maximum_seed_size_mib': '1', 'warn_error': 'None', 'target_path': 'None', 'hints_enabled': 'True', 'invocation_command': 'dbt build', 'fail_fast': 'False', 'empty': 'False'}
[0m15:32:28.377071 [debug] [MainThread]: Sending event: {'category': 'dbt', 'action': 'project_id', 'label': 'aae0258f-a2df-46d1-944d-cd9b266b121a', 'context': [<snowplow_tracker.self_describing_json.SelfDescribingJson object at 0x73efcd025eb0>]}
[0m15:32:28.433130 [debug] [MainThread]: Sending event: {'category': 'dbt', 'action': 'adapter_info', 'label': 'aae0258f-a2df-46d1-944d-cd9b266b121a', 'context': [<snowplow_tracker.self_describing_json.SelfDescribingJson object at 0x73efc8f16ff0>]}
[0m15:32:28.434907 [info ] [MainThread]: Registered adapter: postgres=1.11.0
[0m15:32:28.494131 [debug] [MainThread]: checksum: 93f3c84ce504663c4776f7735972647e04db2733b90ae0c7a023176aa6e7f35b, vars: {}, profile: bcb_analytics, target: dev, version: 1.12.3
[0m15:32:28.777098 [debug] [MainThread]: Partial parsing enabled: 0 files deleted, 0 files added, 0 files changed.
[0m15:32:28.778032 [debug] [MainThread]: Nothing changed, skipping partial parsing.
[0m15:32:28.778803 [debug] [MainThread]: Partial parsing enabled, no changes found, skipping parsing
[0m15:32:28.787262 [debug] [MainThread]: Sending event: {'category': 'dbt', 'action': 'load_project', 'label': 'aae0258f-a2df-46d1-944d-cd9b266b121a', 'context': [<snowplow_tracker.self_describing_json.SelfDescribingJson object at 0x73efc8f14ec0>]}
[0m15:32:28.919077 [debug] [MainThread]: Wrote artifact WritableManifest to /usr/app/dbt/target/manifest.json
[0m15:32:28.992459 [debug] [MainThread]: Wrote artifact SemanticManifest to /usr/app/dbt/target/semantic_manifest.json
[0m15:32:29.071946 [debug] [MainThread]: Wrote artifact OsiDocument to /usr/app/dbt/target/osi_document.json
[0m15:32:29.106440 [debug] [MainThread]: Sending event: {'category': 'dbt', 'action': 'resource_counts', 'label': 'aae0258f-a2df-46d1-944d-cd9b266b121a', 'context': [<snowplow_tracker.self_describing_json.SelfDescribingJson object at 0x73efc7f72060>]}
[0m15:32:29.107448 [info ] [MainThread]: Found 6 models, 1 source, 477 macros
[0m15:32:29.110373 [info ] [MainThread]: 
[0m15:32:29.111896 [info ] [MainThread]: Concurrency: 4 threads (target='dev')
[0m15:32:29.112706 [info ] [MainThread]: 
[0m15:32:29.113886 [debug] [MainThread]: Acquiring new postgres connection 'master'
[0m15:32:29.118077 [debug] [ThreadPool]: Acquiring new postgres connection 'list_bcb'
[0m15:32:29.201867 [debug] [ThreadPool]: Using postgres connection "list_bcb"
[0m15:32:29.203025 [debug] [ThreadPool]: On list_bcb: /* {"app": "dbt", "dbt_version": "1.12.3", "profile_name": "bcb_analytics", "target_name": "dev", "connection_name": "list_bcb"} */

    select distinct nspname from pg_namespace
  
[0m15:32:29.203985 [debug] [ThreadPool]: Opening a new connection, currently in state init
[0m15:32:29.214177 [debug] [ThreadPool]: SQL status: SELECT 5 in 0.010 seconds
[0m15:32:29.216044 [debug] [ThreadPool]: On list_bcb: Close
[0m15:32:29.217401 [debug] [ThreadPool]: Re-using an available connection from the pool (formerly list_bcb, now create_bcb_analytics)
[0m15:32:29.218389 [debug] [ThreadPool]: Creating schema "database: "bcb"
schema: "analytics"
"
[0m15:32:29.222265 [debug] [ThreadPool]: Using postgres connection "create_bcb_analytics"
[0m15:32:29.223148 [debug] [ThreadPool]: On create_bcb_analytics: /* {"app": "dbt", "dbt_version": "1.12.3", "profile_name": "bcb_analytics", "target_name": "dev", "connection_name": "create_bcb_analytics"} */
create schema if not exists "analytics"
[0m15:32:29.224074 [debug] [ThreadPool]: Opening a new connection, currently in state closed
[0m15:32:29.231422 [debug] [ThreadPool]: SQL status: CREATE SCHEMA in 0.007 seconds
[0m15:32:29.233061 [debug] [ThreadPool]: On create_bcb_analytics: COMMIT
[0m15:32:29.233912 [debug] [ThreadPool]: Using postgres connection "create_bcb_analytics"
[0m15:32:29.234657 [debug] [ThreadPool]: On create_bcb_analytics: COMMIT
[0m15:32:29.236721 [debug] [ThreadPool]: SQL status: COMMIT in 0.001 seconds
[0m15:32:29.237555 [debug] [ThreadPool]: On create_bcb_analytics: Close
[0m15:32:29.239667 [debug] [ThreadPool]: Re-using an available connection from the pool (formerly create_bcb_analytics, now list_bcb_analytics)
[0m15:32:29.244614 [debug] [ThreadPool]: Using postgres connection "list_bcb_analytics"
[0m15:32:29.245442 [debug] [ThreadPool]: On list_bcb_analytics: /* {"app": "dbt", "dbt_version": "1.12.3", "profile_name": "bcb_analytics", "target_name": "dev", "connection_name": "list_bcb_analytics"} */
select
      'bcb' as database,
      tablename as name,
      schemaname as schema,
      'table' as type
    from pg_tables
    where schemaname ilike 'analytics'
    union all
    select
      'bcb' as database,
      viewname as name,
      schemaname as schema,
      'view' as type
    from pg_views
    where schemaname ilike 'analytics'
    union all
    select
      'bcb' as database,
      matviewname as name,
      schemaname as schema,
      'materialized_view' as type
    from pg_matviews
    where schemaname ilike 'analytics'
    union all
    select distinct
     'bcb' as database,
     proname as name,
     ns.nspname as schema,
     'function' as type
    from pg_proc
     join pg_namespace as ns on pronamespace = ns.oid
    where ns.nspname ilike 'analytics'
  
[0m15:32:29.246129 [debug] [ThreadPool]: Opening a new connection, currently in state closed
[0m15:32:29.256142 [debug] [ThreadPool]: SQL status: SELECT 0 in 0.010 seconds
[0m15:32:29.257812 [debug] [ThreadPool]: On list_bcb_analytics: ROLLBACK
[0m15:32:29.258729 [debug] [ThreadPool]: On list_bcb_analytics: Close
[0m15:32:29.262339 [debug] [MainThread]: Using postgres connection "master"
[0m15:32:29.263410 [debug] [MainThread]: On master: /* {"app": "dbt", "dbt_version": "1.12.3", "profile_name": "bcb_analytics", "target_name": "dev", "connection_name": "master"} */
select distinct
        dependent_namespace.nspname as dependent_schema,
        dependent_class.relname as dependent_name,
        referenced_namespace.nspname as referenced_schema,
        referenced_class.relname as referenced_name

    -- Query for views: views are entries in pg_class with an entry in pg_rewrite, but we avoid
    -- a seq scan on pg_rewrite by leveraging the fact there is an "internal" row in pg_depend for
    -- the view...
    from pg_class as dependent_class
    join pg_namespace as dependent_namespace on dependent_namespace.oid = dependent_class.relnamespace
    join pg_depend as dependent_depend on dependent_depend.refobjid = dependent_class.oid
        and dependent_depend.classid = 'pg_rewrite'::regclass
        and dependent_depend.refclassid = 'pg_class'::regclass
        and dependent_depend.deptype = 'i'

    -- ... and via pg_depend (that has a row per column, hence the need for "distinct" above, and
    -- making sure to exclude the internal row to avoid a view appearing to depend on itself)...
    join pg_depend as joining_depend on joining_depend.objid = dependent_depend.objid
        and joining_depend.classid = 'pg_rewrite'::regclass
        and joining_depend.refclassid = 'pg_class'::regclass
        and joining_depend.refobjid != dependent_depend.refobjid

    -- ... we can find the tables they query from in pg_class, but excluding system tables. Note we
    -- don't need need to exclude _dependent_ system tables, because they only query from other
    -- system tables, and so are automatically excluded by excluding _referenced_ system tables
    join pg_class as referenced_class on referenced_class.oid = joining_depend.refobjid
    join pg_namespace as referenced_namespace on referenced_namespace.oid = referenced_class.relnamespace
        and referenced_namespace.nspname != 'information_schema'
        and referenced_namespace.nspname not like 'pg\_%'

    order by
        dependent_schema, dependent_name, referenced_schema, referenced_name;
[0m15:32:29.264391 [debug] [MainThread]: Opening a new connection, currently in state init
[0m15:32:29.273682 [debug] [MainThread]: SQL status: SELECT 0 in 0.009 seconds
[0m15:32:29.275500 [debug] [MainThread]: Sending event: {'category': 'dbt', 'action': 'runnable_timing', 'label': 'aae0258f-a2df-46d1-944d-cd9b266b121a', 'context': [<snowplow_tracker.self_describing_json.SelfDescribingJson object at 0x73efc7f73e00>]}
[0m15:32:29.276396 [debug] [MainThread]: On master: ROLLBACK
[0m15:32:29.277376 [debug] [MainThread]: On master: COMMIT
[0m15:32:29.278214 [debug] [MainThread]: Using postgres connection "master"
[0m15:32:29.279012 [debug] [MainThread]: On master: COMMIT
[0m15:32:29.280498 [debug] [MainThread]: SQL status: COMMIT in 0.000 seconds
[0m15:32:29.281424 [debug] [MainThread]: On master: Close
[0m15:32:29.286489 [debug] [Thread-1 (]: Began running node model.bcb_analytics.stg_macro_monthly
[0m15:32:29.287729 [info ] [Thread-1 (]: 1 of 6 START sql view model analytics.stg_macro_monthly ........................ [RUN]
[0m15:32:29.288782 [debug] [Thread-1 (]: Re-using an available connection from the pool (formerly list_bcb_analytics, now model.bcb_analytics.stg_macro_monthly)
[0m15:32:29.289682 [debug] [Thread-1 (]: Began compiling node model.bcb_analytics.stg_macro_monthly
[0m15:32:29.295820 [debug] [Thread-1 (]: Writing injected SQL for node "model.bcb_analytics.stg_macro_monthly"
[0m15:32:29.364126 [debug] [Thread-1 (]: Began executing node model.bcb_analytics.stg_macro_monthly
[0m15:32:29.394230 [debug] [Thread-1 (]: Writing runtime sql for node "model.bcb_analytics.stg_macro_monthly"
[0m15:32:29.461179 [debug] [Thread-1 (]: Using postgres connection "model.bcb_analytics.stg_macro_monthly"
[0m15:32:29.462151 [debug] [Thread-1 (]: On model.bcb_analytics.stg_macro_monthly: /* {"app": "dbt", "dbt_version": "1.12.3", "profile_name": "bcb_analytics", "target_name": "dev", "node_id": "model.bcb_analytics.stg_macro_monthly"} */

  create view "bcb"."analytics"."stg_macro_monthly__dbt_tmp"
    
    
  as (
    -- Standardize the interface between the Spark-generated Gold layer
-- and the dbt transformation layer.

select

    *

from "bcb"."gold"."macro_monthly"
  );
[0m15:32:29.462870 [debug] [Thread-1 (]: Opening a new connection, currently in state closed
[0m15:32:29.471662 [debug] [Thread-1 (]: SQL status: CREATE VIEW in 0.009 seconds
[0m15:32:29.477836 [debug] [Thread-1 (]: Using postgres connection "model.bcb_analytics.stg_macro_monthly"
[0m15:32:29.478914 [debug] [Thread-1 (]: On model.bcb_analytics.stg_macro_monthly: /* {"app": "dbt", "dbt_version": "1.12.3", "profile_name": "bcb_analytics", "target_name": "dev", "node_id": "model.bcb_analytics.stg_macro_monthly"} */
alter table "bcb"."analytics"."stg_macro_monthly__dbt_tmp" rename to "stg_macro_monthly"
[0m15:32:29.480778 [debug] [Thread-1 (]: SQL status: ALTER TABLE in 0.001 seconds
[0m15:32:29.494745 [debug] [Thread-1 (]: On model.bcb_analytics.stg_macro_monthly: COMMIT
[0m15:32:29.496408 [debug] [Thread-1 (]: Using postgres connection "model.bcb_analytics.stg_macro_monthly"
[0m15:32:29.497305 [debug] [Thread-1 (]: On model.bcb_analytics.stg_macro_monthly: COMMIT
[0m15:32:29.499980 [debug] [Thread-1 (]: SQL status: COMMIT in 0.002 seconds
[0m15:32:29.505296 [debug] [Thread-1 (]: Applying DROP to: "bcb"."analytics"."stg_macro_monthly__dbt_backup"
[0m15:32:29.511162 [debug] [Thread-1 (]: Using postgres connection "model.bcb_analytics.stg_macro_monthly"
[0m15:32:29.512311 [debug] [Thread-1 (]: On model.bcb_analytics.stg_macro_monthly: /* {"app": "dbt", "dbt_version": "1.12.3", "profile_name": "bcb_analytics", "target_name": "dev", "node_id": "model.bcb_analytics.stg_macro_monthly"} */
drop view if exists "bcb"."analytics"."stg_macro_monthly__dbt_backup" cascade
[0m15:32:29.513437 [debug] [Thread-1 (]: SQL status: DROP VIEW in 0.000 seconds
[0m15:32:29.516006 [debug] [Thread-1 (]: On model.bcb_analytics.stg_macro_monthly: Close
[0m15:32:29.520515 [debug] [Thread-1 (]: Sending event: {'category': 'dbt', 'action': 'run_model', 'label': 'aae0258f-a2df-46d1-944d-cd9b266b121a', 'context': [<snowplow_tracker.self_describing_json.SelfDescribingJson object at 0x73efcd025100>]}
[0m15:32:29.521848 [info ] [Thread-1 (]: 1 of 6 OK created sql view model analytics.stg_macro_monthly ................... [[32mCREATE VIEW[0m in 0.23s]
[0m15:32:29.522985 [debug] [Thread-1 (]: Finished running node model.bcb_analytics.stg_macro_monthly
[0m15:32:29.524739 [debug] [Thread-3 (]: Began running node model.bcb_analytics.fct_credit_pf
[0m15:32:29.525222 [debug] [Thread-4 (]: Began running node model.bcb_analytics.fct_economic_activity
[0m15:32:29.525685 [info ] [Thread-3 (]: 2 of 6 START sql table model analytics.fct_credit_pf ........................... [RUN]
[0m15:32:29.526212 [debug] [Thread-2 (]: Began running node model.bcb_analytics.fct_exchange_rate
[0m15:32:29.526586 [debug] [Thread-1 (]: Began running node model.bcb_analytics.fct_monetary_policy
[0m15:32:29.527061 [info ] [Thread-4 (]: 3 of 6 START sql table model analytics.fct_economic_activity ................... [RUN]
[0m15:32:29.528284 [debug] [Thread-3 (]: Acquiring new postgres connection 'model.bcb_analytics.fct_credit_pf'
[0m15:32:29.529127 [info ] [Thread-2 (]: 4 of 6 START sql table model analytics.fct_exchange_rate ....................... [RUN]
[0m15:32:29.529999 [info ] [Thread-1 (]: 5 of 6 START sql table model analytics.fct_monetary_policy ..................... [RUN]
[0m15:32:29.531178 [debug] [Thread-4 (]: Acquiring new postgres connection 'model.bcb_analytics.fct_economic_activity'
[0m15:32:29.532133 [debug] [Thread-3 (]: Began compiling node model.bcb_analytics.fct_credit_pf
[0m15:32:29.533505 [debug] [Thread-2 (]: Acquiring new postgres connection 'model.bcb_analytics.fct_exchange_rate'
[0m15:32:29.534783 [debug] [Thread-1 (]: Re-using an available connection from the pool (formerly model.bcb_analytics.stg_macro_monthly, now model.bcb_analytics.fct_monetary_policy)
[0m15:32:29.535614 [debug] [Thread-4 (]: Began compiling node model.bcb_analytics.fct_economic_activity
[0m15:32:29.537982 [debug] [Thread-3 (]: Writing injected SQL for node "model.bcb_analytics.fct_credit_pf"
[0m15:32:29.538971 [debug] [Thread-2 (]: Began compiling node model.bcb_analytics.fct_exchange_rate
[0m15:32:29.539884 [debug] [Thread-1 (]: Began compiling node model.bcb_analytics.fct_monetary_policy
[0m15:32:29.542207 [debug] [Thread-4 (]: Writing injected SQL for node "model.bcb_analytics.fct_economic_activity"
[0m15:32:29.545517 [debug] [Thread-2 (]: Writing injected SQL for node "model.bcb_analytics.fct_exchange_rate"
[0m15:32:29.548412 [debug] [Thread-1 (]: Writing injected SQL for node "model.bcb_analytics.fct_monetary_policy"
[0m15:32:29.551365 [debug] [Thread-3 (]: Began executing node model.bcb_analytics.fct_credit_pf
[0m15:32:29.570373 [debug] [Thread-3 (]: Writing runtime sql for node "model.bcb_analytics.fct_credit_pf"
[0m15:32:29.570832 [debug] [Thread-2 (]: Began executing node model.bcb_analytics.fct_exchange_rate
[0m15:32:29.571897 [debug] [Thread-4 (]: Began executing node model.bcb_analytics.fct_economic_activity
[0m15:32:29.575983 [debug] [Thread-2 (]: Writing runtime sql for node "model.bcb_analytics.fct_exchange_rate"
[0m15:32:29.576466 [debug] [Thread-1 (]: Began executing node model.bcb_analytics.fct_monetary_policy
[0m15:32:29.579583 [debug] [Thread-4 (]: Writing runtime sql for node "model.bcb_analytics.fct_economic_activity"
[0m15:32:29.583273 [debug] [Thread-1 (]: Writing runtime sql for node "model.bcb_analytics.fct_monetary_policy"
[0m15:32:29.583937 [debug] [Thread-3 (]: Using postgres connection "model.bcb_analytics.fct_credit_pf"
[0m15:32:29.585464 [debug] [Thread-3 (]: On model.bcb_analytics.fct_credit_pf: /* {"app": "dbt", "dbt_version": "1.12.3", "profile_name": "bcb_analytics", "target_name": "dev", "node_id": "model.bcb_analytics.fct_credit_pf"} */

  
    

  create  table "bcb"."analytics"."fct_credit_pf__dbt_tmp"
  
  
    as
  
  (
    -- Create analytical indicators for individual credit.
-- The model combines credit concessions, outstanding balances,
-- interest rates, and default indicators with their variations.

select

    reference_month,

    credito_concedido_pf,

    credito_livre_pf,

    saldo_credito_pessoal,

    taxa_credito_pf,

    inadimplencia_pf,

    inadimplencia_credito_pessoal_pf,

    -- Absolute monthly change in credit concessions
    credito_concedido_pf
        - lag(credito_concedido_pf) over (
            order by reference_month
        ) as credito_concedido_change,

    -- Monthly-over-month credit concession growth
    (
        credito_concedido_pf /
        lag(credito_concedido_pf) over (
            order by reference_month
        ) - 1
    ) * 100 as credito_concedido_mom,

    -- Year-over-year credit concession growth
    (
        credito_concedido_pf /
        lag(credito_concedido_pf, 12) over (
            order by reference_month
        ) - 1
    ) * 100 as credito_concedido_yoy,

    -- Absolute monthly change in the individual default rate
    inadimplencia_pf
        - lag(inadimplencia_pf) over (
            order by reference_month
        ) as inadimplencia_change

from "bcb"."analytics"."stg_macro_monthly"
  );
  
[0m15:32:29.586128 [debug] [Thread-2 (]: Using postgres connection "model.bcb_analytics.fct_exchange_rate"
[0m15:32:29.586699 [debug] [Thread-3 (]: Opening a new connection, currently in state init
[0m15:32:29.587650 [debug] [Thread-2 (]: On model.bcb_analytics.fct_exchange_rate: /* {"app": "dbt", "dbt_version": "1.12.3", "profile_name": "bcb_analytics", "target_name": "dev", "node_id": "model.bcb_analytics.fct_exchange_rate"} */

  
    

  create  table "bcb"."analytics"."fct_exchange_rate__dbt_tmp"
  
  
    as
  
  (
    -- Create analytical indicators for the BRL/USD exchange rate.
-- Daily exchange rate series have already been aggregated
-- to monthly averages by Spark.

select

    reference_month,

    dolar_compra,

    dolar_venda,

    -- Average between the purchase and selling exchange rates
    (dolar_compra + dolar_venda) / 2 as dolar_medio,

    -- Difference between selling and purchase rates
    dolar_venda - dolar_compra as spread_cambio,

    -- Absolute monthly change in the selling exchange rate
    dolar_venda
        - lag(dolar_venda) over (
            order by reference_month
        ) as cambio_change,

    -- Monthly-over-month exchange rate growth
    (
        dolar_venda /
        lag(dolar_venda) over (
            order by reference_month
        ) - 1
    ) * 100 as cambio_mom,

    -- Year-over-year exchange rate growth
    (
        dolar_venda /
        lag(dolar_venda, 12) over (
            order by reference_month
        ) - 1
    ) * 100 as cambio_yoy

from "bcb"."analytics"."stg_macro_monthly"
  );
  
[0m15:32:29.589291 [debug] [Thread-4 (]: Using postgres connection "model.bcb_analytics.fct_economic_activity"
[0m15:32:29.589702 [debug] [Thread-2 (]: Opening a new connection, currently in state init
[0m15:32:29.590180 [debug] [Thread-1 (]: Using postgres connection "model.bcb_analytics.fct_monetary_policy"
[0m15:32:29.590583 [debug] [Thread-4 (]: On model.bcb_analytics.fct_economic_activity: /* {"app": "dbt", "dbt_version": "1.12.3", "profile_name": "bcb_analytics", "target_name": "dev", "node_id": "model.bcb_analytics.fct_economic_activity"} */

  
    

  create  table "bcb"."analytics"."fct_economic_activity__dbt_tmp"
  
  
    as
  
  (
    -- Create analytical indicators for economic activity.
-- Monthly-over-month (MoM) and year-over-year (YoY)
-- growth rates are calculated from the monthly series.

with base as (

    select

        reference_month,

        atividade_economica,
        atividade_agropecuaria,
        atividade_industria,
        atividade_servicos,
        atividade_impostos

    from "bcb"."analytics"."stg_macro_monthly"

),

features as (

    select

        *,

        -- Monthly-over-month economic activity growth
        (
            atividade_economica /
            lag(atividade_economica) over (
                order by reference_month
            ) - 1
        ) * 100 as atividade_economica_mom,

        -- Year-over-year economic activity growth
        (
            atividade_economica /
            lag(atividade_economica, 12) over (
                order by reference_month
            ) - 1
        ) * 100 as atividade_economica_yoy,

        -- Year-over-year industrial activity growth
        (
            atividade_industria /
            lag(atividade_industria, 12) over (
                order by reference_month
            ) - 1
        ) * 100 as industria_yoy,

        -- Year-over-year services activity growth
        (
            atividade_servicos /
            lag(atividade_servicos, 12) over (
                order by reference_month
            ) - 1
        ) * 100 as servicos_yoy

    from base

)

select *

from features
  );
  
[0m15:32:29.591825 [debug] [Thread-1 (]: On model.bcb_analytics.fct_monetary_policy: /* {"app": "dbt", "dbt_version": "1.12.3", "profile_name": "bcb_analytics", "target_name": "dev", "node_id": "model.bcb_analytics.fct_monetary_policy"} */

  
    

  create  table "bcb"."analytics"."fct_monetary_policy__dbt_tmp"
  
  
    as
  
  (
    -- Create analytical indicators related to monetary policy.
-- The model derives changes in the Selic rate and the spread
-- between the effective Selic rate and its target.

select

    reference_month,

    selic,

    selic_meta,

    -- Difference between the effective Selic rate and its target
    selic - selic_meta as selic_spread,

    -- Selic rate from the previous month
    lag(selic) over (
        order by reference_month
    ) as selic_previous_month,

    -- Absolute monthly change in the Selic rate
    selic - lag(selic) over (
        order by reference_month
    ) as selic_change,

    -- Selic target from the previous month
    lag(selic_meta) over (
        order by reference_month
    ) as selic_meta_previous_month,

    -- Absolute monthly change in the Selic target
    selic_meta - lag(selic_meta) over (
        order by reference_month
    ) as selic_meta_change

from "bcb"."analytics"."stg_macro_monthly"
  );
  
[0m15:32:29.592576 [debug] [Thread-4 (]: Opening a new connection, currently in state init
[0m15:32:29.593269 [debug] [Thread-1 (]: Opening a new connection, currently in state closed
[0m15:32:29.596964 [debug] [Thread-3 (]: SQL status: SELECT 81 in 0.010 seconds
[0m15:32:29.603385 [debug] [Thread-3 (]: Using postgres connection "model.bcb_analytics.fct_credit_pf"
[0m15:32:29.603931 [debug] [Thread-2 (]: SQL status: SELECT 81 in 0.014 seconds
[0m15:32:29.605681 [debug] [Thread-1 (]: SQL status: SELECT 81 in 0.012 seconds
[0m15:32:29.606068 [debug] [Thread-4 (]: SQL status: SELECT 81 in 0.013 seconds
[0m15:32:29.606411 [debug] [Thread-3 (]: On model.bcb_analytics.fct_credit_pf: /* {"app": "dbt", "dbt_version": "1.12.3", "profile_name": "bcb_analytics", "target_name": "dev", "node_id": "model.bcb_analytics.fct_credit_pf"} */
alter table "bcb"."analytics"."fct_credit_pf__dbt_tmp" rename to "fct_credit_pf"
[0m15:32:29.609051 [debug] [Thread-2 (]: Using postgres connection "model.bcb_analytics.fct_exchange_rate"
[0m15:32:29.611411 [debug] [Thread-1 (]: Using postgres connection "model.bcb_analytics.fct_monetary_policy"
[0m15:32:29.614754 [debug] [Thread-4 (]: Using postgres connection "model.bcb_analytics.fct_economic_activity"
[0m15:32:29.616513 [debug] [Thread-3 (]: SQL status: ALTER TABLE in 0.000 seconds
[0m15:32:29.616917 [debug] [Thread-2 (]: On model.bcb_analytics.fct_exchange_rate: /* {"app": "dbt", "dbt_version": "1.12.3", "profile_name": "bcb_analytics", "target_name": "dev", "node_id": "model.bcb_analytics.fct_exchange_rate"} */
alter table "bcb"."analytics"."fct_exchange_rate__dbt_tmp" rename to "fct_exchange_rate"
[0m15:32:29.617753 [debug] [Thread-1 (]: On model.bcb_analytics.fct_monetary_policy: /* {"app": "dbt", "dbt_version": "1.12.3", "profile_name": "bcb_analytics", "target_name": "dev", "node_id": "model.bcb_analytics.fct_monetary_policy"} */
alter table "bcb"."analytics"."fct_monetary_policy__dbt_tmp" rename to "fct_monetary_policy"
[0m15:32:29.618521 [debug] [Thread-4 (]: On model.bcb_analytics.fct_economic_activity: /* {"app": "dbt", "dbt_version": "1.12.3", "profile_name": "bcb_analytics", "target_name": "dev", "node_id": "model.bcb_analytics.fct_economic_activity"} */
alter table "bcb"."analytics"."fct_economic_activity__dbt_tmp" rename to "fct_economic_activity"
[0m15:32:29.620261 [debug] [Thread-3 (]: On model.bcb_analytics.fct_credit_pf: COMMIT
[0m15:32:29.621394 [debug] [Thread-2 (]: SQL status: ALTER TABLE in 0.000 seconds
[0m15:32:29.622039 [debug] [Thread-1 (]: SQL status: ALTER TABLE in 0.000 seconds
[0m15:32:29.622668 [debug] [Thread-4 (]: SQL status: ALTER TABLE in 0.000 seconds
[0m15:32:29.622985 [debug] [Thread-3 (]: Using postgres connection "model.bcb_analytics.fct_credit_pf"
[0m15:32:29.624618 [debug] [Thread-2 (]: On model.bcb_analytics.fct_exchange_rate: COMMIT
[0m15:32:29.626687 [debug] [Thread-1 (]: On model.bcb_analytics.fct_monetary_policy: COMMIT
[0m15:32:29.628919 [debug] [Thread-4 (]: On model.bcb_analytics.fct_economic_activity: COMMIT
[0m15:32:29.629847 [debug] [Thread-3 (]: On model.bcb_analytics.fct_credit_pf: COMMIT
[0m15:32:29.630745 [debug] [Thread-2 (]: Using postgres connection "model.bcb_analytics.fct_exchange_rate"
[0m15:32:29.631545 [debug] [Thread-1 (]: Using postgres connection "model.bcb_analytics.fct_monetary_policy"
[0m15:32:29.632292 [debug] [Thread-4 (]: Using postgres connection "model.bcb_analytics.fct_economic_activity"
[0m15:32:29.633431 [debug] [Thread-2 (]: On model.bcb_analytics.fct_exchange_rate: COMMIT
[0m15:32:29.634182 [debug] [Thread-1 (]: On model.bcb_analytics.fct_monetary_policy: COMMIT
[0m15:32:29.634892 [debug] [Thread-4 (]: On model.bcb_analytics.fct_economic_activity: COMMIT
[0m15:32:29.635986 [debug] [Thread-3 (]: SQL status: COMMIT in 0.003 seconds
[0m15:32:29.636806 [debug] [Thread-2 (]: SQL status: COMMIT in 0.001 seconds
[0m15:32:29.637471 [debug] [Thread-1 (]: SQL status: COMMIT in 0.001 seconds
[0m15:32:29.638909 [debug] [Thread-3 (]: Applying DROP to: "bcb"."analytics"."fct_credit_pf__dbt_backup"
[0m15:32:29.639410 [debug] [Thread-4 (]: SQL status: COMMIT in 0.003 seconds
[0m15:32:29.641299 [debug] [Thread-2 (]: Applying DROP to: "bcb"."analytics"."fct_exchange_rate__dbt_backup"
[0m15:32:29.643059 [debug] [Thread-1 (]: Applying DROP to: "bcb"."analytics"."fct_monetary_policy__dbt_backup"
[0m15:32:29.646212 [debug] [Thread-3 (]: Using postgres connection "model.bcb_analytics.fct_credit_pf"
[0m15:32:29.647857 [debug] [Thread-4 (]: Applying DROP to: "bcb"."analytics"."fct_economic_activity__dbt_backup"
[0m15:32:29.649063 [debug] [Thread-2 (]: Using postgres connection "model.bcb_analytics.fct_exchange_rate"
[0m15:32:29.650092 [debug] [Thread-1 (]: Using postgres connection "model.bcb_analytics.fct_monetary_policy"
[0m15:32:29.650818 [debug] [Thread-3 (]: On model.bcb_analytics.fct_credit_pf: /* {"app": "dbt", "dbt_version": "1.12.3", "profile_name": "bcb_analytics", "target_name": "dev", "node_id": "model.bcb_analytics.fct_credit_pf"} */
drop table if exists "bcb"."analytics"."fct_credit_pf__dbt_backup" cascade
[0m15:32:29.651799 [debug] [Thread-4 (]: Using postgres connection "model.bcb_analytics.fct_economic_activity"
[0m15:32:29.652800 [debug] [Thread-2 (]: On model.bcb_analytics.fct_exchange_rate: /* {"app": "dbt", "dbt_version": "1.12.3", "profile_name": "bcb_analytics", "target_name": "dev", "node_id": "model.bcb_analytics.fct_exchange_rate"} */
drop table if exists "bcb"."analytics"."fct_exchange_rate__dbt_backup" cascade
[0m15:32:29.653909 [debug] [Thread-1 (]: On model.bcb_analytics.fct_monetary_policy: /* {"app": "dbt", "dbt_version": "1.12.3", "profile_name": "bcb_analytics", "target_name": "dev", "node_id": "model.bcb_analytics.fct_monetary_policy"} */
drop table if exists "bcb"."analytics"."fct_monetary_policy__dbt_backup" cascade
[0m15:32:29.655046 [debug] [Thread-3 (]: SQL status: DROP TABLE in 0.000 seconds
[0m15:32:29.655384 [debug] [Thread-4 (]: On model.bcb_analytics.fct_economic_activity: /* {"app": "dbt", "dbt_version": "1.12.3", "profile_name": "bcb_analytics", "target_name": "dev", "node_id": "model.bcb_analytics.fct_economic_activity"} */
drop table if exists "bcb"."analytics"."fct_economic_activity__dbt_backup" cascade
[0m15:32:29.656448 [debug] [Thread-2 (]: SQL status: DROP TABLE in 0.000 seconds
[0m15:32:29.657049 [debug] [Thread-1 (]: SQL status: DROP TABLE in 0.000 seconds
[0m15:32:29.658265 [debug] [Thread-3 (]: On model.bcb_analytics.fct_credit_pf: Close
[0m15:32:29.659234 [debug] [Thread-4 (]: SQL status: DROP TABLE in 0.000 seconds
[0m15:32:29.660302 [debug] [Thread-2 (]: On model.bcb_analytics.fct_exchange_rate: Close
[0m15:32:29.661781 [debug] [Thread-1 (]: On model.bcb_analytics.fct_monetary_policy: Close
[0m15:32:29.662733 [debug] [Thread-3 (]: Sending event: {'category': 'dbt', 'action': 'run_model', 'label': 'aae0258f-a2df-46d1-944d-cd9b266b121a', 'context': [<snowplow_tracker.self_describing_json.SelfDescribingJson object at 0x73efc9e4d850>]}
[0m15:32:29.664961 [debug] [Thread-4 (]: On model.bcb_analytics.fct_economic_activity: Close
[0m15:32:29.666287 [debug] [Thread-2 (]: Sending event: {'category': 'dbt', 'action': 'run_model', 'label': 'aae0258f-a2df-46d1-944d-cd9b266b121a', 'context': [<snowplow_tracker.self_describing_json.SelfDescribingJson object at 0x73efc9bf16d0>]}
[0m15:32:29.667087 [debug] [Thread-1 (]: Sending event: {'category': 'dbt', 'action': 'run_model', 'label': 'aae0258f-a2df-46d1-944d-cd9b266b121a', 'context': [<snowplow_tracker.self_describing_json.SelfDescribingJson object at 0x73efc73f4200>]}
[0m15:32:29.668079 [info ] [Thread-3 (]: 2 of 6 OK created sql table model analytics.fct_credit_pf ...................... [[32mSELECT 81[0m in 0.13s]
[0m15:32:29.669541 [debug] [Thread-4 (]: Sending event: {'category': 'dbt', 'action': 'run_model', 'label': 'aae0258f-a2df-46d1-944d-cd9b266b121a', 'context': [<snowplow_tracker.self_describing_json.SelfDescribingJson object at 0x73efc92d38c0>]}
[0m15:32:29.670976 [info ] [Thread-2 (]: 4 of 6 OK created sql table model analytics.fct_exchange_rate .................. [[32mSELECT 81[0m in 0.13s]
[0m15:32:29.671949 [info ] [Thread-1 (]: 5 of 6 OK created sql table model analytics.fct_monetary_policy ................ [[32mSELECT 81[0m in 0.13s]
[0m15:32:29.673042 [debug] [Thread-3 (]: Finished running node model.bcb_analytics.fct_credit_pf
[0m15:32:29.673993 [info ] [Thread-4 (]: 3 of 6 OK created sql table model analytics.fct_economic_activity .............. [[32mSELECT 81[0m in 0.14s]
[0m15:32:29.674842 [debug] [Thread-2 (]: Finished running node model.bcb_analytics.fct_exchange_rate
[0m15:32:29.675687 [debug] [Thread-1 (]: Finished running node model.bcb_analytics.fct_monetary_policy
[0m15:32:29.676420 [debug] [Thread-3 (]: Began running node model.bcb_analytics.mart_macro_credit_features
[0m15:32:29.677259 [debug] [Thread-4 (]: Finished running node model.bcb_analytics.fct_economic_activity
[0m15:32:29.679190 [info ] [Thread-3 (]: 6 of 6 START sql table model analytics.mart_macro_credit_features .............. [RUN]
[0m15:32:29.680943 [debug] [Thread-3 (]: Re-using an available connection from the pool (formerly model.bcb_analytics.fct_credit_pf, now model.bcb_analytics.mart_macro_credit_features)
[0m15:32:29.681694 [debug] [Thread-3 (]: Began compiling node model.bcb_analytics.mart_macro_credit_features
[0m15:32:29.683728 [debug] [Thread-3 (]: Writing injected SQL for node "model.bcb_analytics.mart_macro_credit_features"
[0m15:32:29.690627 [debug] [Thread-3 (]: Began executing node model.bcb_analytics.mart_macro_credit_features
[0m15:32:29.693956 [debug] [Thread-3 (]: Writing runtime sql for node "model.bcb_analytics.mart_macro_credit_features"
[0m15:32:29.701433 [debug] [Thread-3 (]: Using postgres connection "model.bcb_analytics.mart_macro_credit_features"
[0m15:32:29.702176 [debug] [Thread-3 (]: On model.bcb_analytics.mart_macro_credit_features: /* {"app": "dbt", "dbt_version": "1.12.3", "profile_name": "bcb_analytics", "target_name": "dev", "node_id": "model.bcb_analytics.mart_macro_credit_features"} */

  
    

  create  table "bcb"."analytics"."mart_macro_credit_features__dbt_tmp"
  
  
    as
  
  (
    -- Create a feature dataset for statistical and machine learning models.
-- Lagged macroeconomic variables are included to capture potential
-- delayed effects of economic conditions on credit risk.

select

    reference_month,

    selic,
    selic_meta,

    -- Lagged Selic features
    lag(selic, 1) over (
        order by reference_month
    ) as selic_lag_1,

    lag(selic, 3) over (
        order by reference_month
    ) as selic_lag_3,

    lag(selic, 6) over (
        order by reference_month
    ) as selic_lag_6,

    lag(selic, 12) over (
        order by reference_month
    ) as selic_lag_12,

    ipca,

    atividade_economica,

    dolar_venda,

    credito_concedido_pf,

    taxa_credito_pf,

    inadimplencia_pf,

    -- Lagged default rate features
    lag(inadimplencia_pf, 1) over (
        order by reference_month
    ) as inadimplencia_lag_1,

    lag(inadimplencia_pf, 3) over (
        order by reference_month
    ) as inadimplencia_lag_3

from "bcb"."analytics"."stg_macro_monthly"
  );
  
[0m15:32:29.702850 [debug] [Thread-3 (]: Opening a new connection, currently in state closed
[0m15:32:29.710914 [debug] [Thread-3 (]: SQL status: SELECT 81 in 0.008 seconds
[0m15:32:29.713589 [debug] [Thread-3 (]: Using postgres connection "model.bcb_analytics.mart_macro_credit_features"
[0m15:32:29.714414 [debug] [Thread-3 (]: On model.bcb_analytics.mart_macro_credit_features: /* {"app": "dbt", "dbt_version": "1.12.3", "profile_name": "bcb_analytics", "target_name": "dev", "node_id": "model.bcb_analytics.mart_macro_credit_features"} */
alter table "bcb"."analytics"."mart_macro_credit_features__dbt_tmp" rename to "mart_macro_credit_features"
[0m15:32:29.715332 [debug] [Thread-3 (]: SQL status: ALTER TABLE in 0.000 seconds
[0m15:32:29.716987 [debug] [Thread-3 (]: On model.bcb_analytics.mart_macro_credit_features: COMMIT
[0m15:32:29.717647 [debug] [Thread-3 (]: Using postgres connection "model.bcb_analytics.mart_macro_credit_features"
[0m15:32:29.718264 [debug] [Thread-3 (]: On model.bcb_analytics.mart_macro_credit_features: COMMIT
[0m15:32:29.720473 [debug] [Thread-3 (]: SQL status: COMMIT in 0.001 seconds
[0m15:32:29.722454 [debug] [Thread-3 (]: Applying DROP to: "bcb"."analytics"."mart_macro_credit_features__dbt_backup"
[0m15:32:29.723443 [debug] [Thread-3 (]: Using postgres connection "model.bcb_analytics.mart_macro_credit_features"
[0m15:32:29.724147 [debug] [Thread-3 (]: On model.bcb_analytics.mart_macro_credit_features: /* {"app": "dbt", "dbt_version": "1.12.3", "profile_name": "bcb_analytics", "target_name": "dev", "node_id": "model.bcb_analytics.mart_macro_credit_features"} */
drop table if exists "bcb"."analytics"."mart_macro_credit_features__dbt_backup" cascade
[0m15:32:29.725133 [debug] [Thread-3 (]: SQL status: DROP TABLE in 0.000 seconds
[0m15:32:29.726583 [debug] [Thread-3 (]: On model.bcb_analytics.mart_macro_credit_features: Close
[0m15:32:29.727434 [debug] [Thread-3 (]: Sending event: {'category': 'dbt', 'action': 'run_model', 'label': 'aae0258f-a2df-46d1-944d-cd9b266b121a', 'context': [<snowplow_tracker.self_describing_json.SelfDescribingJson object at 0x73efc9e4e300>]}
[0m15:32:29.728316 [info ] [Thread-3 (]: 6 of 6 OK created sql table model analytics.mart_macro_credit_features ......... [[32mSELECT 81[0m in 0.05s]
[0m15:32:29.729260 [debug] [Thread-3 (]: Finished running node model.bcb_analytics.mart_macro_credit_features
[0m15:32:29.731456 [debug] [MainThread]: On master: COMMIT
[0m15:32:29.732292 [debug] [MainThread]: Using postgres connection "master"
[0m15:32:29.733177 [debug] [MainThread]: On master: COMMIT
[0m15:32:29.733782 [debug] [MainThread]: Opening a new connection, currently in state closed
[0m15:32:29.739938 [debug] [MainThread]: SQL status: COMMIT in 0.006 seconds
[0m15:32:29.740665 [debug] [MainThread]: On master: Close
[0m15:32:29.741450 [debug] [MainThread]: Connection 'master' was properly closed.
[0m15:32:29.741992 [debug] [MainThread]: Connection 'model.bcb_analytics.fct_monetary_policy' was properly closed.
[0m15:32:29.742511 [debug] [MainThread]: Connection 'model.bcb_analytics.mart_macro_credit_features' was properly closed.
[0m15:32:29.742996 [debug] [MainThread]: Connection 'model.bcb_analytics.fct_economic_activity' was properly closed.
[0m15:32:29.743496 [debug] [MainThread]: Connection 'model.bcb_analytics.fct_exchange_rate' was properly closed.
[0m15:32:29.744091 [info ] [MainThread]: 
[0m15:32:29.744697 [info ] [MainThread]: Finished running 5 table models, 1 view model in 0 hours 0 minutes and 0.63 seconds (0.63s).
[0m15:32:29.746556 [debug] [MainThread]: Command end result
[0m15:32:29.809711 [debug] [MainThread]: Wrote artifact WritableManifest to /usr/app/dbt/target/manifest.json
[0m15:32:29.867595 [debug] [MainThread]: Wrote artifact SemanticManifest to /usr/app/dbt/target/semantic_manifest.json
[0m15:32:29.914721 [debug] [MainThread]: Wrote artifact OsiDocument to /usr/app/dbt/target/osi_document.json
[0m15:32:29.926800 [debug] [MainThread]: Wrote artifact RunExecutionResult to /usr/app/dbt/target/run_results.json
[0m15:32:29.927538 [info ] [MainThread]: 
[0m15:32:29.928474 [info ] [MainThread]: [32mCompleted successfully[0m
[0m15:32:29.929232 [info ] [MainThread]: 
[0m15:32:29.930254 [info ] [MainThread]: Done. PASS=6 WARN=0 ERROR=0 SKIP=0 NO-OP=0 REUSED=0 TOTAL=6
[0m15:32:29.931628 [debug] [MainThread]: Resource report: {"command_name": "build", "command_success": true, "command_wall_clock_time": 1.8350134, "process_in_blocks": "37427", "process_kernel_time": 0.31498, "process_mem_max_rss": "139008", "process_out_blocks": "2200", "process_user_time": 2.272644}
[0m15:32:29.932541 [debug] [MainThread]: Command `dbt build` succeeded at 15:32:29.932373 after 1.84 seconds
[0m15:32:29.933540 [debug] [MainThread]: Sending event: {'category': 'dbt', 'action': 'invocation', 'label': 'end', 'context': [<snowplow_tracker.self_describing_json.SelfDescribingJson object at 0x73efced3ea80>, <snowplow_tracker.self_describing_json.SelfDescribingJson object at 0x73efc7f73bf0>, <snowplow_tracker.self_describing_json.SelfDescribingJson object at 0x73efc7f73c20>]}
[0m15:32:29.934268 [debug] [MainThread]: Flushing usage events
[0m15:32:30.679793 [debug] [MainThread]: An error was encountered while trying to flush usage events
[0m15:57:12.394137 [debug] [MainThread]: Sending event: {'category': 'dbt', 'action': 'invocation', 'label': 'start', 'context': [<snowplow_tracker.self_describing_json.SelfDescribingJson object at 0x7961eb251d00>, <snowplow_tracker.self_describing_json.SelfDescribingJson object at 0x7961ea4ae930>, <snowplow_tracker.self_describing_json.SelfDescribingJson object at 0x7961ecb9c140>]}


============================== 15:57:12.426329 | 50155ea9-ce31-4ad0-b101-582ee0672661 ==============================
[0m15:57:12.426329 [info ] [MainThread]: Running with dbt=1.12.3
[0m15:57:12.428420 [debug] [MainThread]: running dbt with arguments {'warn_error_options': 'WarnErrorOptionsV2(error=[], warn=[], silence=[])', 'invocation_command': 'dbt build', 'debug': 'False', 'send_anonymous_usage_stats': 'True', 'target_path': 'None', 'version_check': 'True', 'profiles_dir': '/usr/app/dbt', 'indirect_selection': 'eager', 'cache_selected_only': 'False', 'fail_fast': 'False', 'quiet': 'False', 'empty': 'False', 'static_parser': 'True', 'partial_parse': 'True', 'log_cache_events': 'False', 'no_print': 'None', 'warn_error': 'None', 'use_colors': 'True', 'use_experimental_parser': 'False', 'log_path': '/usr/app/dbt/logs', 'write_json': 'True', 'introspect': 'True', 'maximum_seed_size_mib': '1', 'log_format': 'default', 'printer_width': '80', 'hints_enabled': 'True'}
[0m15:57:12.690001 [debug] [MainThread]: Sending event: {'category': 'dbt', 'action': 'project_id', 'label': '50155ea9-ce31-4ad0-b101-582ee0672661', 'context': [<snowplow_tracker.self_describing_json.SelfDescribingJson object at 0x7961e877b0e0>]}
[0m15:57:12.772990 [debug] [MainThread]: Sending event: {'category': 'dbt', 'action': 'adapter_info', 'label': '50155ea9-ce31-4ad0-b101-582ee0672661', 'context': [<snowplow_tracker.self_describing_json.SelfDescribingJson object at 0x7961e93108c0>]}
[0m15:57:12.775350 [info ] [MainThread]: Registered adapter: postgres=1.11.0
[0m15:57:12.882781 [debug] [MainThread]: checksum: 93f3c84ce504663c4776f7735972647e04db2733b90ae0c7a023176aa6e7f35b, vars: {}, profile: bcb_analytics, target: dev, version: 1.12.3
[0m15:57:13.258401 [debug] [MainThread]: Partial parsing enabled: 0 files deleted, 0 files added, 0 files changed.
[0m15:57:13.259316 [debug] [MainThread]: Nothing changed, skipping partial parsing.
[0m15:57:13.260094 [debug] [MainThread]: Partial parsing enabled, no changes found, skipping parsing
[0m15:57:13.269920 [debug] [MainThread]: Sending event: {'category': 'dbt', 'action': 'load_project', 'label': '50155ea9-ce31-4ad0-b101-582ee0672661', 'context': [<snowplow_tracker.self_describing_json.SelfDescribingJson object at 0x7961e8319340>]}
[0m15:57:13.434584 [debug] [MainThread]: Wrote artifact WritableManifest to /usr/app/dbt/target/manifest.json
[0m15:57:13.484206 [debug] [MainThread]: Wrote artifact SemanticManifest to /usr/app/dbt/target/semantic_manifest.json
[0m15:57:13.567490 [debug] [MainThread]: Wrote artifact OsiDocument to /usr/app/dbt/target/osi_document.json
[0m15:57:13.617487 [debug] [MainThread]: Sending event: {'category': 'dbt', 'action': 'resource_counts', 'label': '50155ea9-ce31-4ad0-b101-582ee0672661', 'context': [<snowplow_tracker.self_describing_json.SelfDescribingJson object at 0x7961e737bef0>]}
[0m15:57:13.618506 [info ] [MainThread]: Found 6 models, 1 source, 477 macros
[0m15:57:13.621659 [info ] [MainThread]: 
[0m15:57:13.622740 [info ] [MainThread]: Concurrency: 4 threads (target='dev')
[0m15:57:13.623753 [info ] [MainThread]: 
[0m15:57:13.624990 [debug] [MainThread]: Acquiring new postgres connection 'master'
[0m15:57:13.631275 [debug] [ThreadPool]: Acquiring new postgres connection 'list_bcb'
[0m15:57:13.777348 [debug] [ThreadPool]: Using postgres connection "list_bcb"
[0m15:57:13.778391 [debug] [ThreadPool]: On list_bcb: /* {"app": "dbt", "dbt_version": "1.12.3", "profile_name": "bcb_analytics", "target_name": "dev", "connection_name": "list_bcb"} */

    select distinct nspname from pg_namespace
  
[0m15:57:13.779520 [debug] [ThreadPool]: Opening a new connection, currently in state init
[0m15:57:13.794519 [debug] [ThreadPool]: SQL status: SELECT 5 in 0.015 seconds
[0m15:57:13.797199 [debug] [ThreadPool]: On list_bcb: Close
[0m15:57:13.798937 [debug] [ThreadPool]: Re-using an available connection from the pool (formerly list_bcb, now create_bcb_analytics)
[0m15:57:13.800483 [debug] [ThreadPool]: Creating schema "database: "bcb"
schema: "analytics"
"
[0m15:57:13.807475 [debug] [ThreadPool]: Using postgres connection "create_bcb_analytics"
[0m15:57:13.808518 [debug] [ThreadPool]: On create_bcb_analytics: /* {"app": "dbt", "dbt_version": "1.12.3", "profile_name": "bcb_analytics", "target_name": "dev", "connection_name": "create_bcb_analytics"} */
create schema if not exists "analytics"
[0m15:57:13.809650 [debug] [ThreadPool]: Opening a new connection, currently in state closed
[0m15:57:13.820430 [debug] [ThreadPool]: SQL status: CREATE SCHEMA in 0.011 seconds
[0m15:57:13.822102 [debug] [ThreadPool]: On create_bcb_analytics: COMMIT
[0m15:57:13.822925 [debug] [ThreadPool]: Using postgres connection "create_bcb_analytics"
[0m15:57:13.823590 [debug] [ThreadPool]: On create_bcb_analytics: COMMIT
[0m15:57:13.830170 [debug] [ThreadPool]: SQL status: COMMIT in 0.006 seconds
[0m15:57:13.831189 [debug] [ThreadPool]: On create_bcb_analytics: Close
[0m15:57:13.833554 [debug] [ThreadPool]: Re-using an available connection from the pool (formerly create_bcb_analytics, now list_bcb_analytics)
[0m15:57:13.839198 [debug] [ThreadPool]: Using postgres connection "list_bcb_analytics"
[0m15:57:13.840318 [debug] [ThreadPool]: On list_bcb_analytics: /* {"app": "dbt", "dbt_version": "1.12.3", "profile_name": "bcb_analytics", "target_name": "dev", "connection_name": "list_bcb_analytics"} */
select
      'bcb' as database,
      tablename as name,
      schemaname as schema,
      'table' as type
    from pg_tables
    where schemaname ilike 'analytics'
    union all
    select
      'bcb' as database,
      viewname as name,
      schemaname as schema,
      'view' as type
    from pg_views
    where schemaname ilike 'analytics'
    union all
    select
      'bcb' as database,
      matviewname as name,
      schemaname as schema,
      'materialized_view' as type
    from pg_matviews
    where schemaname ilike 'analytics'
    union all
    select distinct
     'bcb' as database,
     proname as name,
     ns.nspname as schema,
     'function' as type
    from pg_proc
     join pg_namespace as ns on pronamespace = ns.oid
    where ns.nspname ilike 'analytics'
  
[0m15:57:13.841274 [debug] [ThreadPool]: Opening a new connection, currently in state closed
[0m15:57:13.867498 [debug] [ThreadPool]: SQL status: SELECT 0 in 0.026 seconds
[0m15:57:13.869591 [debug] [ThreadPool]: On list_bcb_analytics: ROLLBACK
[0m15:57:13.871019 [debug] [ThreadPool]: On list_bcb_analytics: Close
[0m15:57:13.875666 [debug] [MainThread]: Using postgres connection "master"
[0m15:57:13.877045 [debug] [MainThread]: On master: /* {"app": "dbt", "dbt_version": "1.12.3", "profile_name": "bcb_analytics", "target_name": "dev", "connection_name": "master"} */
select distinct
        dependent_namespace.nspname as dependent_schema,
        dependent_class.relname as dependent_name,
        referenced_namespace.nspname as referenced_schema,
        referenced_class.relname as referenced_name

    -- Query for views: views are entries in pg_class with an entry in pg_rewrite, but we avoid
    -- a seq scan on pg_rewrite by leveraging the fact there is an "internal" row in pg_depend for
    -- the view...
    from pg_class as dependent_class
    join pg_namespace as dependent_namespace on dependent_namespace.oid = dependent_class.relnamespace
    join pg_depend as dependent_depend on dependent_depend.refobjid = dependent_class.oid
        and dependent_depend.classid = 'pg_rewrite'::regclass
        and dependent_depend.refclassid = 'pg_class'::regclass
        and dependent_depend.deptype = 'i'

    -- ... and via pg_depend (that has a row per column, hence the need for "distinct" above, and
    -- making sure to exclude the internal row to avoid a view appearing to depend on itself)...
    join pg_depend as joining_depend on joining_depend.objid = dependent_depend.objid
        and joining_depend.classid = 'pg_rewrite'::regclass
        and joining_depend.refclassid = 'pg_class'::regclass
        and joining_depend.refobjid != dependent_depend.refobjid

    -- ... we can find the tables they query from in pg_class, but excluding system tables. Note we
    -- don't need need to exclude _dependent_ system tables, because they only query from other
    -- system tables, and so are automatically excluded by excluding _referenced_ system tables
    join pg_class as referenced_class on referenced_class.oid = joining_depend.refobjid
    join pg_namespace as referenced_namespace on referenced_namespace.oid = referenced_class.relnamespace
        and referenced_namespace.nspname != 'information_schema'
        and referenced_namespace.nspname not like 'pg\_%'

    order by
        dependent_schema, dependent_name, referenced_schema, referenced_name;
[0m15:57:13.878125 [debug] [MainThread]: Opening a new connection, currently in state init
[0m15:57:13.895418 [debug] [MainThread]: SQL status: SELECT 0 in 0.017 seconds
[0m15:57:13.897574 [debug] [MainThread]: Sending event: {'category': 'dbt', 'action': 'runnable_timing', 'label': '50155ea9-ce31-4ad0-b101-582ee0672661', 'context': [<snowplow_tracker.self_describing_json.SelfDescribingJson object at 0x7961e7381280>]}
[0m15:57:13.898678 [debug] [MainThread]: On master: ROLLBACK
[0m15:57:13.899830 [debug] [MainThread]: On master: COMMIT
[0m15:57:13.900767 [debug] [MainThread]: Using postgres connection "master"
[0m15:57:13.901803 [debug] [MainThread]: On master: COMMIT
[0m15:57:13.902965 [debug] [MainThread]: SQL status: COMMIT in 0.000 seconds
[0m15:57:13.903919 [debug] [MainThread]: On master: Close
[0m15:57:13.913315 [debug] [Thread-1 (]: Began running node model.bcb_analytics.stg_macro_monthly
[0m15:57:13.914909 [info ] [Thread-1 (]: 1 of 6 START sql view model analytics.stg_macro_monthly ........................ [RUN]
[0m15:57:13.916419 [debug] [Thread-1 (]: Re-using an available connection from the pool (formerly list_bcb_analytics, now model.bcb_analytics.stg_macro_monthly)
[0m15:57:13.917888 [debug] [Thread-1 (]: Began compiling node model.bcb_analytics.stg_macro_monthly
[0m15:57:13.926777 [debug] [Thread-1 (]: Writing injected SQL for node "model.bcb_analytics.stg_macro_monthly"
[0m15:57:13.977876 [debug] [Thread-1 (]: Began executing node model.bcb_analytics.stg_macro_monthly
[0m15:57:14.021239 [debug] [Thread-1 (]: Writing runtime sql for node "model.bcb_analytics.stg_macro_monthly"
[0m15:57:14.068568 [debug] [Thread-1 (]: Using postgres connection "model.bcb_analytics.stg_macro_monthly"
[0m15:57:14.069659 [debug] [Thread-1 (]: On model.bcb_analytics.stg_macro_monthly: /* {"app": "dbt", "dbt_version": "1.12.3", "profile_name": "bcb_analytics", "target_name": "dev", "node_id": "model.bcb_analytics.stg_macro_monthly"} */

  create view "bcb"."analytics"."stg_macro_monthly__dbt_tmp"
    
    
  as (
    -- Standardize the interface between the Spark-generated Gold layer
-- and the dbt transformation layer.

select

    *

from "bcb"."gold"."macro_monthly"
  );
[0m15:57:14.070634 [debug] [Thread-1 (]: Opening a new connection, currently in state closed
[0m15:57:14.085524 [debug] [Thread-1 (]: SQL status: CREATE VIEW in 0.015 seconds
[0m15:57:14.092162 [debug] [Thread-1 (]: Using postgres connection "model.bcb_analytics.stg_macro_monthly"
[0m15:57:14.093477 [debug] [Thread-1 (]: On model.bcb_analytics.stg_macro_monthly: /* {"app": "dbt", "dbt_version": "1.12.3", "profile_name": "bcb_analytics", "target_name": "dev", "node_id": "model.bcb_analytics.stg_macro_monthly"} */
alter table "bcb"."analytics"."stg_macro_monthly__dbt_tmp" rename to "stg_macro_monthly"
[0m15:57:14.095741 [debug] [Thread-1 (]: SQL status: ALTER TABLE in 0.001 seconds
[0m15:57:14.113616 [debug] [Thread-1 (]: On model.bcb_analytics.stg_macro_monthly: COMMIT
[0m15:57:14.114899 [debug] [Thread-1 (]: Using postgres connection "model.bcb_analytics.stg_macro_monthly"
[0m15:57:14.115881 [debug] [Thread-1 (]: On model.bcb_analytics.stg_macro_monthly: COMMIT
[0m15:57:14.118396 [debug] [Thread-1 (]: SQL status: COMMIT in 0.002 seconds
[0m15:57:14.125702 [debug] [Thread-1 (]: Applying DROP to: "bcb"."analytics"."stg_macro_monthly__dbt_backup"
[0m15:57:14.132108 [debug] [Thread-1 (]: Using postgres connection "model.bcb_analytics.stg_macro_monthly"
[0m15:57:14.133403 [debug] [Thread-1 (]: On model.bcb_analytics.stg_macro_monthly: /* {"app": "dbt", "dbt_version": "1.12.3", "profile_name": "bcb_analytics", "target_name": "dev", "node_id": "model.bcb_analytics.stg_macro_monthly"} */
drop view if exists "bcb"."analytics"."stg_macro_monthly__dbt_backup" cascade
[0m15:57:14.136462 [debug] [Thread-1 (]: SQL status: DROP VIEW in 0.001 seconds
[0m15:57:14.139744 [debug] [Thread-1 (]: On model.bcb_analytics.stg_macro_monthly: Close
[0m15:57:14.142801 [debug] [Thread-1 (]: Sending event: {'category': 'dbt', 'action': 'run_model', 'label': '50155ea9-ce31-4ad0-b101-582ee0672661', 'context': [<snowplow_tracker.self_describing_json.SelfDescribingJson object at 0x7961ec7b8a40>]}
[0m15:57:14.144143 [info ] [Thread-1 (]: 1 of 6 OK created sql view model analytics.stg_macro_monthly ................... [[32mCREATE VIEW[0m in 0.22s]
[0m15:57:14.145393 [debug] [Thread-1 (]: Finished running node model.bcb_analytics.stg_macro_monthly
[0m15:57:14.147951 [debug] [Thread-3 (]: Began running node model.bcb_analytics.fct_credit_pf
[0m15:57:14.148721 [debug] [Thread-4 (]: Began running node model.bcb_analytics.fct_economic_activity
[0m15:57:14.149338 [debug] [Thread-2 (]: Began running node model.bcb_analytics.fct_exchange_rate
[0m15:57:14.150432 [debug] [Thread-1 (]: Began running node model.bcb_analytics.fct_monetary_policy
[0m15:57:14.149998 [info ] [Thread-3 (]: 2 of 6 START sql table model analytics.fct_credit_pf ........................... [RUN]
[0m15:57:14.151979 [info ] [Thread-4 (]: 3 of 6 START sql table model analytics.fct_economic_activity ................... [RUN]
[0m15:57:14.153193 [info ] [Thread-2 (]: 4 of 6 START sql table model analytics.fct_exchange_rate ....................... [RUN]
[0m15:57:14.154679 [info ] [Thread-1 (]: 5 of 6 START sql table model analytics.fct_monetary_policy ..................... [RUN]
[0m15:57:14.156422 [debug] [Thread-3 (]: Acquiring new postgres connection 'model.bcb_analytics.fct_credit_pf'
[0m15:57:14.157580 [debug] [Thread-4 (]: Acquiring new postgres connection 'model.bcb_analytics.fct_economic_activity'
[0m15:57:14.158724 [debug] [Thread-2 (]: Acquiring new postgres connection 'model.bcb_analytics.fct_exchange_rate'
[0m15:57:14.159917 [debug] [Thread-1 (]: Re-using an available connection from the pool (formerly model.bcb_analytics.stg_macro_monthly, now model.bcb_analytics.fct_monetary_policy)
[0m15:57:14.161514 [debug] [Thread-3 (]: Began compiling node model.bcb_analytics.fct_credit_pf
[0m15:57:14.162764 [debug] [Thread-4 (]: Began compiling node model.bcb_analytics.fct_economic_activity
[0m15:57:14.163641 [debug] [Thread-2 (]: Began compiling node model.bcb_analytics.fct_exchange_rate
[0m15:57:14.164561 [debug] [Thread-1 (]: Began compiling node model.bcb_analytics.fct_monetary_policy
[0m15:57:14.167296 [debug] [Thread-3 (]: Writing injected SQL for node "model.bcb_analytics.fct_credit_pf"
[0m15:57:14.169950 [debug] [Thread-4 (]: Writing injected SQL for node "model.bcb_analytics.fct_economic_activity"
[0m15:57:14.172967 [debug] [Thread-2 (]: Writing injected SQL for node "model.bcb_analytics.fct_exchange_rate"
[0m15:57:14.175620 [debug] [Thread-1 (]: Writing injected SQL for node "model.bcb_analytics.fct_monetary_policy"
[0m15:57:14.184744 [debug] [Thread-1 (]: Began executing node model.bcb_analytics.fct_monetary_policy
[0m15:57:14.185291 [debug] [Thread-3 (]: Began executing node model.bcb_analytics.fct_credit_pf
[0m15:57:14.185840 [debug] [Thread-2 (]: Began executing node model.bcb_analytics.fct_exchange_rate
[0m15:57:14.202731 [debug] [Thread-4 (]: Began executing node model.bcb_analytics.fct_economic_activity
[0m15:57:14.219867 [debug] [Thread-1 (]: Writing runtime sql for node "model.bcb_analytics.fct_monetary_policy"
[0m15:57:14.222986 [debug] [Thread-2 (]: Writing runtime sql for node "model.bcb_analytics.fct_exchange_rate"
[0m15:57:14.223604 [debug] [Thread-3 (]: Writing runtime sql for node "model.bcb_analytics.fct_credit_pf"
[0m15:57:14.227242 [debug] [Thread-4 (]: Writing runtime sql for node "model.bcb_analytics.fct_economic_activity"
[0m15:57:14.236369 [debug] [Thread-1 (]: Using postgres connection "model.bcb_analytics.fct_monetary_policy"
[0m15:57:14.237261 [debug] [Thread-4 (]: Using postgres connection "model.bcb_analytics.fct_economic_activity"
[0m15:57:14.237871 [debug] [Thread-3 (]: Using postgres connection "model.bcb_analytics.fct_credit_pf"
[0m15:57:14.238504 [debug] [Thread-1 (]: On model.bcb_analytics.fct_monetary_policy: /* {"app": "dbt", "dbt_version": "1.12.3", "profile_name": "bcb_analytics", "target_name": "dev", "node_id": "model.bcb_analytics.fct_monetary_policy"} */

  
    

  create  table "bcb"."analytics"."fct_monetary_policy__dbt_tmp"
  
  
    as
  
  (
    -- Create analytical indicators related to monetary policy.
-- The model derives changes in the Selic rate and the spread
-- between the effective Selic rate and its target.

select

    reference_month,

    selic,

    selic_meta,

    -- Difference between the effective Selic rate and its target
    selic - selic_meta as selic_spread,

    -- Selic rate from the previous month
    lag(selic) over (
        order by reference_month
    ) as selic_previous_month,

    -- Absolute monthly change in the Selic rate
    selic - lag(selic) over (
        order by reference_month
    ) as selic_change,

    -- Selic target from the previous month
    lag(selic_meta) over (
        order by reference_month
    ) as selic_meta_previous_month,

    -- Absolute monthly change in the Selic target
    selic_meta - lag(selic_meta) over (
        order by reference_month
    ) as selic_meta_change

from "bcb"."analytics"."stg_macro_monthly"
  );
  
[0m15:57:14.239074 [debug] [Thread-2 (]: Using postgres connection "model.bcb_analytics.fct_exchange_rate"
[0m15:57:14.240268 [debug] [Thread-4 (]: On model.bcb_analytics.fct_economic_activity: /* {"app": "dbt", "dbt_version": "1.12.3", "profile_name": "bcb_analytics", "target_name": "dev", "node_id": "model.bcb_analytics.fct_economic_activity"} */

  
    

  create  table "bcb"."analytics"."fct_economic_activity__dbt_tmp"
  
  
    as
  
  (
    -- Create analytical indicators for economic activity.
-- Monthly-over-month (MoM) and year-over-year (YoY)
-- growth rates are calculated from the monthly series.

with base as (

    select

        reference_month,

        atividade_economica,
        atividade_agropecuaria,
        atividade_industria,
        atividade_servicos,
        atividade_impostos

    from "bcb"."analytics"."stg_macro_monthly"

),

features as (

    select

        *,

        -- Monthly-over-month economic activity growth
        (
            atividade_economica /
            lag(atividade_economica) over (
                order by reference_month
            ) - 1
        ) * 100 as atividade_economica_mom,

        -- Year-over-year economic activity growth
        (
            atividade_economica /
            lag(atividade_economica, 12) over (
                order by reference_month
            ) - 1
        ) * 100 as atividade_economica_yoy,

        -- Year-over-year industrial activity growth
        (
            atividade_industria /
            lag(atividade_industria, 12) over (
                order by reference_month
            ) - 1
        ) * 100 as industria_yoy,

        -- Year-over-year services activity growth
        (
            atividade_servicos /
            lag(atividade_servicos, 12) over (
                order by reference_month
            ) - 1
        ) * 100 as servicos_yoy

    from base

)

select *

from features
  );
  
[0m15:57:14.241660 [debug] [Thread-3 (]: On model.bcb_analytics.fct_credit_pf: /* {"app": "dbt", "dbt_version": "1.12.3", "profile_name": "bcb_analytics", "target_name": "dev", "node_id": "model.bcb_analytics.fct_credit_pf"} */

  
    

  create  table "bcb"."analytics"."fct_credit_pf__dbt_tmp"
  
  
    as
  
  (
    -- Create analytical indicators for individual credit.
-- The model combines credit concessions, outstanding balances,
-- interest rates, and default indicators with their variations.

select

    reference_month,

    credito_concedido_pf,

    credito_livre_pf,

    saldo_credito_pessoal,

    taxa_credito_pf,

    inadimplencia_pf,

    inadimplencia_credito_pessoal_pf,

    -- Absolute monthly change in credit concessions
    credito_concedido_pf
        - lag(credito_concedido_pf) over (
            order by reference_month
        ) as credito_concedido_change,

    -- Monthly-over-month credit concession growth
    (
        credito_concedido_pf /
        lag(credito_concedido_pf) over (
            order by reference_month
        ) - 1
    ) * 100 as credito_concedido_mom,

    -- Year-over-year credit concession growth
    (
        credito_concedido_pf /
        lag(credito_concedido_pf, 12) over (
            order by reference_month
        ) - 1
    ) * 100 as credito_concedido_yoy,

    -- Absolute monthly change in the individual default rate
    inadimplencia_pf
        - lag(inadimplencia_pf) over (
            order by reference_month
        ) as inadimplencia_change

from "bcb"."analytics"."stg_macro_monthly"
  );
  
[0m15:57:14.242826 [debug] [Thread-1 (]: Opening a new connection, currently in state closed
[0m15:57:14.243833 [debug] [Thread-2 (]: On model.bcb_analytics.fct_exchange_rate: /* {"app": "dbt", "dbt_version": "1.12.3", "profile_name": "bcb_analytics", "target_name": "dev", "node_id": "model.bcb_analytics.fct_exchange_rate"} */

  
    

  create  table "bcb"."analytics"."fct_exchange_rate__dbt_tmp"
  
  
    as
  
  (
    -- Create analytical indicators for the BRL/USD exchange rate.
-- Daily exchange rate series have already been aggregated
-- to monthly averages by Spark.

select

    reference_month,

    dolar_compra,

    dolar_venda,

    -- Average between the purchase and selling exchange rates
    (dolar_compra + dolar_venda) / 2 as dolar_medio,

    -- Difference between selling and purchase rates
    dolar_venda - dolar_compra as spread_cambio,

    -- Absolute monthly change in the selling exchange rate
    dolar_venda
        - lag(dolar_venda) over (
            order by reference_month
        ) as cambio_change,

    -- Monthly-over-month exchange rate growth
    (
        dolar_venda /
        lag(dolar_venda) over (
            order by reference_month
        ) - 1
    ) * 100 as cambio_mom,

    -- Year-over-year exchange rate growth
    (
        dolar_venda /
        lag(dolar_venda, 12) over (
            order by reference_month
        ) - 1
    ) * 100 as cambio_yoy

from "bcb"."analytics"."stg_macro_monthly"
  );
  
[0m15:57:14.245036 [debug] [Thread-4 (]: Opening a new connection, currently in state init
[0m15:57:14.246200 [debug] [Thread-3 (]: Opening a new connection, currently in state init
[0m15:57:14.248064 [debug] [Thread-2 (]: Opening a new connection, currently in state init
[0m15:57:14.263005 [debug] [Thread-1 (]: SQL status: SELECT 81 in 0.020 seconds
[0m15:57:14.264293 [debug] [Thread-2 (]: SQL status: SELECT 81 in 0.016 seconds
[0m15:57:14.271613 [debug] [Thread-1 (]: Using postgres connection "model.bcb_analytics.fct_monetary_policy"
[0m15:57:14.272174 [debug] [Thread-4 (]: SQL status: SELECT 81 in 0.027 seconds
[0m15:57:14.275348 [debug] [Thread-2 (]: Using postgres connection "model.bcb_analytics.fct_exchange_rate"
[0m15:57:14.275896 [debug] [Thread-3 (]: SQL status: SELECT 81 in 0.030 seconds
[0m15:57:14.277081 [debug] [Thread-1 (]: On model.bcb_analytics.fct_monetary_policy: /* {"app": "dbt", "dbt_version": "1.12.3", "profile_name": "bcb_analytics", "target_name": "dev", "node_id": "model.bcb_analytics.fct_monetary_policy"} */
alter table "bcb"."analytics"."fct_monetary_policy__dbt_tmp" rename to "fct_monetary_policy"
[0m15:57:14.281625 [debug] [Thread-4 (]: Using postgres connection "model.bcb_analytics.fct_economic_activity"
[0m15:57:14.283067 [debug] [Thread-2 (]: On model.bcb_analytics.fct_exchange_rate: /* {"app": "dbt", "dbt_version": "1.12.3", "profile_name": "bcb_analytics", "target_name": "dev", "node_id": "model.bcb_analytics.fct_exchange_rate"} */
alter table "bcb"."analytics"."fct_exchange_rate__dbt_tmp" rename to "fct_exchange_rate"
[0m15:57:14.286365 [debug] [Thread-3 (]: Using postgres connection "model.bcb_analytics.fct_credit_pf"
[0m15:57:14.287998 [debug] [Thread-1 (]: SQL status: ALTER TABLE in 0.001 seconds
[0m15:57:14.288756 [debug] [Thread-4 (]: On model.bcb_analytics.fct_economic_activity: /* {"app": "dbt", "dbt_version": "1.12.3", "profile_name": "bcb_analytics", "target_name": "dev", "node_id": "model.bcb_analytics.fct_economic_activity"} */
alter table "bcb"."analytics"."fct_economic_activity__dbt_tmp" rename to "fct_economic_activity"
[0m15:57:14.290306 [debug] [Thread-2 (]: SQL status: ALTER TABLE in 0.001 seconds
[0m15:57:14.290824 [debug] [Thread-3 (]: On model.bcb_analytics.fct_credit_pf: /* {"app": "dbt", "dbt_version": "1.12.3", "profile_name": "bcb_analytics", "target_name": "dev", "node_id": "model.bcb_analytics.fct_credit_pf"} */
alter table "bcb"."analytics"."fct_credit_pf__dbt_tmp" rename to "fct_credit_pf"
[0m15:57:14.293406 [debug] [Thread-1 (]: On model.bcb_analytics.fct_monetary_policy: COMMIT
[0m15:57:14.295978 [debug] [Thread-4 (]: SQL status: ALTER TABLE in 0.001 seconds
[0m15:57:14.297989 [debug] [Thread-2 (]: On model.bcb_analytics.fct_exchange_rate: COMMIT
[0m15:57:14.299997 [debug] [Thread-1 (]: Using postgres connection "model.bcb_analytics.fct_monetary_policy"
[0m15:57:14.300457 [debug] [Thread-3 (]: SQL status: ALTER TABLE in 0.001 seconds
[0m15:57:14.303251 [debug] [Thread-4 (]: On model.bcb_analytics.fct_economic_activity: COMMIT
[0m15:57:14.304914 [debug] [Thread-2 (]: Using postgres connection "model.bcb_analytics.fct_exchange_rate"
[0m15:57:14.306322 [debug] [Thread-1 (]: On model.bcb_analytics.fct_monetary_policy: COMMIT
[0m15:57:14.308916 [debug] [Thread-3 (]: On model.bcb_analytics.fct_credit_pf: COMMIT
[0m15:57:14.310058 [debug] [Thread-4 (]: Using postgres connection "model.bcb_analytics.fct_economic_activity"
[0m15:57:14.311170 [debug] [Thread-2 (]: On model.bcb_analytics.fct_exchange_rate: COMMIT
[0m15:57:14.313527 [debug] [Thread-3 (]: Using postgres connection "model.bcb_analytics.fct_credit_pf"
[0m15:57:14.314664 [debug] [Thread-4 (]: On model.bcb_analytics.fct_economic_activity: COMMIT
[0m15:57:14.316205 [debug] [Thread-3 (]: On model.bcb_analytics.fct_credit_pf: COMMIT
[0m15:57:14.319008 [debug] [Thread-1 (]: SQL status: COMMIT in 0.006 seconds
[0m15:57:14.319782 [debug] [Thread-4 (]: SQL status: COMMIT in 0.003 seconds
[0m15:57:14.320312 [debug] [Thread-2 (]: SQL status: COMMIT in 0.005 seconds
[0m15:57:14.322306 [debug] [Thread-1 (]: Applying DROP to: "bcb"."analytics"."fct_monetary_policy__dbt_backup"
[0m15:57:14.322843 [debug] [Thread-3 (]: SQL status: COMMIT in 0.005 seconds
[0m15:57:14.325325 [debug] [Thread-4 (]: Applying DROP to: "bcb"."analytics"."fct_economic_activity__dbt_backup"
[0m15:57:14.328994 [debug] [Thread-2 (]: Applying DROP to: "bcb"."analytics"."fct_exchange_rate__dbt_backup"
[0m15:57:14.346348 [debug] [Thread-1 (]: Using postgres connection "model.bcb_analytics.fct_monetary_policy"
[0m15:57:14.349975 [debug] [Thread-3 (]: Applying DROP to: "bcb"."analytics"."fct_credit_pf__dbt_backup"
[0m15:57:14.353004 [debug] [Thread-4 (]: Using postgres connection "model.bcb_analytics.fct_economic_activity"
[0m15:57:14.355845 [debug] [Thread-2 (]: Using postgres connection "model.bcb_analytics.fct_exchange_rate"
[0m15:57:14.359172 [debug] [Thread-1 (]: On model.bcb_analytics.fct_monetary_policy: /* {"app": "dbt", "dbt_version": "1.12.3", "profile_name": "bcb_analytics", "target_name": "dev", "node_id": "model.bcb_analytics.fct_monetary_policy"} */
drop table if exists "bcb"."analytics"."fct_monetary_policy__dbt_backup" cascade
[0m15:57:14.362347 [debug] [Thread-3 (]: Using postgres connection "model.bcb_analytics.fct_credit_pf"
[0m15:57:14.364083 [debug] [Thread-4 (]: On model.bcb_analytics.fct_economic_activity: /* {"app": "dbt", "dbt_version": "1.12.3", "profile_name": "bcb_analytics", "target_name": "dev", "node_id": "model.bcb_analytics.fct_economic_activity"} */
drop table if exists "bcb"."analytics"."fct_economic_activity__dbt_backup" cascade
[0m15:57:14.365846 [debug] [Thread-2 (]: On model.bcb_analytics.fct_exchange_rate: /* {"app": "dbt", "dbt_version": "1.12.3", "profile_name": "bcb_analytics", "target_name": "dev", "node_id": "model.bcb_analytics.fct_exchange_rate"} */
drop table if exists "bcb"."analytics"."fct_exchange_rate__dbt_backup" cascade
[0m15:57:14.368210 [debug] [Thread-1 (]: SQL status: DROP TABLE in 0.001 seconds
[0m15:57:14.368943 [debug] [Thread-3 (]: On model.bcb_analytics.fct_credit_pf: /* {"app": "dbt", "dbt_version": "1.12.3", "profile_name": "bcb_analytics", "target_name": "dev", "node_id": "model.bcb_analytics.fct_credit_pf"} */
drop table if exists "bcb"."analytics"."fct_credit_pf__dbt_backup" cascade
[0m15:57:14.371266 [debug] [Thread-4 (]: SQL status: DROP TABLE in 0.001 seconds
[0m15:57:14.372490 [debug] [Thread-2 (]: SQL status: DROP TABLE in 0.000 seconds
[0m15:57:14.375217 [debug] [Thread-1 (]: On model.bcb_analytics.fct_monetary_policy: Close
[0m15:57:14.379378 [debug] [Thread-3 (]: SQL status: DROP TABLE in 0.001 seconds
[0m15:57:14.384918 [debug] [Thread-4 (]: On model.bcb_analytics.fct_economic_activity: Close
[0m15:57:14.387579 [debug] [Thread-2 (]: On model.bcb_analytics.fct_exchange_rate: Close
[0m15:57:14.389674 [debug] [Thread-1 (]: Sending event: {'category': 'dbt', 'action': 'run_model', 'label': '50155ea9-ce31-4ad0-b101-582ee0672661', 'context': [<snowplow_tracker.self_describing_json.SelfDescribingJson object at 0x7961eb251d00>]}
[0m15:57:14.391716 [debug] [Thread-3 (]: On model.bcb_analytics.fct_credit_pf: Close
[0m15:57:14.393622 [debug] [Thread-4 (]: Sending event: {'category': 'dbt', 'action': 'run_model', 'label': '50155ea9-ce31-4ad0-b101-582ee0672661', 'context': [<snowplow_tracker.self_describing_json.SelfDescribingJson object at 0x7961ea8bf0e0>]}
[0m15:57:14.396791 [debug] [Thread-2 (]: Sending event: {'category': 'dbt', 'action': 'run_model', 'label': '50155ea9-ce31-4ad0-b101-582ee0672661', 'context': [<snowplow_tracker.self_describing_json.SelfDescribingJson object at 0x7961e95f2fc0>]}
[0m15:57:14.399265 [info ] [Thread-1 (]: 5 of 6 OK created sql table model analytics.fct_monetary_policy ................ [[32mSELECT 81[0m in 0.23s]
[0m15:57:14.401662 [debug] [Thread-3 (]: Sending event: {'category': 'dbt', 'action': 'run_model', 'label': '50155ea9-ce31-4ad0-b101-582ee0672661', 'context': [<snowplow_tracker.self_describing_json.SelfDescribingJson object at 0x7961e95e0410>]}
[0m15:57:14.403078 [info ] [Thread-4 (]: 3 of 6 OK created sql table model analytics.fct_economic_activity .............. [[32mSELECT 81[0m in 0.24s]
[0m15:57:14.405313 [info ] [Thread-2 (]: 4 of 6 OK created sql table model analytics.fct_exchange_rate .................. [[32mSELECT 81[0m in 0.24s]
[0m15:57:14.407051 [debug] [Thread-1 (]: Finished running node model.bcb_analytics.fct_monetary_policy
[0m15:57:14.408953 [info ] [Thread-3 (]: 2 of 6 OK created sql table model analytics.fct_credit_pf ...................... [[32mSELECT 81[0m in 0.25s]
[0m15:57:14.410491 [debug] [Thread-4 (]: Finished running node model.bcb_analytics.fct_economic_activity
[0m15:57:14.412231 [debug] [Thread-2 (]: Finished running node model.bcb_analytics.fct_exchange_rate
[0m15:57:14.413846 [debug] [Thread-1 (]: Began running node model.bcb_analytics.mart_macro_credit_features
[0m15:57:14.415709 [debug] [Thread-3 (]: Finished running node model.bcb_analytics.fct_credit_pf
[0m15:57:14.418937 [info ] [Thread-1 (]: 6 of 6 START sql table model analytics.mart_macro_credit_features .............. [RUN]
[0m15:57:14.421289 [debug] [Thread-1 (]: Re-using an available connection from the pool (formerly model.bcb_analytics.fct_monetary_policy, now model.bcb_analytics.mart_macro_credit_features)
[0m15:57:14.422942 [debug] [Thread-1 (]: Began compiling node model.bcb_analytics.mart_macro_credit_features
[0m15:57:14.426841 [debug] [Thread-1 (]: Writing injected SQL for node "model.bcb_analytics.mart_macro_credit_features"
[0m15:57:14.437998 [debug] [Thread-1 (]: Began executing node model.bcb_analytics.mart_macro_credit_features
[0m15:57:14.442617 [debug] [Thread-1 (]: Writing runtime sql for node "model.bcb_analytics.mart_macro_credit_features"
[0m15:57:14.454351 [debug] [Thread-1 (]: Using postgres connection "model.bcb_analytics.mart_macro_credit_features"
[0m15:57:14.455841 [debug] [Thread-1 (]: On model.bcb_analytics.mart_macro_credit_features: /* {"app": "dbt", "dbt_version": "1.12.3", "profile_name": "bcb_analytics", "target_name": "dev", "node_id": "model.bcb_analytics.mart_macro_credit_features"} */

  
    

  create  table "bcb"."analytics"."mart_macro_credit_features__dbt_tmp"
  
  
    as
  
  (
    -- Create a feature dataset for statistical and machine learning models.
-- Lagged macroeconomic variables are included to capture potential
-- delayed effects of economic conditions on credit risk.

select

    reference_month,

    selic,
    selic_meta,

    -- Lagged Selic features
    lag(selic, 1) over (
        order by reference_month
    ) as selic_lag_1,

    lag(selic, 3) over (
        order by reference_month
    ) as selic_lag_3,

    lag(selic, 6) over (
        order by reference_month
    ) as selic_lag_6,

    lag(selic, 12) over (
        order by reference_month
    ) as selic_lag_12,

    ipca,

    atividade_economica,

    dolar_venda,

    credito_concedido_pf,

    taxa_credito_pf,

    inadimplencia_pf,

    -- Lagged default rate features
    lag(inadimplencia_pf, 1) over (
        order by reference_month
    ) as inadimplencia_lag_1,

    lag(inadimplencia_pf, 3) over (
        order by reference_month
    ) as inadimplencia_lag_3

from "bcb"."analytics"."stg_macro_monthly"
  );
  
[0m15:57:14.457114 [debug] [Thread-1 (]: Opening a new connection, currently in state closed
[0m15:57:14.469184 [debug] [Thread-1 (]: SQL status: SELECT 81 in 0.012 seconds
[0m15:57:14.473186 [debug] [Thread-1 (]: Using postgres connection "model.bcb_analytics.mart_macro_credit_features"
[0m15:57:14.474946 [debug] [Thread-1 (]: On model.bcb_analytics.mart_macro_credit_features: /* {"app": "dbt", "dbt_version": "1.12.3", "profile_name": "bcb_analytics", "target_name": "dev", "node_id": "model.bcb_analytics.mart_macro_credit_features"} */
alter table "bcb"."analytics"."mart_macro_credit_features__dbt_tmp" rename to "mart_macro_credit_features"
[0m15:57:14.477103 [debug] [Thread-1 (]: SQL status: ALTER TABLE in 0.001 seconds
[0m15:57:14.483398 [debug] [Thread-1 (]: On model.bcb_analytics.mart_macro_credit_features: COMMIT
[0m15:57:14.485510 [debug] [Thread-1 (]: Using postgres connection "model.bcb_analytics.mart_macro_credit_features"
[0m15:57:14.487506 [debug] [Thread-1 (]: On model.bcb_analytics.mart_macro_credit_features: COMMIT
[0m15:57:14.490659 [debug] [Thread-1 (]: SQL status: COMMIT in 0.002 seconds
[0m15:57:14.494933 [debug] [Thread-1 (]: Applying DROP to: "bcb"."analytics"."mart_macro_credit_features__dbt_backup"
[0m15:57:14.497677 [debug] [Thread-1 (]: Using postgres connection "model.bcb_analytics.mart_macro_credit_features"
[0m15:57:14.499497 [debug] [Thread-1 (]: On model.bcb_analytics.mart_macro_credit_features: /* {"app": "dbt", "dbt_version": "1.12.3", "profile_name": "bcb_analytics", "target_name": "dev", "node_id": "model.bcb_analytics.mart_macro_credit_features"} */
drop table if exists "bcb"."analytics"."mart_macro_credit_features__dbt_backup" cascade
[0m15:57:14.501414 [debug] [Thread-1 (]: SQL status: DROP TABLE in 0.001 seconds
[0m15:57:14.504828 [debug] [Thread-1 (]: On model.bcb_analytics.mart_macro_credit_features: Close
[0m15:57:14.506781 [debug] [Thread-1 (]: Sending event: {'category': 'dbt', 'action': 'run_model', 'label': '50155ea9-ce31-4ad0-b101-582ee0672661', 'context': [<snowplow_tracker.self_describing_json.SelfDescribingJson object at 0x7961e5ebf530>]}
[0m15:57:14.508399 [info ] [Thread-1 (]: 6 of 6 OK created sql table model analytics.mart_macro_credit_features ......... [[32mSELECT 81[0m in 0.09s]
[0m15:57:14.510588 [debug] [Thread-1 (]: Finished running node model.bcb_analytics.mart_macro_credit_features
[0m15:57:14.514338 [debug] [MainThread]: On master: COMMIT
[0m15:57:14.515868 [debug] [MainThread]: Using postgres connection "master"
[0m15:57:14.517247 [debug] [MainThread]: On master: COMMIT
[0m15:57:14.518794 [debug] [MainThread]: Opening a new connection, currently in state closed
[0m15:57:14.529398 [debug] [MainThread]: SQL status: COMMIT in 0.011 seconds
[0m15:57:14.530504 [debug] [MainThread]: On master: Close
[0m15:57:14.531748 [debug] [MainThread]: Connection 'master' was properly closed.
[0m15:57:14.532617 [debug] [MainThread]: Connection 'model.bcb_analytics.mart_macro_credit_features' was properly closed.
[0m15:57:14.533915 [debug] [MainThread]: Connection 'model.bcb_analytics.fct_credit_pf' was properly closed.
[0m15:57:14.535121 [debug] [MainThread]: Connection 'model.bcb_analytics.fct_economic_activity' was properly closed.
[0m15:57:14.536198 [debug] [MainThread]: Connection 'model.bcb_analytics.fct_exchange_rate' was properly closed.
[0m15:57:14.537291 [info ] [MainThread]: 
[0m15:57:14.538296 [info ] [MainThread]: Finished running 5 table models, 1 view model in 0 hours 0 minutes and 0.91 seconds (0.91s).
[0m15:57:14.541072 [debug] [MainThread]: Command end result
[0m15:57:14.628428 [debug] [MainThread]: Wrote artifact WritableManifest to /usr/app/dbt/target/manifest.json
[0m15:57:14.990300 [debug] [MainThread]: Wrote artifact SemanticManifest to /usr/app/dbt/target/semantic_manifest.json
[0m15:57:15.050145 [debug] [MainThread]: Wrote artifact OsiDocument to /usr/app/dbt/target/osi_document.json
[0m15:57:15.062809 [debug] [MainThread]: Wrote artifact RunExecutionResult to /usr/app/dbt/target/run_results.json
[0m15:57:15.063756 [info ] [MainThread]: 
[0m15:57:15.064806 [info ] [MainThread]: [32mCompleted successfully[0m
[0m15:57:15.065927 [info ] [MainThread]: 
[0m15:57:15.067125 [info ] [MainThread]: Done. PASS=6 WARN=0 ERROR=0 SKIP=0 NO-OP=0 REUSED=0 TOTAL=6
[0m15:57:15.070042 [debug] [MainThread]: Resource report: {"command_name": "build", "command_success": true, "command_wall_clock_time": 2.7829795, "process_in_blocks": "103859", "process_kernel_time": 0.926601, "process_mem_max_rss": "138800", "process_out_blocks": "2200", "process_user_time": 3.228942}
[0m15:57:15.071062 [debug] [MainThread]: Command `dbt build` succeeded at 15:57:15.070916 after 2.78 seconds
[0m15:57:15.071925 [debug] [MainThread]: Sending event: {'category': 'dbt', 'action': 'invocation', 'label': 'end', 'context': [<snowplow_tracker.self_describing_json.SelfDescribingJson object at 0x7961ead62c30>, <snowplow_tracker.self_describing_json.SelfDescribingJson object at 0x7961e83b09e0>, <snowplow_tracker.self_describing_json.SelfDescribingJson object at 0x7961ea1de7b0>]}
[0m15:57:15.072772 [debug] [MainThread]: Flushing usage events
[0m15:57:15.816649 [debug] [MainThread]: An error was encountered while trying to flush usage events
[0m16:33:30.202477 [debug] [MainThread]: Sending event: {'category': 'dbt', 'action': 'invocation', 'label': 'start', 'context': [<snowplow_tracker.self_describing_json.SelfDescribingJson object at 0x7ca5fb49bc50>, <snowplow_tracker.self_describing_json.SelfDescribingJson object at 0x7ca5fdcc39e0>, <snowplow_tracker.self_describing_json.SelfDescribingJson object at 0x7ca5fb43a6c0>]}


============================== 16:33:30.299111 | 9516e6fa-0dd3-406f-8d2f-6c62a20e0513 ==============================
[0m16:33:30.299111 [info ] [MainThread]: Running with dbt=1.12.3
[0m16:33:30.300421 [debug] [MainThread]: running dbt with arguments {'version_check': 'True', 'partial_parse': 'True', 'cache_selected_only': 'False', 'quiet': 'False', 'send_anonymous_usage_stats': 'True', 'static_parser': 'True', 'printer_width': '80', 'hints_enabled': 'True', 'log_path': '/usr/app/dbt/logs', 'use_colors': 'True', 'no_print': 'None', 'profiles_dir': '/usr/app/dbt', 'write_json': 'True', 'empty': 'False', 'debug': 'False', 'target_path': 'None', 'log_format': 'default', 'introspect': 'True', 'warn_error_options': 'WarnErrorOptionsV2(error=[], warn=[], silence=[])', 'use_experimental_parser': 'False', 'maximum_seed_size_mib': '1', 'fail_fast': 'False', 'invocation_command': 'dbt build', 'indirect_selection': 'eager', 'warn_error': 'None', 'log_cache_events': 'False'}
[0m16:33:30.489121 [debug] [MainThread]: Sending event: {'category': 'dbt', 'action': 'project_id', 'label': '9516e6fa-0dd3-406f-8d2f-6c62a20e0513', 'context': [<snowplow_tracker.self_describing_json.SelfDescribingJson object at 0x7ca5fa79d550>]}
[0m16:33:30.545771 [debug] [MainThread]: Sending event: {'category': 'dbt', 'action': 'adapter_info', 'label': '9516e6fa-0dd3-406f-8d2f-6c62a20e0513', 'context': [<snowplow_tracker.self_describing_json.SelfDescribingJson object at 0x7ca5f974eab0>]}
[0m16:33:30.548238 [info ] [MainThread]: Registered adapter: postgres=1.11.0
[0m16:33:30.610902 [debug] [MainThread]: checksum: 93f3c84ce504663c4776f7735972647e04db2733b90ae0c7a023176aa6e7f35b, vars: {}, profile: bcb_analytics, target: dev, version: 1.12.3
[0m16:33:30.928743 [debug] [MainThread]: Partial parsing enabled: 0 files deleted, 0 files added, 0 files changed.
[0m16:33:30.929585 [debug] [MainThread]: Nothing changed, skipping partial parsing.
[0m16:33:30.930250 [debug] [MainThread]: Partial parsing enabled, no changes found, skipping parsing
[0m16:33:30.938887 [debug] [MainThread]: Sending event: {'category': 'dbt', 'action': 'load_project', 'label': '9516e6fa-0dd3-406f-8d2f-6c62a20e0513', 'context': [<snowplow_tracker.self_describing_json.SelfDescribingJson object at 0x7ca5f931d1c0>]}
[0m16:33:31.069474 [debug] [MainThread]: Wrote artifact WritableManifest to /usr/app/dbt/target/manifest.json
[0m16:33:31.132213 [debug] [MainThread]: Wrote artifact SemanticManifest to /usr/app/dbt/target/semantic_manifest.json
[0m16:33:31.198470 [debug] [MainThread]: Wrote artifact OsiDocument to /usr/app/dbt/target/osi_document.json
[0m16:33:31.241111 [debug] [MainThread]: Sending event: {'category': 'dbt', 'action': 'resource_counts', 'label': '9516e6fa-0dd3-406f-8d2f-6c62a20e0513', 'context': [<snowplow_tracker.self_describing_json.SelfDescribingJson object at 0x7ca5f937dfa0>]}
[0m16:33:31.241984 [info ] [MainThread]: Found 6 models, 1 source, 477 macros
[0m16:33:31.244428 [info ] [MainThread]: 
[0m16:33:31.245287 [info ] [MainThread]: Concurrency: 4 threads (target='dev')
[0m16:33:31.246013 [info ] [MainThread]: 
[0m16:33:31.246982 [debug] [MainThread]: Acquiring new postgres connection 'master'
[0m16:33:31.250921 [debug] [ThreadPool]: Acquiring new postgres connection 'list_bcb'
[0m16:33:31.334775 [debug] [ThreadPool]: Using postgres connection "list_bcb"
[0m16:33:31.335839 [debug] [ThreadPool]: On list_bcb: /* {"app": "dbt", "dbt_version": "1.12.3", "profile_name": "bcb_analytics", "target_name": "dev", "connection_name": "list_bcb"} */

    select distinct nspname from pg_namespace
  
[0m16:33:31.336750 [debug] [ThreadPool]: Opening a new connection, currently in state init
[0m16:33:31.346159 [debug] [ThreadPool]: SQL status: SELECT 5 in 0.009 seconds
[0m16:33:31.348104 [debug] [ThreadPool]: On list_bcb: Close
[0m16:33:31.349439 [debug] [ThreadPool]: Re-using an available connection from the pool (formerly list_bcb, now create_bcb_analytics)
[0m16:33:31.350447 [debug] [ThreadPool]: Creating schema "database: "bcb"
schema: "analytics"
"
[0m16:33:31.354708 [debug] [ThreadPool]: Using postgres connection "create_bcb_analytics"
[0m16:33:31.355658 [debug] [ThreadPool]: On create_bcb_analytics: /* {"app": "dbt", "dbt_version": "1.12.3", "profile_name": "bcb_analytics", "target_name": "dev", "connection_name": "create_bcb_analytics"} */
create schema if not exists "analytics"
[0m16:33:31.356585 [debug] [ThreadPool]: Opening a new connection, currently in state closed
[0m16:33:31.363621 [debug] [ThreadPool]: SQL status: CREATE SCHEMA in 0.007 seconds
[0m16:33:31.365278 [debug] [ThreadPool]: On create_bcb_analytics: COMMIT
[0m16:33:31.366134 [debug] [ThreadPool]: Using postgres connection "create_bcb_analytics"
[0m16:33:31.366959 [debug] [ThreadPool]: On create_bcb_analytics: COMMIT
[0m16:33:31.369192 [debug] [ThreadPool]: SQL status: COMMIT in 0.001 seconds
[0m16:33:31.370053 [debug] [ThreadPool]: On create_bcb_analytics: Close
[0m16:33:31.372318 [debug] [ThreadPool]: Re-using an available connection from the pool (formerly create_bcb_analytics, now list_bcb_analytics)
[0m16:33:31.377040 [debug] [ThreadPool]: Using postgres connection "list_bcb_analytics"
[0m16:33:31.377847 [debug] [ThreadPool]: On list_bcb_analytics: /* {"app": "dbt", "dbt_version": "1.12.3", "profile_name": "bcb_analytics", "target_name": "dev", "connection_name": "list_bcb_analytics"} */
select
      'bcb' as database,
      tablename as name,
      schemaname as schema,
      'table' as type
    from pg_tables
    where schemaname ilike 'analytics'
    union all
    select
      'bcb' as database,
      viewname as name,
      schemaname as schema,
      'view' as type
    from pg_views
    where schemaname ilike 'analytics'
    union all
    select
      'bcb' as database,
      matviewname as name,
      schemaname as schema,
      'materialized_view' as type
    from pg_matviews
    where schemaname ilike 'analytics'
    union all
    select distinct
     'bcb' as database,
     proname as name,
     ns.nspname as schema,
     'function' as type
    from pg_proc
     join pg_namespace as ns on pronamespace = ns.oid
    where ns.nspname ilike 'analytics'
  
[0m16:33:31.378877 [debug] [ThreadPool]: Opening a new connection, currently in state closed
[0m16:33:31.388432 [debug] [ThreadPool]: SQL status: SELECT 0 in 0.009 seconds
[0m16:33:31.390419 [debug] [ThreadPool]: On list_bcb_analytics: ROLLBACK
[0m16:33:31.391665 [debug] [ThreadPool]: On list_bcb_analytics: Close
[0m16:33:31.395732 [debug] [MainThread]: Using postgres connection "master"
[0m16:33:31.396845 [debug] [MainThread]: On master: /* {"app": "dbt", "dbt_version": "1.12.3", "profile_name": "bcb_analytics", "target_name": "dev", "connection_name": "master"} */
select distinct
        dependent_namespace.nspname as dependent_schema,
        dependent_class.relname as dependent_name,
        referenced_namespace.nspname as referenced_schema,
        referenced_class.relname as referenced_name

    -- Query for views: views are entries in pg_class with an entry in pg_rewrite, but we avoid
    -- a seq scan on pg_rewrite by leveraging the fact there is an "internal" row in pg_depend for
    -- the view...
    from pg_class as dependent_class
    join pg_namespace as dependent_namespace on dependent_namespace.oid = dependent_class.relnamespace
    join pg_depend as dependent_depend on dependent_depend.refobjid = dependent_class.oid
        and dependent_depend.classid = 'pg_rewrite'::regclass
        and dependent_depend.refclassid = 'pg_class'::regclass
        and dependent_depend.deptype = 'i'

    -- ... and via pg_depend (that has a row per column, hence the need for "distinct" above, and
    -- making sure to exclude the internal row to avoid a view appearing to depend on itself)...
    join pg_depend as joining_depend on joining_depend.objid = dependent_depend.objid
        and joining_depend.classid = 'pg_rewrite'::regclass
        and joining_depend.refclassid = 'pg_class'::regclass
        and joining_depend.refobjid != dependent_depend.refobjid

    -- ... we can find the tables they query from in pg_class, but excluding system tables. Note we
    -- don't need need to exclude _dependent_ system tables, because they only query from other
    -- system tables, and so are automatically excluded by excluding _referenced_ system tables
    join pg_class as referenced_class on referenced_class.oid = joining_depend.refobjid
    join pg_namespace as referenced_namespace on referenced_namespace.oid = referenced_class.relnamespace
        and referenced_namespace.nspname != 'information_schema'
        and referenced_namespace.nspname not like 'pg\_%'

    order by
        dependent_schema, dependent_name, referenced_schema, referenced_name;
[0m16:33:31.397732 [debug] [MainThread]: Opening a new connection, currently in state init
[0m16:33:31.406553 [debug] [MainThread]: SQL status: SELECT 0 in 0.009 seconds
[0m16:33:31.408243 [debug] [MainThread]: Sending event: {'category': 'dbt', 'action': 'runnable_timing', 'label': '9516e6fa-0dd3-406f-8d2f-6c62a20e0513', 'context': [<snowplow_tracker.self_describing_json.SelfDescribingJson object at 0x7ca5f837a240>]}
[0m16:33:31.409095 [debug] [MainThread]: On master: ROLLBACK
[0m16:33:31.410025 [debug] [MainThread]: On master: COMMIT
[0m16:33:31.410884 [debug] [MainThread]: Using postgres connection "master"
[0m16:33:31.412132 [debug] [MainThread]: On master: COMMIT
[0m16:33:31.413324 [debug] [MainThread]: SQL status: COMMIT in 0.000 seconds
[0m16:33:31.414157 [debug] [MainThread]: On master: Close
[0m16:33:31.420240 [debug] [Thread-1 (]: Began running node model.bcb_analytics.stg_macro_monthly
[0m16:33:31.421329 [info ] [Thread-1 (]: 1 of 6 START sql view model analytics.stg_macro_monthly ........................ [RUN]
[0m16:33:31.422333 [debug] [Thread-1 (]: Re-using an available connection from the pool (formerly list_bcb_analytics, now model.bcb_analytics.stg_macro_monthly)
[0m16:33:31.423337 [debug] [Thread-1 (]: Began compiling node model.bcb_analytics.stg_macro_monthly
[0m16:33:31.429264 [debug] [Thread-1 (]: Writing injected SQL for node "model.bcb_analytics.stg_macro_monthly"
[0m16:33:31.481856 [debug] [Thread-1 (]: Began executing node model.bcb_analytics.stg_macro_monthly
[0m16:33:31.509657 [debug] [Thread-1 (]: Writing runtime sql for node "model.bcb_analytics.stg_macro_monthly"
[0m16:33:31.544736 [debug] [Thread-1 (]: Using postgres connection "model.bcb_analytics.stg_macro_monthly"
[0m16:33:31.546379 [debug] [Thread-1 (]: On model.bcb_analytics.stg_macro_monthly: /* {"app": "dbt", "dbt_version": "1.12.3", "profile_name": "bcb_analytics", "target_name": "dev", "node_id": "model.bcb_analytics.stg_macro_monthly"} */

  create view "bcb"."analytics"."stg_macro_monthly__dbt_tmp"
    
    
  as (
    -- Standardize the interface between the Spark-generated Gold layer
-- and the dbt transformation layer.

select

    *

from "bcb"."gold"."macro_monthly"
  );
[0m16:33:31.547289 [debug] [Thread-1 (]: Opening a new connection, currently in state closed
[0m16:33:31.555003 [debug] [Thread-1 (]: SQL status: CREATE VIEW in 0.008 seconds
[0m16:33:31.560585 [debug] [Thread-1 (]: Using postgres connection "model.bcb_analytics.stg_macro_monthly"
[0m16:33:31.561606 [debug] [Thread-1 (]: On model.bcb_analytics.stg_macro_monthly: /* {"app": "dbt", "dbt_version": "1.12.3", "profile_name": "bcb_analytics", "target_name": "dev", "node_id": "model.bcb_analytics.stg_macro_monthly"} */
alter table "bcb"."analytics"."stg_macro_monthly__dbt_tmp" rename to "stg_macro_monthly"
[0m16:33:31.562909 [debug] [Thread-1 (]: SQL status: ALTER TABLE in 0.000 seconds
[0m16:33:31.576530 [debug] [Thread-1 (]: On model.bcb_analytics.stg_macro_monthly: COMMIT
[0m16:33:31.577548 [debug] [Thread-1 (]: Using postgres connection "model.bcb_analytics.stg_macro_monthly"
[0m16:33:31.578337 [debug] [Thread-1 (]: On model.bcb_analytics.stg_macro_monthly: COMMIT
[0m16:33:31.580516 [debug] [Thread-1 (]: SQL status: COMMIT in 0.001 seconds
[0m16:33:31.586121 [debug] [Thread-1 (]: Applying DROP to: "bcb"."analytics"."stg_macro_monthly__dbt_backup"
[0m16:33:31.591487 [debug] [Thread-1 (]: Using postgres connection "model.bcb_analytics.stg_macro_monthly"
[0m16:33:31.592355 [debug] [Thread-1 (]: On model.bcb_analytics.stg_macro_monthly: /* {"app": "dbt", "dbt_version": "1.12.3", "profile_name": "bcb_analytics", "target_name": "dev", "node_id": "model.bcb_analytics.stg_macro_monthly"} */
drop view if exists "bcb"."analytics"."stg_macro_monthly__dbt_backup" cascade
[0m16:33:31.593425 [debug] [Thread-1 (]: SQL status: DROP VIEW in 0.000 seconds
[0m16:33:31.595821 [debug] [Thread-1 (]: On model.bcb_analytics.stg_macro_monthly: Close
[0m16:33:31.598414 [debug] [Thread-1 (]: Sending event: {'category': 'dbt', 'action': 'run_model', 'label': '9516e6fa-0dd3-406f-8d2f-6c62a20e0513', 'context': [<snowplow_tracker.self_describing_json.SelfDescribingJson object at 0x7ca5fdac0c80>]}
[0m16:33:31.599798 [info ] [Thread-1 (]: 1 of 6 OK created sql view model analytics.stg_macro_monthly ................... [[32mCREATE VIEW[0m in 0.17s]
[0m16:33:31.601184 [debug] [Thread-1 (]: Finished running node model.bcb_analytics.stg_macro_monthly
[0m16:33:31.602815 [debug] [Thread-3 (]: Began running node model.bcb_analytics.fct_credit_pf
[0m16:33:31.603187 [debug] [Thread-4 (]: Began running node model.bcb_analytics.fct_economic_activity
[0m16:33:31.603526 [debug] [Thread-2 (]: Began running node model.bcb_analytics.fct_exchange_rate
[0m16:33:31.603834 [debug] [Thread-1 (]: Began running node model.bcb_analytics.fct_monetary_policy
[0m16:33:31.604236 [info ] [Thread-3 (]: 2 of 6 START sql table model analytics.fct_credit_pf ........................... [RUN]
[0m16:33:31.605091 [info ] [Thread-4 (]: 3 of 6 START sql table model analytics.fct_economic_activity ................... [RUN]
[0m16:33:31.606050 [info ] [Thread-2 (]: 4 of 6 START sql table model analytics.fct_exchange_rate ....................... [RUN]
[0m16:33:31.606899 [info ] [Thread-1 (]: 5 of 6 START sql table model analytics.fct_monetary_policy ..................... [RUN]
[0m16:33:31.607950 [debug] [Thread-3 (]: Acquiring new postgres connection 'model.bcb_analytics.fct_credit_pf'
[0m16:33:31.608752 [debug] [Thread-4 (]: Acquiring new postgres connection 'model.bcb_analytics.fct_economic_activity'
[0m16:33:31.609595 [debug] [Thread-2 (]: Acquiring new postgres connection 'model.bcb_analytics.fct_exchange_rate'
[0m16:33:31.610419 [debug] [Thread-1 (]: Re-using an available connection from the pool (formerly model.bcb_analytics.stg_macro_monthly, now model.bcb_analytics.fct_monetary_policy)
[0m16:33:31.611515 [debug] [Thread-3 (]: Began compiling node model.bcb_analytics.fct_credit_pf
[0m16:33:31.612432 [debug] [Thread-4 (]: Began compiling node model.bcb_analytics.fct_economic_activity
[0m16:33:31.613144 [debug] [Thread-2 (]: Began compiling node model.bcb_analytics.fct_exchange_rate
[0m16:33:31.613753 [debug] [Thread-1 (]: Began compiling node model.bcb_analytics.fct_monetary_policy
[0m16:33:31.615922 [debug] [Thread-3 (]: Writing injected SQL for node "model.bcb_analytics.fct_credit_pf"
[0m16:33:31.617897 [debug] [Thread-4 (]: Writing injected SQL for node "model.bcb_analytics.fct_economic_activity"
[0m16:33:31.619914 [debug] [Thread-2 (]: Writing injected SQL for node "model.bcb_analytics.fct_exchange_rate"
[0m16:33:31.621610 [debug] [Thread-1 (]: Writing injected SQL for node "model.bcb_analytics.fct_monetary_policy"
[0m16:33:31.628529 [debug] [Thread-3 (]: Began executing node model.bcb_analytics.fct_credit_pf
[0m16:33:31.628970 [debug] [Thread-2 (]: Began executing node model.bcb_analytics.fct_exchange_rate
[0m16:33:31.629335 [debug] [Thread-1 (]: Began executing node model.bcb_analytics.fct_monetary_policy
[0m16:33:31.634840 [debug] [Thread-4 (]: Began executing node model.bcb_analytics.fct_economic_activity
[0m16:33:31.655963 [debug] [Thread-2 (]: Writing runtime sql for node "model.bcb_analytics.fct_exchange_rate"
[0m16:33:31.658259 [debug] [Thread-3 (]: Writing runtime sql for node "model.bcb_analytics.fct_credit_pf"
[0m16:33:31.661384 [debug] [Thread-1 (]: Writing runtime sql for node "model.bcb_analytics.fct_monetary_policy"
[0m16:33:31.664356 [debug] [Thread-4 (]: Writing runtime sql for node "model.bcb_analytics.fct_economic_activity"
[0m16:33:31.673019 [debug] [Thread-2 (]: Using postgres connection "model.bcb_analytics.fct_exchange_rate"
[0m16:33:31.673838 [debug] [Thread-2 (]: On model.bcb_analytics.fct_exchange_rate: /* {"app": "dbt", "dbt_version": "1.12.3", "profile_name": "bcb_analytics", "target_name": "dev", "node_id": "model.bcb_analytics.fct_exchange_rate"} */

  
    

  create  table "bcb"."analytics"."fct_exchange_rate__dbt_tmp"
  
  
    as
  
  (
    -- Create analytical indicators for the BRL/USD exchange rate.
-- Daily exchange rate series have already been aggregated
-- to monthly averages by Spark.

select

    reference_month,

    dolar_compra,

    dolar_venda,

    -- Average between the purchase and selling exchange rates
    (dolar_compra + dolar_venda) / 2 as dolar_medio,

    -- Difference between selling and purchase rates
    dolar_venda - dolar_compra as spread_cambio,

    -- Absolute monthly change in the selling exchange rate
    dolar_venda
        - lag(dolar_venda) over (
            order by reference_month
        ) as cambio_change,

    -- Monthly-over-month exchange rate growth
    (
        dolar_venda /
        lag(dolar_venda) over (
            order by reference_month
        ) - 1
    ) * 100 as cambio_mom,

    -- Year-over-year exchange rate growth
    (
        dolar_venda /
        lag(dolar_venda, 12) over (
            order by reference_month
        ) - 1
    ) * 100 as cambio_yoy

from "bcb"."analytics"."stg_macro_monthly"
  );
  
[0m16:33:31.674479 [debug] [Thread-3 (]: Using postgres connection "model.bcb_analytics.fct_credit_pf"
[0m16:33:31.674798 [debug] [Thread-2 (]: Opening a new connection, currently in state init
[0m16:33:31.675124 [debug] [Thread-4 (]: Using postgres connection "model.bcb_analytics.fct_economic_activity"
[0m16:33:31.675603 [debug] [Thread-1 (]: Using postgres connection "model.bcb_analytics.fct_monetary_policy"
[0m16:33:31.675947 [debug] [Thread-3 (]: On model.bcb_analytics.fct_credit_pf: /* {"app": "dbt", "dbt_version": "1.12.3", "profile_name": "bcb_analytics", "target_name": "dev", "node_id": "model.bcb_analytics.fct_credit_pf"} */

  
    

  create  table "bcb"."analytics"."fct_credit_pf__dbt_tmp"
  
  
    as
  
  (
    -- Create analytical indicators for individual credit.
-- The model combines credit concessions, outstanding balances,
-- interest rates, and default indicators with their variations.

select

    reference_month,

    credito_concedido_pf,

    credito_livre_pf,

    saldo_credito_pessoal,

    taxa_credito_pf,

    inadimplencia_pf,

    inadimplencia_credito_pessoal_pf,

    -- Absolute monthly change in credit concessions
    credito_concedido_pf
        - lag(credito_concedido_pf) over (
            order by reference_month
        ) as credito_concedido_change,

    -- Monthly-over-month credit concession growth
    (
        credito_concedido_pf /
        lag(credito_concedido_pf) over (
            order by reference_month
        ) - 1
    ) * 100 as credito_concedido_mom,

    -- Year-over-year credit concession growth
    (
        credito_concedido_pf /
        lag(credito_concedido_pf, 12) over (
            order by reference_month
        ) - 1
    ) * 100 as credito_concedido_yoy,

    -- Absolute monthly change in the individual default rate
    inadimplencia_pf
        - lag(inadimplencia_pf) over (
            order by reference_month
        ) as inadimplencia_change

from "bcb"."analytics"."stg_macro_monthly"
  );
  
[0m16:33:31.677304 [debug] [Thread-4 (]: On model.bcb_analytics.fct_economic_activity: /* {"app": "dbt", "dbt_version": "1.12.3", "profile_name": "bcb_analytics", "target_name": "dev", "node_id": "model.bcb_analytics.fct_economic_activity"} */

  
    

  create  table "bcb"."analytics"."fct_economic_activity__dbt_tmp"
  
  
    as
  
  (
    -- Create analytical indicators for economic activity.
-- Monthly-over-month (MoM) and year-over-year (YoY)
-- growth rates are calculated from the monthly series.

with base as (

    select

        reference_month,

        atividade_economica,
        atividade_agropecuaria,
        atividade_industria,
        atividade_servicos,
        atividade_impostos

    from "bcb"."analytics"."stg_macro_monthly"

),

features as (

    select

        *,

        -- Monthly-over-month economic activity growth
        (
            atividade_economica /
            lag(atividade_economica) over (
                order by reference_month
            ) - 1
        ) * 100 as atividade_economica_mom,

        -- Year-over-year economic activity growth
        (
            atividade_economica /
            lag(atividade_economica, 12) over (
                order by reference_month
            ) - 1
        ) * 100 as atividade_economica_yoy,

        -- Year-over-year industrial activity growth
        (
            atividade_industria /
            lag(atividade_industria, 12) over (
                order by reference_month
            ) - 1
        ) * 100 as industria_yoy,

        -- Year-over-year services activity growth
        (
            atividade_servicos /
            lag(atividade_servicos, 12) over (
                order by reference_month
            ) - 1
        ) * 100 as servicos_yoy

    from base

)

select *

from features
  );
  
[0m16:33:31.678527 [debug] [Thread-1 (]: On model.bcb_analytics.fct_monetary_policy: /* {"app": "dbt", "dbt_version": "1.12.3", "profile_name": "bcb_analytics", "target_name": "dev", "node_id": "model.bcb_analytics.fct_monetary_policy"} */

  
    

  create  table "bcb"."analytics"."fct_monetary_policy__dbt_tmp"
  
  
    as
  
  (
    -- Create analytical indicators related to monetary policy.
-- The model derives changes in the Selic rate and the spread
-- between the effective Selic rate and its target.

select

    reference_month,

    selic,

    selic_meta,

    -- Difference between the effective Selic rate and its target
    selic - selic_meta as selic_spread,

    -- Selic rate from the previous month
    lag(selic) over (
        order by reference_month
    ) as selic_previous_month,

    -- Absolute monthly change in the Selic rate
    selic - lag(selic) over (
        order by reference_month
    ) as selic_change,

    -- Selic target from the previous month
    lag(selic_meta) over (
        order by reference_month
    ) as selic_meta_previous_month,

    -- Absolute monthly change in the Selic target
    selic_meta - lag(selic_meta) over (
        order by reference_month
    ) as selic_meta_change

from "bcb"."analytics"."stg_macro_monthly"
  );
  
[0m16:33:31.679611 [debug] [Thread-3 (]: Opening a new connection, currently in state init
[0m16:33:31.680370 [debug] [Thread-4 (]: Opening a new connection, currently in state init
[0m16:33:31.681076 [debug] [Thread-1 (]: Opening a new connection, currently in state closed
[0m16:33:31.684750 [debug] [Thread-2 (]: SQL status: SELECT 81 in 0.010 seconds
[0m16:33:31.690563 [debug] [Thread-2 (]: Using postgres connection "model.bcb_analytics.fct_exchange_rate"
[0m16:33:31.693070 [debug] [Thread-1 (]: SQL status: SELECT 81 in 0.012 seconds
[0m16:33:31.693461 [debug] [Thread-4 (]: SQL status: SELECT 81 in 0.013 seconds
[0m16:33:31.693808 [debug] [Thread-2 (]: On model.bcb_analytics.fct_exchange_rate: /* {"app": "dbt", "dbt_version": "1.12.3", "profile_name": "bcb_analytics", "target_name": "dev", "node_id": "model.bcb_analytics.fct_exchange_rate"} */
alter table "bcb"."analytics"."fct_exchange_rate__dbt_tmp" rename to "fct_exchange_rate"
[0m16:33:31.694148 [debug] [Thread-3 (]: SQL status: SELECT 81 in 0.015 seconds
[0m16:33:31.696742 [debug] [Thread-1 (]: Using postgres connection "model.bcb_analytics.fct_monetary_policy"
[0m16:33:31.699276 [debug] [Thread-4 (]: Using postgres connection "model.bcb_analytics.fct_economic_activity"
[0m16:33:31.700528 [debug] [Thread-2 (]: SQL status: ALTER TABLE in 0.000 seconds
[0m16:33:31.702414 [debug] [Thread-3 (]: Using postgres connection "model.bcb_analytics.fct_credit_pf"
[0m16:33:31.703298 [debug] [Thread-1 (]: On model.bcb_analytics.fct_monetary_policy: /* {"app": "dbt", "dbt_version": "1.12.3", "profile_name": "bcb_analytics", "target_name": "dev", "node_id": "model.bcb_analytics.fct_monetary_policy"} */
alter table "bcb"."analytics"."fct_monetary_policy__dbt_tmp" rename to "fct_monetary_policy"
[0m16:33:31.704147 [debug] [Thread-4 (]: On model.bcb_analytics.fct_economic_activity: /* {"app": "dbt", "dbt_version": "1.12.3", "profile_name": "bcb_analytics", "target_name": "dev", "node_id": "model.bcb_analytics.fct_economic_activity"} */
alter table "bcb"."analytics"."fct_economic_activity__dbt_tmp" rename to "fct_economic_activity"
[0m16:33:31.706546 [debug] [Thread-2 (]: On model.bcb_analytics.fct_exchange_rate: COMMIT
[0m16:33:31.707520 [debug] [Thread-3 (]: On model.bcb_analytics.fct_credit_pf: /* {"app": "dbt", "dbt_version": "1.12.3", "profile_name": "bcb_analytics", "target_name": "dev", "node_id": "model.bcb_analytics.fct_credit_pf"} */
alter table "bcb"."analytics"."fct_credit_pf__dbt_tmp" rename to "fct_credit_pf"
[0m16:33:31.708893 [debug] [Thread-1 (]: SQL status: ALTER TABLE in 0.000 seconds
[0m16:33:31.709506 [debug] [Thread-4 (]: SQL status: ALTER TABLE in 0.000 seconds
[0m16:33:31.709828 [debug] [Thread-2 (]: Using postgres connection "model.bcb_analytics.fct_exchange_rate"
[0m16:33:31.711060 [debug] [Thread-3 (]: SQL status: ALTER TABLE in 0.000 seconds
[0m16:33:31.712362 [debug] [Thread-1 (]: On model.bcb_analytics.fct_monetary_policy: COMMIT
[0m16:33:31.714049 [debug] [Thread-4 (]: On model.bcb_analytics.fct_economic_activity: COMMIT
[0m16:33:31.714728 [debug] [Thread-2 (]: On model.bcb_analytics.fct_exchange_rate: COMMIT
[0m16:33:31.716227 [debug] [Thread-3 (]: On model.bcb_analytics.fct_credit_pf: COMMIT
[0m16:33:31.716983 [debug] [Thread-1 (]: Using postgres connection "model.bcb_analytics.fct_monetary_policy"
[0m16:33:31.717899 [debug] [Thread-4 (]: Using postgres connection "model.bcb_analytics.fct_economic_activity"
[0m16:33:31.719609 [debug] [Thread-3 (]: Using postgres connection "model.bcb_analytics.fct_credit_pf"
[0m16:33:31.720373 [debug] [Thread-2 (]: SQL status: COMMIT in 0.001 seconds
[0m16:33:31.720709 [debug] [Thread-1 (]: On model.bcb_analytics.fct_monetary_policy: COMMIT
[0m16:33:31.721408 [debug] [Thread-4 (]: On model.bcb_analytics.fct_economic_activity: COMMIT
[0m16:33:31.722110 [debug] [Thread-3 (]: On model.bcb_analytics.fct_credit_pf: COMMIT
[0m16:33:31.723794 [debug] [Thread-2 (]: Applying DROP to: "bcb"."analytics"."fct_exchange_rate__dbt_backup"
[0m16:33:31.725366 [debug] [Thread-1 (]: SQL status: COMMIT in 0.001 seconds
[0m16:33:31.728426 [debug] [Thread-2 (]: Using postgres connection "model.bcb_analytics.fct_exchange_rate"
[0m16:33:31.728803 [debug] [Thread-4 (]: SQL status: COMMIT in 0.004 seconds
[0m16:33:31.729087 [debug] [Thread-3 (]: SQL status: COMMIT in 0.004 seconds
[0m16:33:31.730360 [debug] [Thread-1 (]: Applying DROP to: "bcb"."analytics"."fct_monetary_policy__dbt_backup"
[0m16:33:31.731230 [debug] [Thread-2 (]: On model.bcb_analytics.fct_exchange_rate: /* {"app": "dbt", "dbt_version": "1.12.3", "profile_name": "bcb_analytics", "target_name": "dev", "node_id": "model.bcb_analytics.fct_exchange_rate"} */
drop table if exists "bcb"."analytics"."fct_exchange_rate__dbt_backup" cascade
[0m16:33:31.733338 [debug] [Thread-4 (]: Applying DROP to: "bcb"."analytics"."fct_economic_activity__dbt_backup"
[0m16:33:31.735014 [debug] [Thread-3 (]: Applying DROP to: "bcb"."analytics"."fct_credit_pf__dbt_backup"
[0m16:33:31.736111 [debug] [Thread-1 (]: Using postgres connection "model.bcb_analytics.fct_monetary_policy"
[0m16:33:31.737171 [debug] [Thread-2 (]: SQL status: DROP TABLE in 0.000 seconds
[0m16:33:31.737748 [debug] [Thread-4 (]: Using postgres connection "model.bcb_analytics.fct_economic_activity"
[0m16:33:31.738710 [debug] [Thread-3 (]: Using postgres connection "model.bcb_analytics.fct_credit_pf"
[0m16:33:31.739332 [debug] [Thread-1 (]: On model.bcb_analytics.fct_monetary_policy: /* {"app": "dbt", "dbt_version": "1.12.3", "profile_name": "bcb_analytics", "target_name": "dev", "node_id": "model.bcb_analytics.fct_monetary_policy"} */
drop table if exists "bcb"."analytics"."fct_monetary_policy__dbt_backup" cascade
[0m16:33:31.740950 [debug] [Thread-2 (]: On model.bcb_analytics.fct_exchange_rate: Close
[0m16:33:31.741610 [debug] [Thread-4 (]: On model.bcb_analytics.fct_economic_activity: /* {"app": "dbt", "dbt_version": "1.12.3", "profile_name": "bcb_analytics", "target_name": "dev", "node_id": "model.bcb_analytics.fct_economic_activity"} */
drop table if exists "bcb"."analytics"."fct_economic_activity__dbt_backup" cascade
[0m16:33:31.742266 [debug] [Thread-3 (]: On model.bcb_analytics.fct_credit_pf: /* {"app": "dbt", "dbt_version": "1.12.3", "profile_name": "bcb_analytics", "target_name": "dev", "node_id": "model.bcb_analytics.fct_credit_pf"} */
drop table if exists "bcb"."analytics"."fct_credit_pf__dbt_backup" cascade
[0m16:33:31.743235 [debug] [Thread-1 (]: SQL status: DROP TABLE in 0.000 seconds
[0m16:33:31.743843 [debug] [Thread-2 (]: Sending event: {'category': 'dbt', 'action': 'run_model', 'label': '9516e6fa-0dd3-406f-8d2f-6c62a20e0513', 'context': [<snowplow_tracker.self_describing_json.SelfDescribingJson object at 0x7ca5f71c2b40>]}
[0m16:33:31.744716 [debug] [Thread-4 (]: SQL status: DROP TABLE in 0.000 seconds
[0m16:33:31.745629 [debug] [Thread-3 (]: SQL status: DROP TABLE in 0.000 seconds
[0m16:33:31.746899 [debug] [Thread-1 (]: On model.bcb_analytics.fct_monetary_policy: Close
[0m16:33:31.747862 [info ] [Thread-2 (]: 4 of 6 OK created sql table model analytics.fct_exchange_rate .................. [[32mSELECT 81[0m in 0.13s]
[0m16:33:31.749583 [debug] [Thread-4 (]: On model.bcb_analytics.fct_economic_activity: Close
[0m16:33:31.751021 [debug] [Thread-3 (]: On model.bcb_analytics.fct_credit_pf: Close
[0m16:33:31.752028 [debug] [Thread-1 (]: Sending event: {'category': 'dbt', 'action': 'run_model', 'label': '9516e6fa-0dd3-406f-8d2f-6c62a20e0513', 'context': [<snowplow_tracker.self_describing_json.SelfDescribingJson object at 0x7ca5fa8e8560>]}
[0m16:33:31.752523 [debug] [Thread-2 (]: Finished running node model.bcb_analytics.fct_exchange_rate
[0m16:33:31.753549 [debug] [Thread-4 (]: Sending event: {'category': 'dbt', 'action': 'run_model', 'label': '9516e6fa-0dd3-406f-8d2f-6c62a20e0513', 'context': [<snowplow_tracker.self_describing_json.SelfDescribingJson object at 0x7ca5fa77ae10>]}
[0m16:33:31.754178 [debug] [Thread-3 (]: Sending event: {'category': 'dbt', 'action': 'run_model', 'label': '9516e6fa-0dd3-406f-8d2f-6c62a20e0513', 'context': [<snowplow_tracker.self_describing_json.SelfDescribingJson object at 0x7ca5fb4e49b0>]}
[0m16:33:31.755636 [info ] [Thread-1 (]: 5 of 6 OK created sql table model analytics.fct_monetary_policy ................ [[32mSELECT 81[0m in 0.14s]
[0m16:33:31.756503 [debug] [Thread-2 (]: Began running node model.bcb_analytics.mart_macro_credit_features
[0m16:33:31.757538 [info ] [Thread-4 (]: 3 of 6 OK created sql table model analytics.fct_economic_activity .............. [[32mSELECT 81[0m in 0.14s]
[0m16:33:31.759031 [info ] [Thread-3 (]: 2 of 6 OK created sql table model analytics.fct_credit_pf ...................... [[32mSELECT 81[0m in 0.15s]
[0m16:33:31.760137 [debug] [Thread-1 (]: Finished running node model.bcb_analytics.fct_monetary_policy
[0m16:33:31.760959 [info ] [Thread-2 (]: 6 of 6 START sql table model analytics.mart_macro_credit_features .............. [RUN]
[0m16:33:31.761783 [debug] [Thread-4 (]: Finished running node model.bcb_analytics.fct_economic_activity
[0m16:33:31.762623 [debug] [Thread-3 (]: Finished running node model.bcb_analytics.fct_credit_pf
[0m16:33:31.763822 [debug] [Thread-2 (]: Re-using an available connection from the pool (formerly model.bcb_analytics.fct_exchange_rate, now model.bcb_analytics.mart_macro_credit_features)
[0m16:33:31.765383 [debug] [Thread-2 (]: Began compiling node model.bcb_analytics.mart_macro_credit_features
[0m16:33:31.767346 [debug] [Thread-2 (]: Writing injected SQL for node "model.bcb_analytics.mart_macro_credit_features"
[0m16:33:31.775158 [debug] [Thread-2 (]: Began executing node model.bcb_analytics.mart_macro_credit_features
[0m16:33:31.778348 [debug] [Thread-2 (]: Writing runtime sql for node "model.bcb_analytics.mart_macro_credit_features"
[0m16:33:31.786174 [debug] [Thread-2 (]: Using postgres connection "model.bcb_analytics.mart_macro_credit_features"
[0m16:33:31.787029 [debug] [Thread-2 (]: On model.bcb_analytics.mart_macro_credit_features: /* {"app": "dbt", "dbt_version": "1.12.3", "profile_name": "bcb_analytics", "target_name": "dev", "node_id": "model.bcb_analytics.mart_macro_credit_features"} */

  
    

  create  table "bcb"."analytics"."mart_macro_credit_features__dbt_tmp"
  
  
    as
  
  (
    -- Create a feature dataset for statistical and machine learning models.
-- Lagged macroeconomic variables are included to capture potential
-- delayed effects of economic conditions on credit risk.

select

    reference_month,

    selic,
    selic_meta,

    -- Lagged Selic features
    lag(selic, 1) over (
        order by reference_month
    ) as selic_lag_1,

    lag(selic, 3) over (
        order by reference_month
    ) as selic_lag_3,

    lag(selic, 6) over (
        order by reference_month
    ) as selic_lag_6,

    lag(selic, 12) over (
        order by reference_month
    ) as selic_lag_12,

    ipca,

    atividade_economica,

    dolar_venda,

    credito_concedido_pf,

    taxa_credito_pf,

    inadimplencia_pf,

    -- Lagged default rate features
    lag(inadimplencia_pf, 1) over (
        order by reference_month
    ) as inadimplencia_lag_1,

    lag(inadimplencia_pf, 3) over (
        order by reference_month
    ) as inadimplencia_lag_3

from "bcb"."analytics"."stg_macro_monthly"
  );
  
[0m16:33:31.787792 [debug] [Thread-2 (]: Opening a new connection, currently in state closed
[0m16:33:31.795345 [debug] [Thread-2 (]: SQL status: SELECT 81 in 0.008 seconds
[0m16:33:31.798250 [debug] [Thread-2 (]: Using postgres connection "model.bcb_analytics.mart_macro_credit_features"
[0m16:33:31.799230 [debug] [Thread-2 (]: On model.bcb_analytics.mart_macro_credit_features: /* {"app": "dbt", "dbt_version": "1.12.3", "profile_name": "bcb_analytics", "target_name": "dev", "node_id": "model.bcb_analytics.mart_macro_credit_features"} */
alter table "bcb"."analytics"."mart_macro_credit_features__dbt_tmp" rename to "mart_macro_credit_features"
[0m16:33:31.800341 [debug] [Thread-2 (]: SQL status: ALTER TABLE in 0.000 seconds
[0m16:33:31.802140 [debug] [Thread-2 (]: On model.bcb_analytics.mart_macro_credit_features: COMMIT
[0m16:33:31.802856 [debug] [Thread-2 (]: Using postgres connection "model.bcb_analytics.mart_macro_credit_features"
[0m16:33:31.803504 [debug] [Thread-2 (]: On model.bcb_analytics.mart_macro_credit_features: COMMIT
[0m16:33:31.805131 [debug] [Thread-2 (]: SQL status: COMMIT in 0.001 seconds
[0m16:33:31.807063 [debug] [Thread-2 (]: Applying DROP to: "bcb"."analytics"."mart_macro_credit_features__dbt_backup"
[0m16:33:31.808039 [debug] [Thread-2 (]: Using postgres connection "model.bcb_analytics.mart_macro_credit_features"
[0m16:33:31.808718 [debug] [Thread-2 (]: On model.bcb_analytics.mart_macro_credit_features: /* {"app": "dbt", "dbt_version": "1.12.3", "profile_name": "bcb_analytics", "target_name": "dev", "node_id": "model.bcb_analytics.mart_macro_credit_features"} */
drop table if exists "bcb"."analytics"."mart_macro_credit_features__dbt_backup" cascade
[0m16:33:31.809798 [debug] [Thread-2 (]: SQL status: DROP TABLE in 0.000 seconds
[0m16:33:31.811579 [debug] [Thread-2 (]: On model.bcb_analytics.mart_macro_credit_features: Close
[0m16:33:31.812776 [debug] [Thread-2 (]: Sending event: {'category': 'dbt', 'action': 'run_model', 'label': '9516e6fa-0dd3-406f-8d2f-6c62a20e0513', 'context': [<snowplow_tracker.self_describing_json.SelfDescribingJson object at 0x7ca5fa85aa20>]}
[0m16:33:31.813730 [info ] [Thread-2 (]: 6 of 6 OK created sql table model analytics.mart_macro_credit_features ......... [[32mSELECT 81[0m in 0.05s]
[0m16:33:31.814723 [debug] [Thread-2 (]: Finished running node model.bcb_analytics.mart_macro_credit_features
[0m16:33:31.816702 [debug] [MainThread]: On master: COMMIT
[0m16:33:31.817375 [debug] [MainThread]: Using postgres connection "master"
[0m16:33:31.818095 [debug] [MainThread]: On master: COMMIT
[0m16:33:31.818662 [debug] [MainThread]: Opening a new connection, currently in state closed
[0m16:33:31.825237 [debug] [MainThread]: SQL status: COMMIT in 0.006 seconds
[0m16:33:31.826197 [debug] [MainThread]: On master: Close
[0m16:33:31.827078 [debug] [MainThread]: Connection 'master' was properly closed.
[0m16:33:31.827718 [debug] [MainThread]: Connection 'model.bcb_analytics.fct_monetary_policy' was properly closed.
[0m16:33:31.828320 [debug] [MainThread]: Connection 'model.bcb_analytics.fct_credit_pf' was properly closed.
[0m16:33:31.828892 [debug] [MainThread]: Connection 'model.bcb_analytics.fct_economic_activity' was properly closed.
[0m16:33:31.829434 [debug] [MainThread]: Connection 'model.bcb_analytics.mart_macro_credit_features' was properly closed.
[0m16:33:31.830115 [info ] [MainThread]: 
[0m16:33:31.830822 [info ] [MainThread]: Finished running 5 table models, 1 view model in 0 hours 0 minutes and 0.58 seconds (0.58s).
[0m16:33:31.832414 [debug] [MainThread]: Command end result
[0m16:33:31.900115 [debug] [MainThread]: Wrote artifact WritableManifest to /usr/app/dbt/target/manifest.json
[0m16:33:32.244674 [debug] [MainThread]: Wrote artifact SemanticManifest to /usr/app/dbt/target/semantic_manifest.json
[0m16:33:32.303978 [debug] [MainThread]: Wrote artifact OsiDocument to /usr/app/dbt/target/osi_document.json
[0m16:33:32.316747 [debug] [MainThread]: Wrote artifact RunExecutionResult to /usr/app/dbt/target/run_results.json
[0m16:33:32.317640 [info ] [MainThread]: 
[0m16:33:32.318843 [info ] [MainThread]: [32mCompleted successfully[0m
[0m16:33:32.319943 [info ] [MainThread]: 
[0m16:33:32.320877 [info ] [MainThread]: Done. PASS=6 WARN=0 ERROR=0 SKIP=0 NO-OP=0 REUSED=0 TOTAL=6
[0m16:33:32.323222 [debug] [MainThread]: Resource report: {"command_name": "build", "command_success": true, "command_wall_clock_time": 2.2001288, "process_in_blocks": "103859", "process_kernel_time": 0.312197, "process_mem_max_rss": "138712", "process_out_blocks": "2200", "process_user_time": 2.250253}
[0m16:33:32.324078 [debug] [MainThread]: Command `dbt build` succeeded at 16:33:32.323982 after 2.20 seconds
[0m16:33:32.324754 [debug] [MainThread]: Sending event: {'category': 'dbt', 'action': 'invocation', 'label': 'end', 'context': [<snowplow_tracker.self_describing_json.SelfDescribingJson object at 0x7ca5f93ace00>, <snowplow_tracker.self_describing_json.SelfDescribingJson object at 0x7ca5fddc5580>, <snowplow_tracker.self_describing_json.SelfDescribingJson object at 0x7ca5f7259c40>]}
[0m16:33:32.325442 [debug] [MainThread]: Flushing usage events
[0m16:33:33.072602 [debug] [MainThread]: An error was encountered while trying to flush usage events
[0m16:54:42.793279 [debug] [MainThread]: Sending event: {'category': 'dbt', 'action': 'invocation', 'label': 'start', 'context': [<snowplow_tracker.self_describing_json.SelfDescribingJson object at 0x7f5fe82145c0>, <snowplow_tracker.self_describing_json.SelfDescribingJson object at 0x7f5fe8d9b020>, <snowplow_tracker.self_describing_json.SelfDescribingJson object at 0x7f5fe82157f0>]}


============================== 16:54:42.800545 | de144da5-43a9-4e5b-a241-5158a5d6d9c9 ==============================
[0m16:54:42.800545 [info ] [MainThread]: Running with dbt=1.12.3
[0m16:54:42.801753 [debug] [MainThread]: running dbt with arguments {'warn_error_options': 'WarnErrorOptionsV2(error=[], warn=[], silence=[])', 'hints_enabled': 'True', 'write_json': 'True', 'profiles_dir': '/usr/app/dbt', 'invocation_command': 'dbt build', 'no_print': 'None', 'use_colors': 'True', 'fail_fast': 'False', 'log_path': '/usr/app/dbt/logs', 'warn_error': 'None', 'quiet': 'False', 'indirect_selection': 'eager', 'target_path': 'None', 'debug': 'False', 'log_cache_events': 'False', 'version_check': 'True', 'use_experimental_parser': 'False', 'empty': 'False', 'static_parser': 'True', 'printer_width': '80', 'log_format': 'default', 'cache_selected_only': 'False', 'introspect': 'True', 'send_anonymous_usage_stats': 'True', 'maximum_seed_size_mib': '1', 'partial_parse': 'True'}
[0m16:54:42.958060 [debug] [MainThread]: Sending event: {'category': 'dbt', 'action': 'project_id', 'label': 'de144da5-43a9-4e5b-a241-5158a5d6d9c9', 'context': [<snowplow_tracker.self_describing_json.SelfDescribingJson object at 0x7f5fe677bf20>]}
[0m16:54:43.016122 [debug] [MainThread]: Sending event: {'category': 'dbt', 'action': 'adapter_info', 'label': 'de144da5-43a9-4e5b-a241-5158a5d6d9c9', 'context': [<snowplow_tracker.self_describing_json.SelfDescribingJson object at 0x7f5fe7348ad0>]}
[0m16:54:43.017849 [info ] [MainThread]: Registered adapter: postgres=1.11.0
[0m16:54:43.079326 [debug] [MainThread]: checksum: 93f3c84ce504663c4776f7735972647e04db2733b90ae0c7a023176aa6e7f35b, vars: {}, profile: bcb_analytics, target: dev, version: 1.12.3
[0m16:54:43.377585 [debug] [MainThread]: Partial parsing enabled: 0 files deleted, 0 files added, 0 files changed.
[0m16:54:43.378448 [debug] [MainThread]: Nothing changed, skipping partial parsing.
[0m16:54:43.379170 [debug] [MainThread]: Partial parsing enabled, no changes found, skipping parsing
[0m16:54:43.387397 [debug] [MainThread]: Sending event: {'category': 'dbt', 'action': 'load_project', 'label': 'de144da5-43a9-4e5b-a241-5158a5d6d9c9', 'context': [<snowplow_tracker.self_describing_json.SelfDescribingJson object at 0x7f5fe5369cd0>]}
[0m16:54:43.519906 [debug] [MainThread]: Wrote artifact WritableManifest to /usr/app/dbt/target/manifest.json
[0m16:54:43.575294 [debug] [MainThread]: Wrote artifact SemanticManifest to /usr/app/dbt/target/semantic_manifest.json
[0m16:54:43.645546 [debug] [MainThread]: Wrote artifact OsiDocument to /usr/app/dbt/target/osi_document.json
[0m16:54:43.678963 [debug] [MainThread]: Sending event: {'category': 'dbt', 'action': 'resource_counts', 'label': 'de144da5-43a9-4e5b-a241-5158a5d6d9c9', 'context': [<snowplow_tracker.self_describing_json.SelfDescribingJson object at 0x7f5fe5379310>]}
[0m16:54:43.679867 [info ] [MainThread]: Found 6 models, 1 source, 477 macros
[0m16:54:43.682436 [info ] [MainThread]: 
[0m16:54:43.683297 [info ] [MainThread]: Concurrency: 4 threads (target='dev')
[0m16:54:43.684182 [info ] [MainThread]: 
[0m16:54:43.685203 [debug] [MainThread]: Acquiring new postgres connection 'master'
[0m16:54:43.689753 [debug] [ThreadPool]: Acquiring new postgres connection 'list_bcb'
[0m16:54:43.773066 [debug] [ThreadPool]: Using postgres connection "list_bcb"
[0m16:54:43.774283 [debug] [ThreadPool]: On list_bcb: /* {"app": "dbt", "dbt_version": "1.12.3", "profile_name": "bcb_analytics", "target_name": "dev", "connection_name": "list_bcb"} */

    select distinct nspname from pg_namespace
  
[0m16:54:43.775754 [debug] [ThreadPool]: Opening a new connection, currently in state init
[0m16:54:43.785536 [debug] [ThreadPool]: SQL status: SELECT 5 in 0.010 seconds
[0m16:54:43.787623 [debug] [ThreadPool]: On list_bcb: Close
[0m16:54:43.789748 [debug] [ThreadPool]: Re-using an available connection from the pool (formerly list_bcb, now create_bcb_analytics)
[0m16:54:43.790881 [debug] [ThreadPool]: Creating schema "database: "bcb"
schema: "analytics"
"
[0m16:54:43.795200 [debug] [ThreadPool]: Using postgres connection "create_bcb_analytics"
[0m16:54:43.796225 [debug] [ThreadPool]: On create_bcb_analytics: /* {"app": "dbt", "dbt_version": "1.12.3", "profile_name": "bcb_analytics", "target_name": "dev", "connection_name": "create_bcb_analytics"} */
create schema if not exists "analytics"
[0m16:54:43.797227 [debug] [ThreadPool]: Opening a new connection, currently in state closed
[0m16:54:43.805040 [debug] [ThreadPool]: SQL status: CREATE SCHEMA in 0.008 seconds
[0m16:54:43.806520 [debug] [ThreadPool]: On create_bcb_analytics: COMMIT
[0m16:54:43.807583 [debug] [ThreadPool]: Using postgres connection "create_bcb_analytics"
[0m16:54:43.808456 [debug] [ThreadPool]: On create_bcb_analytics: COMMIT
[0m16:54:43.810381 [debug] [ThreadPool]: SQL status: COMMIT in 0.001 seconds
[0m16:54:43.811114 [debug] [ThreadPool]: On create_bcb_analytics: Close
[0m16:54:43.813171 [debug] [ThreadPool]: Re-using an available connection from the pool (formerly create_bcb_analytics, now list_bcb_analytics)
[0m16:54:43.818561 [debug] [ThreadPool]: Using postgres connection "list_bcb_analytics"
[0m16:54:43.819608 [debug] [ThreadPool]: On list_bcb_analytics: /* {"app": "dbt", "dbt_version": "1.12.3", "profile_name": "bcb_analytics", "target_name": "dev", "connection_name": "list_bcb_analytics"} */
select
      'bcb' as database,
      tablename as name,
      schemaname as schema,
      'table' as type
    from pg_tables
    where schemaname ilike 'analytics'
    union all
    select
      'bcb' as database,
      viewname as name,
      schemaname as schema,
      'view' as type
    from pg_views
    where schemaname ilike 'analytics'
    union all
    select
      'bcb' as database,
      matviewname as name,
      schemaname as schema,
      'materialized_view' as type
    from pg_matviews
    where schemaname ilike 'analytics'
    union all
    select distinct
     'bcb' as database,
     proname as name,
     ns.nspname as schema,
     'function' as type
    from pg_proc
     join pg_namespace as ns on pronamespace = ns.oid
    where ns.nspname ilike 'analytics'
  
[0m16:54:43.820413 [debug] [ThreadPool]: Opening a new connection, currently in state closed
[0m16:54:43.831867 [debug] [ThreadPool]: SQL status: SELECT 0 in 0.011 seconds
[0m16:54:43.833667 [debug] [ThreadPool]: On list_bcb_analytics: ROLLBACK
[0m16:54:43.834675 [debug] [ThreadPool]: On list_bcb_analytics: Close
[0m16:54:43.838781 [debug] [MainThread]: Using postgres connection "master"
[0m16:54:43.840150 [debug] [MainThread]: On master: /* {"app": "dbt", "dbt_version": "1.12.3", "profile_name": "bcb_analytics", "target_name": "dev", "connection_name": "master"} */
select distinct
        dependent_namespace.nspname as dependent_schema,
        dependent_class.relname as dependent_name,
        referenced_namespace.nspname as referenced_schema,
        referenced_class.relname as referenced_name

    -- Query for views: views are entries in pg_class with an entry in pg_rewrite, but we avoid
    -- a seq scan on pg_rewrite by leveraging the fact there is an "internal" row in pg_depend for
    -- the view...
    from pg_class as dependent_class
    join pg_namespace as dependent_namespace on dependent_namespace.oid = dependent_class.relnamespace
    join pg_depend as dependent_depend on dependent_depend.refobjid = dependent_class.oid
        and dependent_depend.classid = 'pg_rewrite'::regclass
        and dependent_depend.refclassid = 'pg_class'::regclass
        and dependent_depend.deptype = 'i'

    -- ... and via pg_depend (that has a row per column, hence the need for "distinct" above, and
    -- making sure to exclude the internal row to avoid a view appearing to depend on itself)...
    join pg_depend as joining_depend on joining_depend.objid = dependent_depend.objid
        and joining_depend.classid = 'pg_rewrite'::regclass
        and joining_depend.refclassid = 'pg_class'::regclass
        and joining_depend.refobjid != dependent_depend.refobjid

    -- ... we can find the tables they query from in pg_class, but excluding system tables. Note we
    -- don't need need to exclude _dependent_ system tables, because they only query from other
    -- system tables, and so are automatically excluded by excluding _referenced_ system tables
    join pg_class as referenced_class on referenced_class.oid = joining_depend.refobjid
    join pg_namespace as referenced_namespace on referenced_namespace.oid = referenced_class.relnamespace
        and referenced_namespace.nspname != 'information_schema'
        and referenced_namespace.nspname not like 'pg\_%'

    order by
        dependent_schema, dependent_name, referenced_schema, referenced_name;
[0m16:54:43.841555 [debug] [MainThread]: Opening a new connection, currently in state init
[0m16:54:43.850831 [debug] [MainThread]: SQL status: SELECT 0 in 0.009 seconds
[0m16:54:43.852575 [debug] [MainThread]: Sending event: {'category': 'dbt', 'action': 'runnable_timing', 'label': 'de144da5-43a9-4e5b-a241-5158a5d6d9c9', 'context': [<snowplow_tracker.self_describing_json.SelfDescribingJson object at 0x7f5fe3eaccb0>]}
[0m16:54:43.853524 [debug] [MainThread]: On master: ROLLBACK
[0m16:54:43.854963 [debug] [MainThread]: On master: COMMIT
[0m16:54:43.856135 [debug] [MainThread]: Using postgres connection "master"
[0m16:54:43.857150 [debug] [MainThread]: On master: COMMIT
[0m16:54:43.858333 [debug] [MainThread]: SQL status: COMMIT in 0.000 seconds
[0m16:54:43.859215 [debug] [MainThread]: On master: Close
[0m16:54:43.864432 [debug] [Thread-1 (]: Began running node model.bcb_analytics.stg_macro_monthly
[0m16:54:43.865504 [info ] [Thread-1 (]: 1 of 6 START sql view model analytics.stg_macro_monthly ........................ [RUN]
[0m16:54:43.866572 [debug] [Thread-1 (]: Re-using an available connection from the pool (formerly list_bcb_analytics, now model.bcb_analytics.stg_macro_monthly)
[0m16:54:43.867661 [debug] [Thread-1 (]: Began compiling node model.bcb_analytics.stg_macro_monthly
[0m16:54:43.873881 [debug] [Thread-1 (]: Writing injected SQL for node "model.bcb_analytics.stg_macro_monthly"
[0m16:54:43.915313 [debug] [Thread-1 (]: Began executing node model.bcb_analytics.stg_macro_monthly
[0m16:54:43.944892 [debug] [Thread-1 (]: Writing runtime sql for node "model.bcb_analytics.stg_macro_monthly"
[0m16:54:43.992828 [debug] [Thread-1 (]: Using postgres connection "model.bcb_analytics.stg_macro_monthly"
[0m16:54:43.993723 [debug] [Thread-1 (]: On model.bcb_analytics.stg_macro_monthly: /* {"app": "dbt", "dbt_version": "1.12.3", "profile_name": "bcb_analytics", "target_name": "dev", "node_id": "model.bcb_analytics.stg_macro_monthly"} */

  create view "bcb"."analytics"."stg_macro_monthly__dbt_tmp"
    
    
  as (
    -- Standardize the interface between the Spark-generated Gold layer
-- and the dbt transformation layer.

select

    *

from "bcb"."gold"."macro_monthly"
  );
[0m16:54:43.994556 [debug] [Thread-1 (]: Opening a new connection, currently in state closed
[0m16:54:44.002696 [debug] [Thread-1 (]: SQL status: CREATE VIEW in 0.008 seconds
[0m16:54:44.007902 [debug] [Thread-1 (]: Using postgres connection "model.bcb_analytics.stg_macro_monthly"
[0m16:54:44.008772 [debug] [Thread-1 (]: On model.bcb_analytics.stg_macro_monthly: /* {"app": "dbt", "dbt_version": "1.12.3", "profile_name": "bcb_analytics", "target_name": "dev", "node_id": "model.bcb_analytics.stg_macro_monthly"} */
alter table "bcb"."analytics"."stg_macro_monthly__dbt_tmp" rename to "stg_macro_monthly"
[0m16:54:44.010099 [debug] [Thread-1 (]: SQL status: ALTER TABLE in 0.000 seconds
[0m16:54:44.024359 [debug] [Thread-1 (]: On model.bcb_analytics.stg_macro_monthly: COMMIT
[0m16:54:44.025507 [debug] [Thread-1 (]: Using postgres connection "model.bcb_analytics.stg_macro_monthly"
[0m16:54:44.026334 [debug] [Thread-1 (]: On model.bcb_analytics.stg_macro_monthly: COMMIT
[0m16:54:44.028882 [debug] [Thread-1 (]: SQL status: COMMIT in 0.002 seconds
[0m16:54:44.034459 [debug] [Thread-1 (]: Applying DROP to: "bcb"."analytics"."stg_macro_monthly__dbt_backup"
[0m16:54:44.039474 [debug] [Thread-1 (]: Using postgres connection "model.bcb_analytics.stg_macro_monthly"
[0m16:54:44.040353 [debug] [Thread-1 (]: On model.bcb_analytics.stg_macro_monthly: /* {"app": "dbt", "dbt_version": "1.12.3", "profile_name": "bcb_analytics", "target_name": "dev", "node_id": "model.bcb_analytics.stg_macro_monthly"} */
drop view if exists "bcb"."analytics"."stg_macro_monthly__dbt_backup" cascade
[0m16:54:44.041858 [debug] [Thread-1 (]: SQL status: DROP VIEW in 0.001 seconds
[0m16:54:44.044914 [debug] [Thread-1 (]: On model.bcb_analytics.stg_macro_monthly: Close
[0m16:54:44.046847 [debug] [Thread-1 (]: Sending event: {'category': 'dbt', 'action': 'run_model', 'label': 'de144da5-43a9-4e5b-a241-5158a5d6d9c9', 'context': [<snowplow_tracker.self_describing_json.SelfDescribingJson object at 0x7f5fea7eca40>]}
[0m16:54:44.047918 [info ] [Thread-1 (]: 1 of 6 OK created sql view model analytics.stg_macro_monthly ................... [[32mCREATE VIEW[0m in 0.18s]
[0m16:54:44.049086 [debug] [Thread-1 (]: Finished running node model.bcb_analytics.stg_macro_monthly
[0m16:54:44.050824 [debug] [Thread-3 (]: Began running node model.bcb_analytics.fct_credit_pf
[0m16:54:44.051274 [debug] [Thread-4 (]: Began running node model.bcb_analytics.fct_economic_activity
[0m16:54:44.051685 [debug] [Thread-2 (]: Began running node model.bcb_analytics.fct_exchange_rate
[0m16:54:44.052116 [info ] [Thread-3 (]: 2 of 6 START sql table model analytics.fct_credit_pf ........................... [RUN]
[0m16:54:44.052625 [debug] [Thread-1 (]: Began running node model.bcb_analytics.fct_monetary_policy
[0m16:54:44.053127 [info ] [Thread-4 (]: 3 of 6 START sql table model analytics.fct_economic_activity ................... [RUN]
[0m16:54:44.054346 [info ] [Thread-2 (]: 4 of 6 START sql table model analytics.fct_exchange_rate ....................... [RUN]
[0m16:54:44.055977 [debug] [Thread-3 (]: Acquiring new postgres connection 'model.bcb_analytics.fct_credit_pf'
[0m16:54:44.056908 [info ] [Thread-1 (]: 5 of 6 START sql table model analytics.fct_monetary_policy ..................... [RUN]
[0m16:54:44.057830 [debug] [Thread-4 (]: Acquiring new postgres connection 'model.bcb_analytics.fct_economic_activity'
[0m16:54:44.058720 [debug] [Thread-2 (]: Acquiring new postgres connection 'model.bcb_analytics.fct_exchange_rate'
[0m16:54:44.059395 [debug] [Thread-3 (]: Began compiling node model.bcb_analytics.fct_credit_pf
[0m16:54:44.060330 [debug] [Thread-1 (]: Re-using an available connection from the pool (formerly model.bcb_analytics.stg_macro_monthly, now model.bcb_analytics.fct_monetary_policy)
[0m16:54:44.061108 [debug] [Thread-4 (]: Began compiling node model.bcb_analytics.fct_economic_activity
[0m16:54:44.061755 [debug] [Thread-2 (]: Began compiling node model.bcb_analytics.fct_exchange_rate
[0m16:54:44.063847 [debug] [Thread-3 (]: Writing injected SQL for node "model.bcb_analytics.fct_credit_pf"
[0m16:54:44.064510 [debug] [Thread-1 (]: Began compiling node model.bcb_analytics.fct_monetary_policy
[0m16:54:44.066585 [debug] [Thread-4 (]: Writing injected SQL for node "model.bcb_analytics.fct_economic_activity"
[0m16:54:44.069030 [debug] [Thread-2 (]: Writing injected SQL for node "model.bcb_analytics.fct_exchange_rate"
[0m16:54:44.071905 [debug] [Thread-1 (]: Writing injected SQL for node "model.bcb_analytics.fct_monetary_policy"
[0m16:54:44.077726 [debug] [Thread-2 (]: Began executing node model.bcb_analytics.fct_exchange_rate
[0m16:54:44.078296 [debug] [Thread-3 (]: Began executing node model.bcb_analytics.fct_credit_pf
[0m16:54:44.078609 [debug] [Thread-4 (]: Began executing node model.bcb_analytics.fct_economic_activity
[0m16:54:44.084234 [debug] [Thread-1 (]: Began executing node model.bcb_analytics.fct_monetary_policy
[0m16:54:44.097206 [debug] [Thread-2 (]: Writing runtime sql for node "model.bcb_analytics.fct_exchange_rate"
[0m16:54:44.101398 [debug] [Thread-3 (]: Writing runtime sql for node "model.bcb_analytics.fct_credit_pf"
[0m16:54:44.104647 [debug] [Thread-4 (]: Writing runtime sql for node "model.bcb_analytics.fct_economic_activity"
[0m16:54:44.107724 [debug] [Thread-1 (]: Writing runtime sql for node "model.bcb_analytics.fct_monetary_policy"
[0m16:54:44.115238 [debug] [Thread-3 (]: Using postgres connection "model.bcb_analytics.fct_credit_pf"
[0m16:54:44.116155 [debug] [Thread-3 (]: On model.bcb_analytics.fct_credit_pf: /* {"app": "dbt", "dbt_version": "1.12.3", "profile_name": "bcb_analytics", "target_name": "dev", "node_id": "model.bcb_analytics.fct_credit_pf"} */

  
    

  create  table "bcb"."analytics"."fct_credit_pf__dbt_tmp"
  
  
    as
  
  (
    -- Create analytical indicators for individual credit.
-- The model combines credit concessions, outstanding balances,
-- interest rates, and default indicators with their variations.

select

    reference_month,

    credito_concedido_pf,

    credito_livre_pf,

    saldo_credito_pessoal,

    taxa_credito_pf,

    inadimplencia_pf,

    inadimplencia_credito_pessoal_pf,

    -- Absolute monthly change in credit concessions
    credito_concedido_pf
        - lag(credito_concedido_pf) over (
            order by reference_month
        ) as credito_concedido_change,

    -- Monthly-over-month credit concession growth
    (
        credito_concedido_pf /
        lag(credito_concedido_pf) over (
            order by reference_month
        ) - 1
    ) * 100 as credito_concedido_mom,

    -- Year-over-year credit concession growth
    (
        credito_concedido_pf /
        lag(credito_concedido_pf, 12) over (
            order by reference_month
        ) - 1
    ) * 100 as credito_concedido_yoy,

    -- Absolute monthly change in the individual default rate
    inadimplencia_pf
        - lag(inadimplencia_pf) over (
            order by reference_month
        ) as inadimplencia_change

from "bcb"."analytics"."stg_macro_monthly"
  );
  
[0m16:54:44.116769 [debug] [Thread-1 (]: Using postgres connection "model.bcb_analytics.fct_monetary_policy"
[0m16:54:44.117344 [debug] [Thread-2 (]: Using postgres connection "model.bcb_analytics.fct_exchange_rate"
[0m16:54:44.117705 [debug] [Thread-3 (]: Opening a new connection, currently in state init
[0m16:54:44.118055 [debug] [Thread-4 (]: Using postgres connection "model.bcb_analytics.fct_economic_activity"
[0m16:54:44.118861 [debug] [Thread-1 (]: On model.bcb_analytics.fct_monetary_policy: /* {"app": "dbt", "dbt_version": "1.12.3", "profile_name": "bcb_analytics", "target_name": "dev", "node_id": "model.bcb_analytics.fct_monetary_policy"} */

  
    

  create  table "bcb"."analytics"."fct_monetary_policy__dbt_tmp"
  
  
    as
  
  (
    -- Create analytical indicators related to monetary policy.
-- The model derives changes in the Selic rate and the spread
-- between the effective Selic rate and its target.

select

    reference_month,

    selic,

    selic_meta,

    -- Difference between the effective Selic rate and its target
    selic - selic_meta as selic_spread,

    -- Selic rate from the previous month
    lag(selic) over (
        order by reference_month
    ) as selic_previous_month,

    -- Absolute monthly change in the Selic rate
    selic - lag(selic) over (
        order by reference_month
    ) as selic_change,

    -- Selic target from the previous month
    lag(selic_meta) over (
        order by reference_month
    ) as selic_meta_previous_month,

    -- Absolute monthly change in the Selic target
    selic_meta - lag(selic_meta) over (
        order by reference_month
    ) as selic_meta_change

from "bcb"."analytics"."stg_macro_monthly"
  );
  
[0m16:54:44.119628 [debug] [Thread-2 (]: On model.bcb_analytics.fct_exchange_rate: /* {"app": "dbt", "dbt_version": "1.12.3", "profile_name": "bcb_analytics", "target_name": "dev", "node_id": "model.bcb_analytics.fct_exchange_rate"} */

  
    

  create  table "bcb"."analytics"."fct_exchange_rate__dbt_tmp"
  
  
    as
  
  (
    -- Create analytical indicators for the BRL/USD exchange rate.
-- Daily exchange rate series have already been aggregated
-- to monthly averages by Spark.

select

    reference_month,

    dolar_compra,

    dolar_venda,

    -- Average between the purchase and selling exchange rates
    (dolar_compra + dolar_venda) / 2 as dolar_medio,

    -- Difference between selling and purchase rates
    dolar_venda - dolar_compra as spread_cambio,

    -- Absolute monthly change in the selling exchange rate
    dolar_venda
        - lag(dolar_venda) over (
            order by reference_month
        ) as cambio_change,

    -- Monthly-over-month exchange rate growth
    (
        dolar_venda /
        lag(dolar_venda) over (
            order by reference_month
        ) - 1
    ) * 100 as cambio_mom,

    -- Year-over-year exchange rate growth
    (
        dolar_venda /
        lag(dolar_venda, 12) over (
            order by reference_month
        ) - 1
    ) * 100 as cambio_yoy

from "bcb"."analytics"."stg_macro_monthly"
  );
  
[0m16:54:44.121241 [debug] [Thread-4 (]: On model.bcb_analytics.fct_economic_activity: /* {"app": "dbt", "dbt_version": "1.12.3", "profile_name": "bcb_analytics", "target_name": "dev", "node_id": "model.bcb_analytics.fct_economic_activity"} */

  
    

  create  table "bcb"."analytics"."fct_economic_activity__dbt_tmp"
  
  
    as
  
  (
    -- Create analytical indicators for economic activity.
-- Monthly-over-month (MoM) and year-over-year (YoY)
-- growth rates are calculated from the monthly series.

with base as (

    select

        reference_month,

        atividade_economica,
        atividade_agropecuaria,
        atividade_industria,
        atividade_servicos,
        atividade_impostos

    from "bcb"."analytics"."stg_macro_monthly"

),

features as (

    select

        *,

        -- Monthly-over-month economic activity growth
        (
            atividade_economica /
            lag(atividade_economica) over (
                order by reference_month
            ) - 1
        ) * 100 as atividade_economica_mom,

        -- Year-over-year economic activity growth
        (
            atividade_economica /
            lag(atividade_economica, 12) over (
                order by reference_month
            ) - 1
        ) * 100 as atividade_economica_yoy,

        -- Year-over-year industrial activity growth
        (
            atividade_industria /
            lag(atividade_industria, 12) over (
                order by reference_month
            ) - 1
        ) * 100 as industria_yoy,

        -- Year-over-year services activity growth
        (
            atividade_servicos /
            lag(atividade_servicos, 12) over (
                order by reference_month
            ) - 1
        ) * 100 as servicos_yoy

    from base

)

select *

from features
  );
  
[0m16:54:44.122334 [debug] [Thread-1 (]: Opening a new connection, currently in state closed
[0m16:54:44.123293 [debug] [Thread-2 (]: Opening a new connection, currently in state init
[0m16:54:44.124234 [debug] [Thread-4 (]: Opening a new connection, currently in state init
[0m16:54:44.133056 [debug] [Thread-3 (]: SQL status: SELECT 81 in 0.015 seconds
[0m16:54:44.139108 [debug] [Thread-3 (]: Using postgres connection "model.bcb_analytics.fct_credit_pf"
[0m16:54:44.139382 [debug] [Thread-1 (]: SQL status: SELECT 81 in 0.017 seconds
[0m16:54:44.139883 [debug] [Thread-4 (]: SQL status: SELECT 81 in 0.016 seconds
[0m16:54:44.140090 [debug] [Thread-2 (]: SQL status: SELECT 81 in 0.017 seconds
[0m16:54:44.140644 [debug] [Thread-3 (]: On model.bcb_analytics.fct_credit_pf: /* {"app": "dbt", "dbt_version": "1.12.3", "profile_name": "bcb_analytics", "target_name": "dev", "node_id": "model.bcb_analytics.fct_credit_pf"} */
alter table "bcb"."analytics"."fct_credit_pf__dbt_tmp" rename to "fct_credit_pf"
[0m16:54:44.143181 [debug] [Thread-1 (]: Using postgres connection "model.bcb_analytics.fct_monetary_policy"
[0m16:54:44.145432 [debug] [Thread-4 (]: Using postgres connection "model.bcb_analytics.fct_economic_activity"
[0m16:54:44.148633 [debug] [Thread-2 (]: Using postgres connection "model.bcb_analytics.fct_exchange_rate"
[0m16:54:44.150253 [debug] [Thread-3 (]: SQL status: ALTER TABLE in 0.000 seconds
[0m16:54:44.150678 [debug] [Thread-1 (]: On model.bcb_analytics.fct_monetary_policy: /* {"app": "dbt", "dbt_version": "1.12.3", "profile_name": "bcb_analytics", "target_name": "dev", "node_id": "model.bcb_analytics.fct_monetary_policy"} */
alter table "bcb"."analytics"."fct_monetary_policy__dbt_tmp" rename to "fct_monetary_policy"
[0m16:54:44.151581 [debug] [Thread-4 (]: On model.bcb_analytics.fct_economic_activity: /* {"app": "dbt", "dbt_version": "1.12.3", "profile_name": "bcb_analytics", "target_name": "dev", "node_id": "model.bcb_analytics.fct_economic_activity"} */
alter table "bcb"."analytics"."fct_economic_activity__dbt_tmp" rename to "fct_economic_activity"
[0m16:54:44.152428 [debug] [Thread-2 (]: On model.bcb_analytics.fct_exchange_rate: /* {"app": "dbt", "dbt_version": "1.12.3", "profile_name": "bcb_analytics", "target_name": "dev", "node_id": "model.bcb_analytics.fct_exchange_rate"} */
alter table "bcb"."analytics"."fct_exchange_rate__dbt_tmp" rename to "fct_exchange_rate"
[0m16:54:44.154282 [debug] [Thread-3 (]: On model.bcb_analytics.fct_credit_pf: COMMIT
[0m16:54:44.155456 [debug] [Thread-1 (]: SQL status: ALTER TABLE in 0.000 seconds
[0m16:54:44.156197 [debug] [Thread-4 (]: SQL status: ALTER TABLE in 0.000 seconds
[0m16:54:44.156859 [debug] [Thread-2 (]: SQL status: ALTER TABLE in 0.000 seconds
[0m16:54:44.157170 [debug] [Thread-3 (]: Using postgres connection "model.bcb_analytics.fct_credit_pf"
[0m16:54:44.158811 [debug] [Thread-1 (]: On model.bcb_analytics.fct_monetary_policy: COMMIT
[0m16:54:44.160609 [debug] [Thread-4 (]: On model.bcb_analytics.fct_economic_activity: COMMIT
[0m16:54:44.162712 [debug] [Thread-2 (]: On model.bcb_analytics.fct_exchange_rate: COMMIT
[0m16:54:44.163785 [debug] [Thread-3 (]: On model.bcb_analytics.fct_credit_pf: COMMIT
[0m16:54:44.164652 [debug] [Thread-1 (]: Using postgres connection "model.bcb_analytics.fct_monetary_policy"
[0m16:54:44.165392 [debug] [Thread-4 (]: Using postgres connection "model.bcb_analytics.fct_economic_activity"
[0m16:54:44.166091 [debug] [Thread-2 (]: Using postgres connection "model.bcb_analytics.fct_exchange_rate"
[0m16:54:44.167216 [debug] [Thread-1 (]: On model.bcb_analytics.fct_monetary_policy: COMMIT
[0m16:54:44.167643 [debug] [Thread-3 (]: SQL status: COMMIT in 0.001 seconds
[0m16:54:44.167934 [debug] [Thread-4 (]: On model.bcb_analytics.fct_economic_activity: COMMIT
[0m16:54:44.168622 [debug] [Thread-2 (]: On model.bcb_analytics.fct_exchange_rate: COMMIT
[0m16:54:44.170730 [debug] [Thread-3 (]: Applying DROP to: "bcb"."analytics"."fct_credit_pf__dbt_backup"
[0m16:54:44.171080 [debug] [Thread-1 (]: SQL status: COMMIT in 0.002 seconds
[0m16:54:44.175487 [debug] [Thread-3 (]: Using postgres connection "model.bcb_analytics.fct_credit_pf"
[0m16:54:44.175989 [debug] [Thread-2 (]: SQL status: COMMIT in 0.004 seconds
[0m16:54:44.176322 [debug] [Thread-4 (]: SQL status: COMMIT in 0.005 seconds
[0m16:54:44.177873 [debug] [Thread-1 (]: Applying DROP to: "bcb"."analytics"."fct_monetary_policy__dbt_backup"
[0m16:54:44.178611 [debug] [Thread-3 (]: On model.bcb_analytics.fct_credit_pf: /* {"app": "dbt", "dbt_version": "1.12.3", "profile_name": "bcb_analytics", "target_name": "dev", "node_id": "model.bcb_analytics.fct_credit_pf"} */
drop table if exists "bcb"."analytics"."fct_credit_pf__dbt_backup" cascade
[0m16:54:44.180358 [debug] [Thread-2 (]: Applying DROP to: "bcb"."analytics"."fct_exchange_rate__dbt_backup"
[0m16:54:44.181857 [debug] [Thread-4 (]: Applying DROP to: "bcb"."analytics"."fct_economic_activity__dbt_backup"
[0m16:54:44.182813 [debug] [Thread-1 (]: Using postgres connection "model.bcb_analytics.fct_monetary_policy"
[0m16:54:44.183843 [debug] [Thread-3 (]: SQL status: DROP TABLE in 0.000 seconds
[0m16:54:44.184381 [debug] [Thread-2 (]: Using postgres connection "model.bcb_analytics.fct_exchange_rate"
[0m16:54:44.185254 [debug] [Thread-4 (]: Using postgres connection "model.bcb_analytics.fct_economic_activity"
[0m16:54:44.185882 [debug] [Thread-1 (]: On model.bcb_analytics.fct_monetary_policy: /* {"app": "dbt", "dbt_version": "1.12.3", "profile_name": "bcb_analytics", "target_name": "dev", "node_id": "model.bcb_analytics.fct_monetary_policy"} */
drop table if exists "bcb"."analytics"."fct_monetary_policy__dbt_backup" cascade
[0m16:54:44.187482 [debug] [Thread-3 (]: On model.bcb_analytics.fct_credit_pf: Close
[0m16:54:44.188489 [debug] [Thread-2 (]: On model.bcb_analytics.fct_exchange_rate: /* {"app": "dbt", "dbt_version": "1.12.3", "profile_name": "bcb_analytics", "target_name": "dev", "node_id": "model.bcb_analytics.fct_exchange_rate"} */
drop table if exists "bcb"."analytics"."fct_exchange_rate__dbt_backup" cascade
[0m16:54:44.189343 [debug] [Thread-4 (]: On model.bcb_analytics.fct_economic_activity: /* {"app": "dbt", "dbt_version": "1.12.3", "profile_name": "bcb_analytics", "target_name": "dev", "node_id": "model.bcb_analytics.fct_economic_activity"} */
drop table if exists "bcb"."analytics"."fct_economic_activity__dbt_backup" cascade
[0m16:54:44.190623 [debug] [Thread-1 (]: SQL status: DROP TABLE in 0.000 seconds
[0m16:54:44.191329 [debug] [Thread-3 (]: Sending event: {'category': 'dbt', 'action': 'run_model', 'label': 'de144da5-43a9-4e5b-a241-5158a5d6d9c9', 'context': [<snowplow_tracker.self_describing_json.SelfDescribingJson object at 0x7f5fe88f64b0>]}
[0m16:54:44.192090 [debug] [Thread-2 (]: SQL status: DROP TABLE in 0.000 seconds
[0m16:54:44.192661 [debug] [Thread-4 (]: SQL status: DROP TABLE in 0.000 seconds
[0m16:54:44.194005 [debug] [Thread-1 (]: On model.bcb_analytics.fct_monetary_policy: Close
[0m16:54:44.194884 [info ] [Thread-3 (]: 2 of 6 OK created sql table model analytics.fct_credit_pf ...................... [[32mSELECT 81[0m in 0.14s]
[0m16:54:44.196647 [debug] [Thread-2 (]: On model.bcb_analytics.fct_exchange_rate: Close
[0m16:54:44.198193 [debug] [Thread-4 (]: On model.bcb_analytics.fct_economic_activity: Close
[0m16:54:44.199198 [debug] [Thread-1 (]: Sending event: {'category': 'dbt', 'action': 'run_model', 'label': 'de144da5-43a9-4e5b-a241-5158a5d6d9c9', 'context': [<snowplow_tracker.self_describing_json.SelfDescribingJson object at 0x7f5fe7637ce0>]}
[0m16:54:44.199768 [debug] [Thread-3 (]: Finished running node model.bcb_analytics.fct_credit_pf
[0m16:54:44.200998 [debug] [Thread-2 (]: Sending event: {'category': 'dbt', 'action': 'run_model', 'label': 'de144da5-43a9-4e5b-a241-5158a5d6d9c9', 'context': [<snowplow_tracker.self_describing_json.SelfDescribingJson object at 0x7f5fe67a1ca0>]}
[0m16:54:44.202577 [debug] [Thread-4 (]: Sending event: {'category': 'dbt', 'action': 'run_model', 'label': 'de144da5-43a9-4e5b-a241-5158a5d6d9c9', 'context': [<snowplow_tracker.self_describing_json.SelfDescribingJson object at 0x7f5fe763a630>]}
[0m16:54:44.203327 [info ] [Thread-1 (]: 5 of 6 OK created sql table model analytics.fct_monetary_policy ................ [[32mSELECT 81[0m in 0.14s]
[0m16:54:44.204447 [debug] [Thread-3 (]: Began running node model.bcb_analytics.mart_macro_credit_features
[0m16:54:44.205549 [info ] [Thread-2 (]: 4 of 6 OK created sql table model analytics.fct_exchange_rate .................. [[32mSELECT 81[0m in 0.14s]
[0m16:54:44.206604 [info ] [Thread-4 (]: 3 of 6 OK created sql table model analytics.fct_economic_activity .............. [[32mSELECT 81[0m in 0.14s]
[0m16:54:44.207829 [debug] [Thread-1 (]: Finished running node model.bcb_analytics.fct_monetary_policy
[0m16:54:44.208754 [info ] [Thread-3 (]: 6 of 6 START sql table model analytics.mart_macro_credit_features .............. [RUN]
[0m16:54:44.209989 [debug] [Thread-2 (]: Finished running node model.bcb_analytics.fct_exchange_rate
[0m16:54:44.211049 [debug] [Thread-4 (]: Finished running node model.bcb_analytics.fct_economic_activity
[0m16:54:44.212492 [debug] [Thread-3 (]: Re-using an available connection from the pool (formerly model.bcb_analytics.fct_credit_pf, now model.bcb_analytics.mart_macro_credit_features)
[0m16:54:44.214688 [debug] [Thread-3 (]: Began compiling node model.bcb_analytics.mart_macro_credit_features
[0m16:54:44.218009 [debug] [Thread-3 (]: Writing injected SQL for node "model.bcb_analytics.mart_macro_credit_features"
[0m16:54:44.225516 [debug] [Thread-3 (]: Began executing node model.bcb_analytics.mart_macro_credit_features
[0m16:54:44.229246 [debug] [Thread-3 (]: Writing runtime sql for node "model.bcb_analytics.mart_macro_credit_features"
[0m16:54:44.237532 [debug] [Thread-3 (]: Using postgres connection "model.bcb_analytics.mart_macro_credit_features"
[0m16:54:44.238401 [debug] [Thread-3 (]: On model.bcb_analytics.mart_macro_credit_features: /* {"app": "dbt", "dbt_version": "1.12.3", "profile_name": "bcb_analytics", "target_name": "dev", "node_id": "model.bcb_analytics.mart_macro_credit_features"} */

  
    

  create  table "bcb"."analytics"."mart_macro_credit_features__dbt_tmp"
  
  
    as
  
  (
    -- Create a feature dataset for statistical and machine learning models.
-- Lagged macroeconomic variables are included to capture potential
-- delayed effects of economic conditions on credit risk.

select

    reference_month,

    selic,
    selic_meta,

    -- Lagged Selic features
    lag(selic, 1) over (
        order by reference_month
    ) as selic_lag_1,

    lag(selic, 3) over (
        order by reference_month
    ) as selic_lag_3,

    lag(selic, 6) over (
        order by reference_month
    ) as selic_lag_6,

    lag(selic, 12) over (
        order by reference_month
    ) as selic_lag_12,

    ipca,

    atividade_economica,

    dolar_venda,

    credito_concedido_pf,

    taxa_credito_pf,

    inadimplencia_pf,

    -- Lagged default rate features
    lag(inadimplencia_pf, 1) over (
        order by reference_month
    ) as inadimplencia_lag_1,

    lag(inadimplencia_pf, 3) over (
        order by reference_month
    ) as inadimplencia_lag_3

from "bcb"."analytics"."stg_macro_monthly"
  );
  
[0m16:54:44.239153 [debug] [Thread-3 (]: Opening a new connection, currently in state closed
[0m16:54:44.248118 [debug] [Thread-3 (]: SQL status: SELECT 81 in 0.009 seconds
[0m16:54:44.250881 [debug] [Thread-3 (]: Using postgres connection "model.bcb_analytics.mart_macro_credit_features"
[0m16:54:44.251627 [debug] [Thread-3 (]: On model.bcb_analytics.mart_macro_credit_features: /* {"app": "dbt", "dbt_version": "1.12.3", "profile_name": "bcb_analytics", "target_name": "dev", "node_id": "model.bcb_analytics.mart_macro_credit_features"} */
alter table "bcb"."analytics"."mart_macro_credit_features__dbt_tmp" rename to "mart_macro_credit_features"
[0m16:54:44.252687 [debug] [Thread-3 (]: SQL status: ALTER TABLE in 0.000 seconds
[0m16:54:44.254345 [debug] [Thread-3 (]: On model.bcb_analytics.mart_macro_credit_features: COMMIT
[0m16:54:44.255477 [debug] [Thread-3 (]: Using postgres connection "model.bcb_analytics.mart_macro_credit_features"
[0m16:54:44.256453 [debug] [Thread-3 (]: On model.bcb_analytics.mart_macro_credit_features: COMMIT
[0m16:54:44.258305 [debug] [Thread-3 (]: SQL status: COMMIT in 0.001 seconds
[0m16:54:44.260222 [debug] [Thread-3 (]: Applying DROP to: "bcb"."analytics"."mart_macro_credit_features__dbt_backup"
[0m16:54:44.261149 [debug] [Thread-3 (]: Using postgres connection "model.bcb_analytics.mart_macro_credit_features"
[0m16:54:44.261734 [debug] [Thread-3 (]: On model.bcb_analytics.mart_macro_credit_features: /* {"app": "dbt", "dbt_version": "1.12.3", "profile_name": "bcb_analytics", "target_name": "dev", "node_id": "model.bcb_analytics.mart_macro_credit_features"} */
drop table if exists "bcb"."analytics"."mart_macro_credit_features__dbt_backup" cascade
[0m16:54:44.262580 [debug] [Thread-3 (]: SQL status: DROP TABLE in 0.000 seconds
[0m16:54:44.264022 [debug] [Thread-3 (]: On model.bcb_analytics.mart_macro_credit_features: Close
[0m16:54:44.264851 [debug] [Thread-3 (]: Sending event: {'category': 'dbt', 'action': 'run_model', 'label': 'de144da5-43a9-4e5b-a241-5158a5d6d9c9', 'context': [<snowplow_tracker.self_describing_json.SelfDescribingJson object at 0x7f5fe673bd40>]}
[0m16:54:44.265653 [info ] [Thread-3 (]: 6 of 6 OK created sql table model analytics.mart_macro_credit_features ......... [[32mSELECT 81[0m in 0.05s]
[0m16:54:44.266623 [debug] [Thread-3 (]: Finished running node model.bcb_analytics.mart_macro_credit_features
[0m16:54:44.269039 [debug] [MainThread]: On master: COMMIT
[0m16:54:44.270053 [debug] [MainThread]: Using postgres connection "master"
[0m16:54:44.270718 [debug] [MainThread]: On master: COMMIT
[0m16:54:44.271310 [debug] [MainThread]: Opening a new connection, currently in state closed
[0m16:54:44.277509 [debug] [MainThread]: SQL status: COMMIT in 0.006 seconds
[0m16:54:44.278361 [debug] [MainThread]: On master: Close
[0m16:54:44.279209 [debug] [MainThread]: Connection 'master' was properly closed.
[0m16:54:44.279866 [debug] [MainThread]: Connection 'model.bcb_analytics.fct_monetary_policy' was properly closed.
[0m16:54:44.280408 [debug] [MainThread]: Connection 'model.bcb_analytics.mart_macro_credit_features' was properly closed.
[0m16:54:44.281049 [debug] [MainThread]: Connection 'model.bcb_analytics.fct_economic_activity' was properly closed.
[0m16:54:44.281721 [debug] [MainThread]: Connection 'model.bcb_analytics.fct_exchange_rate' was properly closed.
[0m16:54:44.282521 [info ] [MainThread]: 
[0m16:54:44.283287 [info ] [MainThread]: Finished running 5 table models, 1 view model in 0 hours 0 minutes and 0.60 seconds (0.60s).
[0m16:54:44.284906 [debug] [MainThread]: Command end result
[0m16:54:44.344164 [debug] [MainThread]: Wrote artifact WritableManifest to /usr/app/dbt/target/manifest.json
[0m16:54:44.395265 [debug] [MainThread]: Wrote artifact SemanticManifest to /usr/app/dbt/target/semantic_manifest.json
[0m16:54:44.431200 [debug] [MainThread]: Wrote artifact OsiDocument to /usr/app/dbt/target/osi_document.json
[0m16:54:44.443929 [debug] [MainThread]: Wrote artifact RunExecutionResult to /usr/app/dbt/target/run_results.json
[0m16:54:44.444740 [info ] [MainThread]: 
[0m16:54:44.445702 [info ] [MainThread]: [32mCompleted successfully[0m
[0m16:54:44.446550 [info ] [MainThread]: 
[0m16:54:44.447575 [info ] [MainThread]: Done. PASS=6 WARN=0 ERROR=0 SKIP=0 NO-OP=0 REUSED=0 TOTAL=6
[0m16:54:44.448981 [debug] [MainThread]: Resource report: {"command_name": "build", "command_success": true, "command_wall_clock_time": 1.7390192, "process_in_blocks": "27531", "process_kernel_time": 0.28685, "process_mem_max_rss": "138560", "process_out_blocks": "2200", "process_user_time": 2.211138}
[0m16:54:44.449760 [debug] [MainThread]: Command `dbt build` succeeded at 16:54:44.449651 after 1.74 seconds
[0m16:54:44.450377 [debug] [MainThread]: Sending event: {'category': 'dbt', 'action': 'invocation', 'label': 'end', 'context': [<snowplow_tracker.self_describing_json.SelfDescribingJson object at 0x7f5fe8d9b020>, <snowplow_tracker.self_describing_json.SelfDescribingJson object at 0x7f5fe857f6b0>, <snowplow_tracker.self_describing_json.SelfDescribingJson object at 0x7f5fe8a15d60>]}
[0m16:54:44.450937 [debug] [MainThread]: Flushing usage events
[0m16:54:45.198509 [debug] [MainThread]: An error was encountered while trying to flush usage events
[0m17:30:36.047639 [debug] [MainThread]: Sending event: {'category': 'dbt', 'action': 'invocation', 'label': 'start', 'context': [<snowplow_tracker.self_describing_json.SelfDescribingJson object at 0x7107162ffd10>, <snowplow_tracker.self_describing_json.SelfDescribingJson object at 0x71071688f530>, <snowplow_tracker.self_describing_json.SelfDescribingJson object at 0x7107162fdbb0>]}


============================== 17:30:36.071678 | 9d68baf2-6e56-4a5b-87e1-d7fec15e2f8c ==============================
[0m17:30:36.071678 [info ] [MainThread]: Running with dbt=1.12.3
[0m17:30:36.072937 [debug] [MainThread]: running dbt with arguments {'send_anonymous_usage_stats': 'True', 'warn_error': 'None', 'profiles_dir': '/usr/app/dbt', 'warn_error_options': 'WarnErrorOptionsV2(error=[], warn=[], silence=[])', 'version_check': 'True', 'log_cache_events': 'False', 'fail_fast': 'False', 'debug': 'False', 'maximum_seed_size_mib': '1', 'no_print': 'None', 'introspect': 'True', 'use_experimental_parser': 'False', 'target_path': 'None', 'log_format': 'default', 'invocation_command': 'dbt build', 'cache_selected_only': 'False', 'quiet': 'False', 'indirect_selection': 'eager', 'partial_parse': 'True', 'log_path': '/usr/app/dbt/logs', 'use_colors': 'True', 'hints_enabled': 'True', 'printer_width': '80', 'static_parser': 'True', 'empty': 'False', 'write_json': 'True'}
[0m17:30:36.259542 [debug] [MainThread]: Sending event: {'category': 'dbt', 'action': 'project_id', 'label': '9d68baf2-6e56-4a5b-87e1-d7fec15e2f8c', 'context': [<snowplow_tracker.self_describing_json.SelfDescribingJson object at 0x7107156aae40>]}
[0m17:30:36.314772 [debug] [MainThread]: Sending event: {'category': 'dbt', 'action': 'adapter_info', 'label': '9d68baf2-6e56-4a5b-87e1-d7fec15e2f8c', 'context': [<snowplow_tracker.self_describing_json.SelfDescribingJson object at 0x7107158ed3a0>]}
[0m17:30:36.317238 [info ] [MainThread]: Registered adapter: postgres=1.11.0
[0m17:30:36.382893 [debug] [MainThread]: checksum: 93f3c84ce504663c4776f7735972647e04db2733b90ae0c7a023176aa6e7f35b, vars: {}, profile: bcb_analytics, target: dev, version: 1.12.3
[0m17:30:36.691230 [debug] [MainThread]: Partial parsing enabled: 0 files deleted, 0 files added, 0 files changed.
[0m17:30:36.692283 [debug] [MainThread]: Nothing changed, skipping partial parsing.
[0m17:30:36.692921 [debug] [MainThread]: Partial parsing enabled, no changes found, skipping parsing
[0m17:30:36.700704 [debug] [MainThread]: Sending event: {'category': 'dbt', 'action': 'load_project', 'label': '9d68baf2-6e56-4a5b-87e1-d7fec15e2f8c', 'context': [<snowplow_tracker.self_describing_json.SelfDescribingJson object at 0x7107147b0b30>]}
[0m17:30:36.828651 [debug] [MainThread]: Wrote artifact WritableManifest to /usr/app/dbt/target/manifest.json
[0m17:30:36.881422 [debug] [MainThread]: Wrote artifact SemanticManifest to /usr/app/dbt/target/semantic_manifest.json
[0m17:30:36.955809 [debug] [MainThread]: Wrote artifact OsiDocument to /usr/app/dbt/target/osi_document.json
[0m17:30:37.000665 [debug] [MainThread]: Sending event: {'category': 'dbt', 'action': 'resource_counts', 'label': '9d68baf2-6e56-4a5b-87e1-d7fec15e2f8c', 'context': [<snowplow_tracker.self_describing_json.SelfDescribingJson object at 0x710713372270>]}
[0m17:30:37.001539 [info ] [MainThread]: Found 6 models, 1 source, 477 macros
[0m17:30:37.003926 [info ] [MainThread]: 
[0m17:30:37.004692 [info ] [MainThread]: Concurrency: 4 threads (target='dev')
[0m17:30:37.005417 [info ] [MainThread]: 
[0m17:30:37.006470 [debug] [MainThread]: Acquiring new postgres connection 'master'
[0m17:30:37.010308 [debug] [ThreadPool]: Acquiring new postgres connection 'list_bcb'
[0m17:30:37.092656 [debug] [ThreadPool]: Using postgres connection "list_bcb"
[0m17:30:37.094224 [debug] [ThreadPool]: On list_bcb: /* {"app": "dbt", "dbt_version": "1.12.3", "profile_name": "bcb_analytics", "target_name": "dev", "connection_name": "list_bcb"} */

    select distinct nspname from pg_namespace
  
[0m17:30:37.095775 [debug] [ThreadPool]: Opening a new connection, currently in state init
[0m17:30:37.105715 [debug] [ThreadPool]: SQL status: SELECT 5 in 0.010 seconds
[0m17:30:37.107608 [debug] [ThreadPool]: On list_bcb: Close
[0m17:30:37.109114 [debug] [ThreadPool]: Re-using an available connection from the pool (formerly list_bcb, now create_bcb_analytics)
[0m17:30:37.110520 [debug] [ThreadPool]: Creating schema "database: "bcb"
schema: "analytics"
"
[0m17:30:37.115272 [debug] [ThreadPool]: Using postgres connection "create_bcb_analytics"
[0m17:30:37.116211 [debug] [ThreadPool]: On create_bcb_analytics: /* {"app": "dbt", "dbt_version": "1.12.3", "profile_name": "bcb_analytics", "target_name": "dev", "connection_name": "create_bcb_analytics"} */
create schema if not exists "analytics"
[0m17:30:37.117225 [debug] [ThreadPool]: Opening a new connection, currently in state closed
[0m17:30:37.124720 [debug] [ThreadPool]: SQL status: CREATE SCHEMA in 0.007 seconds
[0m17:30:37.126211 [debug] [ThreadPool]: On create_bcb_analytics: COMMIT
[0m17:30:37.127104 [debug] [ThreadPool]: Using postgres connection "create_bcb_analytics"
[0m17:30:37.127760 [debug] [ThreadPool]: On create_bcb_analytics: COMMIT
[0m17:30:37.129350 [debug] [ThreadPool]: SQL status: COMMIT in 0.001 seconds
[0m17:30:37.130100 [debug] [ThreadPool]: On create_bcb_analytics: Close
[0m17:30:37.132516 [debug] [ThreadPool]: Re-using an available connection from the pool (formerly create_bcb_analytics, now list_bcb_analytics)
[0m17:30:37.137330 [debug] [ThreadPool]: Using postgres connection "list_bcb_analytics"
[0m17:30:37.138116 [debug] [ThreadPool]: On list_bcb_analytics: /* {"app": "dbt", "dbt_version": "1.12.3", "profile_name": "bcb_analytics", "target_name": "dev", "connection_name": "list_bcb_analytics"} */
select
      'bcb' as database,
      tablename as name,
      schemaname as schema,
      'table' as type
    from pg_tables
    where schemaname ilike 'analytics'
    union all
    select
      'bcb' as database,
      viewname as name,
      schemaname as schema,
      'view' as type
    from pg_views
    where schemaname ilike 'analytics'
    union all
    select
      'bcb' as database,
      matviewname as name,
      schemaname as schema,
      'materialized_view' as type
    from pg_matviews
    where schemaname ilike 'analytics'
    union all
    select distinct
     'bcb' as database,
     proname as name,
     ns.nspname as schema,
     'function' as type
    from pg_proc
     join pg_namespace as ns on pronamespace = ns.oid
    where ns.nspname ilike 'analytics'
  
[0m17:30:37.138787 [debug] [ThreadPool]: Opening a new connection, currently in state closed
[0m17:30:37.148662 [debug] [ThreadPool]: SQL status: SELECT 0 in 0.010 seconds
[0m17:30:37.150412 [debug] [ThreadPool]: On list_bcb_analytics: ROLLBACK
[0m17:30:37.151453 [debug] [ThreadPool]: On list_bcb_analytics: Close
[0m17:30:37.155428 [debug] [MainThread]: Using postgres connection "master"
[0m17:30:37.156760 [debug] [MainThread]: On master: /* {"app": "dbt", "dbt_version": "1.12.3", "profile_name": "bcb_analytics", "target_name": "dev", "connection_name": "master"} */
select distinct
        dependent_namespace.nspname as dependent_schema,
        dependent_class.relname as dependent_name,
        referenced_namespace.nspname as referenced_schema,
        referenced_class.relname as referenced_name

    -- Query for views: views are entries in pg_class with an entry in pg_rewrite, but we avoid
    -- a seq scan on pg_rewrite by leveraging the fact there is an "internal" row in pg_depend for
    -- the view...
    from pg_class as dependent_class
    join pg_namespace as dependent_namespace on dependent_namespace.oid = dependent_class.relnamespace
    join pg_depend as dependent_depend on dependent_depend.refobjid = dependent_class.oid
        and dependent_depend.classid = 'pg_rewrite'::regclass
        and dependent_depend.refclassid = 'pg_class'::regclass
        and dependent_depend.deptype = 'i'

    -- ... and via pg_depend (that has a row per column, hence the need for "distinct" above, and
    -- making sure to exclude the internal row to avoid a view appearing to depend on itself)...
    join pg_depend as joining_depend on joining_depend.objid = dependent_depend.objid
        and joining_depend.classid = 'pg_rewrite'::regclass
        and joining_depend.refclassid = 'pg_class'::regclass
        and joining_depend.refobjid != dependent_depend.refobjid

    -- ... we can find the tables they query from in pg_class, but excluding system tables. Note we
    -- don't need need to exclude _dependent_ system tables, because they only query from other
    -- system tables, and so are automatically excluded by excluding _referenced_ system tables
    join pg_class as referenced_class on referenced_class.oid = joining_depend.refobjid
    join pg_namespace as referenced_namespace on referenced_namespace.oid = referenced_class.relnamespace
        and referenced_namespace.nspname != 'information_schema'
        and referenced_namespace.nspname not like 'pg\_%'

    order by
        dependent_schema, dependent_name, referenced_schema, referenced_name;
[0m17:30:37.157964 [debug] [MainThread]: Opening a new connection, currently in state init
[0m17:30:37.168003 [debug] [MainThread]: SQL status: SELECT 0 in 0.010 seconds
[0m17:30:37.169900 [debug] [MainThread]: Sending event: {'category': 'dbt', 'action': 'runnable_timing', 'label': '9d68baf2-6e56-4a5b-87e1-d7fec15e2f8c', 'context': [<snowplow_tracker.self_describing_json.SelfDescribingJson object at 0x710712198f50>]}
[0m17:30:37.171227 [debug] [MainThread]: On master: ROLLBACK
[0m17:30:37.172436 [debug] [MainThread]: On master: COMMIT
[0m17:30:37.173110 [debug] [MainThread]: Using postgres connection "master"
[0m17:30:37.173724 [debug] [MainThread]: On master: COMMIT
[0m17:30:37.174578 [debug] [MainThread]: SQL status: COMMIT in 0.000 seconds
[0m17:30:37.175210 [debug] [MainThread]: On master: Close
[0m17:30:37.181052 [debug] [Thread-1 (]: Began running node model.bcb_analytics.stg_macro_monthly
[0m17:30:37.182167 [info ] [Thread-1 (]: 1 of 6 START sql view model analytics.stg_macro_monthly ........................ [RUN]
[0m17:30:37.183460 [debug] [Thread-1 (]: Re-using an available connection from the pool (formerly list_bcb_analytics, now model.bcb_analytics.stg_macro_monthly)
[0m17:30:37.184623 [debug] [Thread-1 (]: Began compiling node model.bcb_analytics.stg_macro_monthly
[0m17:30:37.190453 [debug] [Thread-1 (]: Writing injected SQL for node "model.bcb_analytics.stg_macro_monthly"
[0m17:30:37.253770 [debug] [Thread-1 (]: Began executing node model.bcb_analytics.stg_macro_monthly
[0m17:30:37.282606 [debug] [Thread-1 (]: Writing runtime sql for node "model.bcb_analytics.stg_macro_monthly"
[0m17:30:37.347657 [debug] [Thread-1 (]: Using postgres connection "model.bcb_analytics.stg_macro_monthly"
[0m17:30:37.348578 [debug] [Thread-1 (]: On model.bcb_analytics.stg_macro_monthly: /* {"app": "dbt", "dbt_version": "1.12.3", "profile_name": "bcb_analytics", "target_name": "dev", "node_id": "model.bcb_analytics.stg_macro_monthly"} */

  create view "bcb"."analytics"."stg_macro_monthly__dbt_tmp"
    
    
  as (
    -- Standardize the interface between the Spark-generated Gold layer
-- and the dbt transformation layer.

select

    *

from "bcb"."gold"."macro_monthly"
  );
[0m17:30:37.349387 [debug] [Thread-1 (]: Opening a new connection, currently in state closed
[0m17:30:37.357104 [debug] [Thread-1 (]: SQL status: CREATE VIEW in 0.008 seconds
[0m17:30:37.362845 [debug] [Thread-1 (]: Using postgres connection "model.bcb_analytics.stg_macro_monthly"
[0m17:30:37.363679 [debug] [Thread-1 (]: On model.bcb_analytics.stg_macro_monthly: /* {"app": "dbt", "dbt_version": "1.12.3", "profile_name": "bcb_analytics", "target_name": "dev", "node_id": "model.bcb_analytics.stg_macro_monthly"} */
alter table "bcb"."analytics"."stg_macro_monthly__dbt_tmp" rename to "stg_macro_monthly"
[0m17:30:37.365039 [debug] [Thread-1 (]: SQL status: ALTER TABLE in 0.001 seconds
[0m17:30:37.378510 [debug] [Thread-1 (]: On model.bcb_analytics.stg_macro_monthly: COMMIT
[0m17:30:37.379684 [debug] [Thread-1 (]: Using postgres connection "model.bcb_analytics.stg_macro_monthly"
[0m17:30:37.380651 [debug] [Thread-1 (]: On model.bcb_analytics.stg_macro_monthly: COMMIT
[0m17:30:37.385184 [debug] [Thread-1 (]: SQL status: COMMIT in 0.004 seconds
[0m17:30:37.390558 [debug] [Thread-1 (]: Applying DROP to: "bcb"."analytics"."stg_macro_monthly__dbt_backup"
[0m17:30:37.395548 [debug] [Thread-1 (]: Using postgres connection "model.bcb_analytics.stg_macro_monthly"
[0m17:30:37.396483 [debug] [Thread-1 (]: On model.bcb_analytics.stg_macro_monthly: /* {"app": "dbt", "dbt_version": "1.12.3", "profile_name": "bcb_analytics", "target_name": "dev", "node_id": "model.bcb_analytics.stg_macro_monthly"} */
drop view if exists "bcb"."analytics"."stg_macro_monthly__dbt_backup" cascade
[0m17:30:37.397970 [debug] [Thread-1 (]: SQL status: DROP VIEW in 0.000 seconds
[0m17:30:37.400701 [debug] [Thread-1 (]: On model.bcb_analytics.stg_macro_monthly: Close
[0m17:30:37.403136 [debug] [Thread-1 (]: Sending event: {'category': 'dbt', 'action': 'run_model', 'label': '9d68baf2-6e56-4a5b-87e1-d7fec15e2f8c', 'context': [<snowplow_tracker.self_describing_json.SelfDescribingJson object at 0x710718ad88f0>]}
[0m17:30:37.404299 [info ] [Thread-1 (]: 1 of 6 OK created sql view model analytics.stg_macro_monthly ................... [[32mCREATE VIEW[0m in 0.22s]
[0m17:30:37.405513 [debug] [Thread-1 (]: Finished running node model.bcb_analytics.stg_macro_monthly
[0m17:30:37.407430 [debug] [Thread-3 (]: Began running node model.bcb_analytics.fct_credit_pf
[0m17:30:37.407863 [debug] [Thread-4 (]: Began running node model.bcb_analytics.fct_economic_activity
[0m17:30:37.408238 [debug] [Thread-2 (]: Began running node model.bcb_analytics.fct_exchange_rate
[0m17:30:37.408998 [debug] [Thread-1 (]: Began running node model.bcb_analytics.fct_monetary_policy
[0m17:30:37.408673 [info ] [Thread-3 (]: 2 of 6 START sql table model analytics.fct_credit_pf ........................... [RUN]
[0m17:30:37.409993 [info ] [Thread-4 (]: 3 of 6 START sql table model analytics.fct_economic_activity ................... [RUN]
[0m17:30:37.411099 [info ] [Thread-2 (]: 4 of 6 START sql table model analytics.fct_exchange_rate ....................... [RUN]
[0m17:30:37.412159 [info ] [Thread-1 (]: 5 of 6 START sql table model analytics.fct_monetary_policy ..................... [RUN]
[0m17:30:37.413128 [debug] [Thread-3 (]: Acquiring new postgres connection 'model.bcb_analytics.fct_credit_pf'
[0m17:30:37.413970 [debug] [Thread-4 (]: Acquiring new postgres connection 'model.bcb_analytics.fct_economic_activity'
[0m17:30:37.414814 [debug] [Thread-2 (]: Acquiring new postgres connection 'model.bcb_analytics.fct_exchange_rate'
[0m17:30:37.415676 [debug] [Thread-1 (]: Re-using an available connection from the pool (formerly model.bcb_analytics.stg_macro_monthly, now model.bcb_analytics.fct_monetary_policy)
[0m17:30:37.416358 [debug] [Thread-3 (]: Began compiling node model.bcb_analytics.fct_credit_pf
[0m17:30:37.417014 [debug] [Thread-4 (]: Began compiling node model.bcb_analytics.fct_economic_activity
[0m17:30:37.417662 [debug] [Thread-2 (]: Began compiling node model.bcb_analytics.fct_exchange_rate
[0m17:30:37.418291 [debug] [Thread-1 (]: Began compiling node model.bcb_analytics.fct_monetary_policy
[0m17:30:37.420509 [debug] [Thread-3 (]: Writing injected SQL for node "model.bcb_analytics.fct_credit_pf"
[0m17:30:37.422968 [debug] [Thread-4 (]: Writing injected SQL for node "model.bcb_analytics.fct_economic_activity"
[0m17:30:37.425562 [debug] [Thread-2 (]: Writing injected SQL for node "model.bcb_analytics.fct_exchange_rate"
[0m17:30:37.427660 [debug] [Thread-1 (]: Writing injected SQL for node "model.bcb_analytics.fct_monetary_policy"
[0m17:30:37.434249 [debug] [Thread-4 (]: Began executing node model.bcb_analytics.fct_economic_activity
[0m17:30:37.434757 [debug] [Thread-3 (]: Began executing node model.bcb_analytics.fct_credit_pf
[0m17:30:37.435141 [debug] [Thread-1 (]: Began executing node model.bcb_analytics.fct_monetary_policy
[0m17:30:37.440754 [debug] [Thread-2 (]: Began executing node model.bcb_analytics.fct_exchange_rate
[0m17:30:37.456718 [debug] [Thread-3 (]: Writing runtime sql for node "model.bcb_analytics.fct_credit_pf"
[0m17:30:37.458298 [debug] [Thread-4 (]: Writing runtime sql for node "model.bcb_analytics.fct_economic_activity"
[0m17:30:37.460623 [debug] [Thread-1 (]: Writing runtime sql for node "model.bcb_analytics.fct_monetary_policy"
[0m17:30:37.463481 [debug] [Thread-2 (]: Writing runtime sql for node "model.bcb_analytics.fct_exchange_rate"
[0m17:30:37.472817 [debug] [Thread-1 (]: Using postgres connection "model.bcb_analytics.fct_monetary_policy"
[0m17:30:37.473819 [debug] [Thread-1 (]: On model.bcb_analytics.fct_monetary_policy: /* {"app": "dbt", "dbt_version": "1.12.3", "profile_name": "bcb_analytics", "target_name": "dev", "node_id": "model.bcb_analytics.fct_monetary_policy"} */

  
    

  create  table "bcb"."analytics"."fct_monetary_policy__dbt_tmp"
  
  
    as
  
  (
    -- Create analytical indicators related to monetary policy.
-- The model derives changes in the Selic rate and the spread
-- between the effective Selic rate and its target.

select

    reference_month,

    selic,

    selic_meta,

    -- Difference between the effective Selic rate and its target
    selic - selic_meta as selic_spread,

    -- Selic rate from the previous month
    lag(selic) over (
        order by reference_month
    ) as selic_previous_month,

    -- Absolute monthly change in the Selic rate
    selic - lag(selic) over (
        order by reference_month
    ) as selic_change,

    -- Selic target from the previous month
    lag(selic_meta) over (
        order by reference_month
    ) as selic_meta_previous_month,

    -- Absolute monthly change in the Selic target
    selic_meta - lag(selic_meta) over (
        order by reference_month
    ) as selic_meta_change

from "bcb"."analytics"."stg_macro_monthly"
  );
  
[0m17:30:37.474385 [debug] [Thread-3 (]: Using postgres connection "model.bcb_analytics.fct_credit_pf"
[0m17:30:37.474819 [debug] [Thread-2 (]: Using postgres connection "model.bcb_analytics.fct_exchange_rate"
[0m17:30:37.475190 [debug] [Thread-4 (]: Using postgres connection "model.bcb_analytics.fct_economic_activity"
[0m17:30:37.475530 [debug] [Thread-1 (]: Opening a new connection, currently in state closed
[0m17:30:37.476386 [debug] [Thread-3 (]: On model.bcb_analytics.fct_credit_pf: /* {"app": "dbt", "dbt_version": "1.12.3", "profile_name": "bcb_analytics", "target_name": "dev", "node_id": "model.bcb_analytics.fct_credit_pf"} */

  
    

  create  table "bcb"."analytics"."fct_credit_pf__dbt_tmp"
  
  
    as
  
  (
    -- Create analytical indicators for individual credit.
-- The model combines credit concessions, outstanding balances,
-- interest rates, and default indicators with their variations.

select

    reference_month,

    credito_concedido_pf,

    credito_livre_pf,

    saldo_credito_pessoal,

    taxa_credito_pf,

    inadimplencia_pf,

    inadimplencia_credito_pessoal_pf,

    -- Absolute monthly change in credit concessions
    credito_concedido_pf
        - lag(credito_concedido_pf) over (
            order by reference_month
        ) as credito_concedido_change,

    -- Monthly-over-month credit concession growth
    (
        credito_concedido_pf /
        lag(credito_concedido_pf) over (
            order by reference_month
        ) - 1
    ) * 100 as credito_concedido_mom,

    -- Year-over-year credit concession growth
    (
        credito_concedido_pf /
        lag(credito_concedido_pf, 12) over (
            order by reference_month
        ) - 1
    ) * 100 as credito_concedido_yoy,

    -- Absolute monthly change in the individual default rate
    inadimplencia_pf
        - lag(inadimplencia_pf) over (
            order by reference_month
        ) as inadimplencia_change

from "bcb"."analytics"."stg_macro_monthly"
  );
  
[0m17:30:37.477277 [debug] [Thread-2 (]: On model.bcb_analytics.fct_exchange_rate: /* {"app": "dbt", "dbt_version": "1.12.3", "profile_name": "bcb_analytics", "target_name": "dev", "node_id": "model.bcb_analytics.fct_exchange_rate"} */

  
    

  create  table "bcb"."analytics"."fct_exchange_rate__dbt_tmp"
  
  
    as
  
  (
    -- Create analytical indicators for the BRL/USD exchange rate.
-- Daily exchange rate series have already been aggregated
-- to monthly averages by Spark.

select

    reference_month,

    dolar_compra,

    dolar_venda,

    -- Average between the purchase and selling exchange rates
    (dolar_compra + dolar_venda) / 2 as dolar_medio,

    -- Difference between selling and purchase rates
    dolar_venda - dolar_compra as spread_cambio,

    -- Absolute monthly change in the selling exchange rate
    dolar_venda
        - lag(dolar_venda) over (
            order by reference_month
        ) as cambio_change,

    -- Monthly-over-month exchange rate growth
    (
        dolar_venda /
        lag(dolar_venda) over (
            order by reference_month
        ) - 1
    ) * 100 as cambio_mom,

    -- Year-over-year exchange rate growth
    (
        dolar_venda /
        lag(dolar_venda, 12) over (
            order by reference_month
        ) - 1
    ) * 100 as cambio_yoy

from "bcb"."analytics"."stg_macro_monthly"
  );
  
[0m17:30:37.478289 [debug] [Thread-4 (]: On model.bcb_analytics.fct_economic_activity: /* {"app": "dbt", "dbt_version": "1.12.3", "profile_name": "bcb_analytics", "target_name": "dev", "node_id": "model.bcb_analytics.fct_economic_activity"} */

  
    

  create  table "bcb"."analytics"."fct_economic_activity__dbt_tmp"
  
  
    as
  
  (
    -- Create analytical indicators for economic activity.
-- Monthly-over-month (MoM) and year-over-year (YoY)
-- growth rates are calculated from the monthly series.

with base as (

    select

        reference_month,

        atividade_economica,
        atividade_agropecuaria,
        atividade_industria,
        atividade_servicos,
        atividade_impostos

    from "bcb"."analytics"."stg_macro_monthly"

),

features as (

    select

        *,

        -- Monthly-over-month economic activity growth
        (
            atividade_economica /
            lag(atividade_economica) over (
                order by reference_month
            ) - 1
        ) * 100 as atividade_economica_mom,

        -- Year-over-year economic activity growth
        (
            atividade_economica /
            lag(atividade_economica, 12) over (
                order by reference_month
            ) - 1
        ) * 100 as atividade_economica_yoy,

        -- Year-over-year industrial activity growth
        (
            atividade_industria /
            lag(atividade_industria, 12) over (
                order by reference_month
            ) - 1
        ) * 100 as industria_yoy,

        -- Year-over-year services activity growth
        (
            atividade_servicos /
            lag(atividade_servicos, 12) over (
                order by reference_month
            ) - 1
        ) * 100 as servicos_yoy

    from base

)

select *

from features
  );
  
[0m17:30:37.479964 [debug] [Thread-3 (]: Opening a new connection, currently in state init
[0m17:30:37.480886 [debug] [Thread-2 (]: Opening a new connection, currently in state init
[0m17:30:37.484115 [debug] [Thread-4 (]: Opening a new connection, currently in state init
[0m17:30:37.487040 [debug] [Thread-1 (]: SQL status: SELECT 80 in 0.011 seconds
[0m17:30:37.493195 [debug] [Thread-1 (]: Using postgres connection "model.bcb_analytics.fct_monetary_policy"
[0m17:30:37.494254 [debug] [Thread-1 (]: On model.bcb_analytics.fct_monetary_policy: /* {"app": "dbt", "dbt_version": "1.12.3", "profile_name": "bcb_analytics", "target_name": "dev", "node_id": "model.bcb_analytics.fct_monetary_policy"} */
alter table "bcb"."analytics"."fct_monetary_policy__dbt_tmp" rename to "fct_monetary_policy"
[0m17:30:37.495416 [debug] [Thread-1 (]: SQL status: ALTER TABLE in 0.000 seconds
[0m17:30:37.496100 [debug] [Thread-4 (]: SQL status: SELECT 80 in 0.012 seconds
[0m17:30:37.496466 [debug] [Thread-2 (]: SQL status: SELECT 80 in 0.016 seconds
[0m17:30:37.498048 [debug] [Thread-1 (]: On model.bcb_analytics.fct_monetary_policy: COMMIT
[0m17:30:37.498456 [debug] [Thread-3 (]: SQL status: SELECT 80 in 0.019 seconds
[0m17:30:37.501308 [debug] [Thread-4 (]: Using postgres connection "model.bcb_analytics.fct_economic_activity"
[0m17:30:37.504059 [debug] [Thread-2 (]: Using postgres connection "model.bcb_analytics.fct_exchange_rate"
[0m17:30:37.505204 [debug] [Thread-1 (]: Using postgres connection "model.bcb_analytics.fct_monetary_policy"
[0m17:30:37.507957 [debug] [Thread-3 (]: Using postgres connection "model.bcb_analytics.fct_credit_pf"
[0m17:30:37.508969 [debug] [Thread-4 (]: On model.bcb_analytics.fct_economic_activity: /* {"app": "dbt", "dbt_version": "1.12.3", "profile_name": "bcb_analytics", "target_name": "dev", "node_id": "model.bcb_analytics.fct_economic_activity"} */
alter table "bcb"."analytics"."fct_economic_activity__dbt_tmp" rename to "fct_economic_activity"
[0m17:30:37.510001 [debug] [Thread-2 (]: On model.bcb_analytics.fct_exchange_rate: /* {"app": "dbt", "dbt_version": "1.12.3", "profile_name": "bcb_analytics", "target_name": "dev", "node_id": "model.bcb_analytics.fct_exchange_rate"} */
alter table "bcb"."analytics"."fct_exchange_rate__dbt_tmp" rename to "fct_exchange_rate"
[0m17:30:37.510763 [debug] [Thread-1 (]: On model.bcb_analytics.fct_monetary_policy: COMMIT
[0m17:30:37.511498 [debug] [Thread-3 (]: On model.bcb_analytics.fct_credit_pf: /* {"app": "dbt", "dbt_version": "1.12.3", "profile_name": "bcb_analytics", "target_name": "dev", "node_id": "model.bcb_analytics.fct_credit_pf"} */
alter table "bcb"."analytics"."fct_credit_pf__dbt_tmp" rename to "fct_credit_pf"
[0m17:30:37.512510 [debug] [Thread-4 (]: SQL status: ALTER TABLE in 0.000 seconds
[0m17:30:37.513100 [debug] [Thread-2 (]: SQL status: ALTER TABLE in 0.000 seconds
[0m17:30:37.514185 [debug] [Thread-3 (]: SQL status: ALTER TABLE in 0.000 seconds
[0m17:30:37.515574 [debug] [Thread-4 (]: On model.bcb_analytics.fct_economic_activity: COMMIT
[0m17:30:37.515900 [debug] [Thread-1 (]: SQL status: COMMIT in 0.002 seconds
[0m17:30:37.517617 [debug] [Thread-2 (]: On model.bcb_analytics.fct_exchange_rate: COMMIT
[0m17:30:37.519505 [debug] [Thread-3 (]: On model.bcb_analytics.fct_credit_pf: COMMIT
[0m17:30:37.520255 [debug] [Thread-4 (]: Using postgres connection "model.bcb_analytics.fct_economic_activity"
[0m17:30:37.521889 [debug] [Thread-1 (]: Applying DROP to: "bcb"."analytics"."fct_monetary_policy__dbt_backup"
[0m17:30:37.522592 [debug] [Thread-2 (]: Using postgres connection "model.bcb_analytics.fct_exchange_rate"
[0m17:30:37.523220 [debug] [Thread-3 (]: Using postgres connection "model.bcb_analytics.fct_credit_pf"
[0m17:30:37.523847 [debug] [Thread-4 (]: On model.bcb_analytics.fct_economic_activity: COMMIT
[0m17:30:37.526967 [debug] [Thread-1 (]: Using postgres connection "model.bcb_analytics.fct_monetary_policy"
[0m17:30:37.527719 [debug] [Thread-2 (]: On model.bcb_analytics.fct_exchange_rate: COMMIT
[0m17:30:37.528397 [debug] [Thread-3 (]: On model.bcb_analytics.fct_credit_pf: COMMIT
[0m17:30:37.529611 [debug] [Thread-1 (]: On model.bcb_analytics.fct_monetary_policy: /* {"app": "dbt", "dbt_version": "1.12.3", "profile_name": "bcb_analytics", "target_name": "dev", "node_id": "model.bcb_analytics.fct_monetary_policy"} */
drop table if exists "bcb"."analytics"."fct_monetary_policy__dbt_backup" cascade
[0m17:30:37.531032 [debug] [Thread-4 (]: SQL status: COMMIT in 0.002 seconds
[0m17:30:37.531702 [debug] [Thread-2 (]: SQL status: COMMIT in 0.001 seconds
[0m17:30:37.532275 [debug] [Thread-3 (]: SQL status: COMMIT in 0.001 seconds
[0m17:30:37.532587 [debug] [Thread-1 (]: SQL status: DROP TABLE in 0.001 seconds
[0m17:30:37.533919 [debug] [Thread-4 (]: Applying DROP to: "bcb"."analytics"."fct_economic_activity__dbt_backup"
[0m17:30:37.535685 [debug] [Thread-2 (]: Applying DROP to: "bcb"."analytics"."fct_exchange_rate__dbt_backup"
[0m17:30:37.537214 [debug] [Thread-3 (]: Applying DROP to: "bcb"."analytics"."fct_credit_pf__dbt_backup"
[0m17:30:37.538738 [debug] [Thread-1 (]: On model.bcb_analytics.fct_monetary_policy: Close
[0m17:30:37.539657 [debug] [Thread-4 (]: Using postgres connection "model.bcb_analytics.fct_economic_activity"
[0m17:30:37.540607 [debug] [Thread-2 (]: Using postgres connection "model.bcb_analytics.fct_exchange_rate"
[0m17:30:37.541576 [debug] [Thread-3 (]: Using postgres connection "model.bcb_analytics.fct_credit_pf"
[0m17:30:37.542587 [debug] [Thread-1 (]: Sending event: {'category': 'dbt', 'action': 'run_model', 'label': '9d68baf2-6e56-4a5b-87e1-d7fec15e2f8c', 'context': [<snowplow_tracker.self_describing_json.SelfDescribingJson object at 0x7107158ec4a0>]}
[0m17:30:37.542966 [debug] [Thread-4 (]: On model.bcb_analytics.fct_economic_activity: /* {"app": "dbt", "dbt_version": "1.12.3", "profile_name": "bcb_analytics", "target_name": "dev", "node_id": "model.bcb_analytics.fct_economic_activity"} */
drop table if exists "bcb"."analytics"."fct_economic_activity__dbt_backup" cascade
[0m17:30:37.543680 [debug] [Thread-2 (]: On model.bcb_analytics.fct_exchange_rate: /* {"app": "dbt", "dbt_version": "1.12.3", "profile_name": "bcb_analytics", "target_name": "dev", "node_id": "model.bcb_analytics.fct_exchange_rate"} */
drop table if exists "bcb"."analytics"."fct_exchange_rate__dbt_backup" cascade
[0m17:30:37.544646 [debug] [Thread-3 (]: On model.bcb_analytics.fct_credit_pf: /* {"app": "dbt", "dbt_version": "1.12.3", "profile_name": "bcb_analytics", "target_name": "dev", "node_id": "model.bcb_analytics.fct_credit_pf"} */
drop table if exists "bcb"."analytics"."fct_credit_pf__dbt_backup" cascade
[0m17:30:37.545646 [info ] [Thread-1 (]: 5 of 6 OK created sql table model analytics.fct_monetary_policy ................ [[32mSELECT 80[0m in 0.13s]
[0m17:30:37.546922 [debug] [Thread-4 (]: SQL status: DROP TABLE in 0.000 seconds
[0m17:30:37.547552 [debug] [Thread-2 (]: SQL status: DROP TABLE in 0.000 seconds
[0m17:30:37.548157 [debug] [Thread-3 (]: SQL status: DROP TABLE in 0.000 seconds
[0m17:30:37.548642 [debug] [Thread-1 (]: Finished running node model.bcb_analytics.fct_monetary_policy
[0m17:30:37.550260 [debug] [Thread-4 (]: On model.bcb_analytics.fct_economic_activity: Close
[0m17:30:37.551723 [debug] [Thread-2 (]: On model.bcb_analytics.fct_exchange_rate: Close
[0m17:30:37.553104 [debug] [Thread-3 (]: On model.bcb_analytics.fct_credit_pf: Close
[0m17:30:37.553756 [debug] [Thread-1 (]: Began running node model.bcb_analytics.mart_macro_credit_features
[0m17:30:37.554743 [debug] [Thread-4 (]: Sending event: {'category': 'dbt', 'action': 'run_model', 'label': '9d68baf2-6e56-4a5b-87e1-d7fec15e2f8c', 'context': [<snowplow_tracker.self_describing_json.SelfDescribingJson object at 0x710715907d10>]}
[0m17:30:37.555360 [debug] [Thread-2 (]: Sending event: {'category': 'dbt', 'action': 'run_model', 'label': '9d68baf2-6e56-4a5b-87e1-d7fec15e2f8c', 'context': [<snowplow_tracker.self_describing_json.SelfDescribingJson object at 0x7107122f2a80>]}
[0m17:30:37.556026 [debug] [Thread-3 (]: Sending event: {'category': 'dbt', 'action': 'run_model', 'label': '9d68baf2-6e56-4a5b-87e1-d7fec15e2f8c', 'context': [<snowplow_tracker.self_describing_json.SelfDescribingJson object at 0x710712142cc0>]}
[0m17:30:37.556497 [info ] [Thread-1 (]: 6 of 6 START sql table model analytics.mart_macro_credit_features .............. [RUN]
[0m17:30:37.557947 [info ] [Thread-4 (]: 3 of 6 OK created sql table model analytics.fct_economic_activity .............. [[32mSELECT 80[0m in 0.14s]
[0m17:30:37.559209 [info ] [Thread-2 (]: 4 of 6 OK created sql table model analytics.fct_exchange_rate .................. [[32mSELECT 80[0m in 0.14s]
[0m17:30:37.560323 [info ] [Thread-3 (]: 2 of 6 OK created sql table model analytics.fct_credit_pf ...................... [[32mSELECT 80[0m in 0.14s]
[0m17:30:37.561280 [debug] [Thread-1 (]: Re-using an available connection from the pool (formerly model.bcb_analytics.fct_monetary_policy, now model.bcb_analytics.mart_macro_credit_features)
[0m17:30:37.562232 [debug] [Thread-4 (]: Finished running node model.bcb_analytics.fct_economic_activity
[0m17:30:37.563086 [debug] [Thread-2 (]: Finished running node model.bcb_analytics.fct_exchange_rate
[0m17:30:37.563907 [debug] [Thread-3 (]: Finished running node model.bcb_analytics.fct_credit_pf
[0m17:30:37.564473 [debug] [Thread-1 (]: Began compiling node model.bcb_analytics.mart_macro_credit_features
[0m17:30:37.567908 [debug] [Thread-1 (]: Writing injected SQL for node "model.bcb_analytics.mart_macro_credit_features"
[0m17:30:37.575187 [debug] [Thread-1 (]: Began executing node model.bcb_analytics.mart_macro_credit_features
[0m17:30:37.578455 [debug] [Thread-1 (]: Writing runtime sql for node "model.bcb_analytics.mart_macro_credit_features"
[0m17:30:37.586203 [debug] [Thread-1 (]: Using postgres connection "model.bcb_analytics.mart_macro_credit_features"
[0m17:30:37.587018 [debug] [Thread-1 (]: On model.bcb_analytics.mart_macro_credit_features: /* {"app": "dbt", "dbt_version": "1.12.3", "profile_name": "bcb_analytics", "target_name": "dev", "node_id": "model.bcb_analytics.mart_macro_credit_features"} */

  
    

  create  table "bcb"."analytics"."mart_macro_credit_features__dbt_tmp"
  
  
    as
  
  (
    -- Create a feature dataset for statistical and machine learning models.
-- Lagged macroeconomic variables are included to capture potential
-- delayed effects of economic conditions on credit risk.

select

    reference_month,

    selic,
    selic_meta,

    -- Lagged Selic features
    lag(selic, 1) over (
        order by reference_month
    ) as selic_lag_1,

    lag(selic, 3) over (
        order by reference_month
    ) as selic_lag_3,

    lag(selic, 6) over (
        order by reference_month
    ) as selic_lag_6,

    lag(selic, 12) over (
        order by reference_month
    ) as selic_lag_12,

    ipca,

    atividade_economica,

    dolar_venda,

    credito_concedido_pf,

    taxa_credito_pf,

    inadimplencia_pf,

    -- Lagged default rate features
    lag(inadimplencia_pf, 1) over (
        order by reference_month
    ) as inadimplencia_lag_1,

    lag(inadimplencia_pf, 3) over (
        order by reference_month
    ) as inadimplencia_lag_3

from "bcb"."analytics"."stg_macro_monthly"
  );
  
[0m17:30:37.587704 [debug] [Thread-1 (]: Opening a new connection, currently in state closed
[0m17:30:37.595464 [debug] [Thread-1 (]: SQL status: SELECT 80 in 0.008 seconds
[0m17:30:37.598840 [debug] [Thread-1 (]: Using postgres connection "model.bcb_analytics.mart_macro_credit_features"
[0m17:30:37.599937 [debug] [Thread-1 (]: On model.bcb_analytics.mart_macro_credit_features: /* {"app": "dbt", "dbt_version": "1.12.3", "profile_name": "bcb_analytics", "target_name": "dev", "node_id": "model.bcb_analytics.mart_macro_credit_features"} */
alter table "bcb"."analytics"."mart_macro_credit_features__dbt_tmp" rename to "mart_macro_credit_features"
[0m17:30:37.601213 [debug] [Thread-1 (]: SQL status: ALTER TABLE in 0.000 seconds
[0m17:30:37.603045 [debug] [Thread-1 (]: On model.bcb_analytics.mart_macro_credit_features: COMMIT
[0m17:30:37.603767 [debug] [Thread-1 (]: Using postgres connection "model.bcb_analytics.mart_macro_credit_features"
[0m17:30:37.604415 [debug] [Thread-1 (]: On model.bcb_analytics.mart_macro_credit_features: COMMIT
[0m17:30:37.606204 [debug] [Thread-1 (]: SQL status: COMMIT in 0.001 seconds
[0m17:30:37.607900 [debug] [Thread-1 (]: Applying DROP to: "bcb"."analytics"."mart_macro_credit_features__dbt_backup"
[0m17:30:37.608913 [debug] [Thread-1 (]: Using postgres connection "model.bcb_analytics.mart_macro_credit_features"
[0m17:30:37.609643 [debug] [Thread-1 (]: On model.bcb_analytics.mart_macro_credit_features: /* {"app": "dbt", "dbt_version": "1.12.3", "profile_name": "bcb_analytics", "target_name": "dev", "node_id": "model.bcb_analytics.mart_macro_credit_features"} */
drop table if exists "bcb"."analytics"."mart_macro_credit_features__dbt_backup" cascade
[0m17:30:37.610690 [debug] [Thread-1 (]: SQL status: DROP TABLE in 0.000 seconds
[0m17:30:37.612483 [debug] [Thread-1 (]: On model.bcb_analytics.mart_macro_credit_features: Close
[0m17:30:37.613449 [debug] [Thread-1 (]: Sending event: {'category': 'dbt', 'action': 'run_model', 'label': '9d68baf2-6e56-4a5b-87e1-d7fec15e2f8c', 'context': [<snowplow_tracker.self_describing_json.SelfDescribingJson object at 0x71071478a660>]}
[0m17:30:37.614320 [info ] [Thread-1 (]: 6 of 6 OK created sql table model analytics.mart_macro_credit_features ......... [[32mSELECT 80[0m in 0.05s]
[0m17:30:37.615224 [debug] [Thread-1 (]: Finished running node model.bcb_analytics.mart_macro_credit_features
[0m17:30:37.617207 [debug] [MainThread]: On master: COMMIT
[0m17:30:37.617907 [debug] [MainThread]: Using postgres connection "master"
[0m17:30:37.618504 [debug] [MainThread]: On master: COMMIT
[0m17:30:37.619104 [debug] [MainThread]: Opening a new connection, currently in state closed
[0m17:30:37.625307 [debug] [MainThread]: SQL status: COMMIT in 0.006 seconds
[0m17:30:37.626229 [debug] [MainThread]: On master: Close
[0m17:30:37.627094 [debug] [MainThread]: Connection 'master' was properly closed.
[0m17:30:37.627676 [debug] [MainThread]: Connection 'model.bcb_analytics.mart_macro_credit_features' was properly closed.
[0m17:30:37.628196 [debug] [MainThread]: Connection 'model.bcb_analytics.fct_credit_pf' was properly closed.
[0m17:30:37.628688 [debug] [MainThread]: Connection 'model.bcb_analytics.fct_economic_activity' was properly closed.
[0m17:30:37.629162 [debug] [MainThread]: Connection 'model.bcb_analytics.fct_exchange_rate' was properly closed.
[0m17:30:37.629729 [info ] [MainThread]: 
[0m17:30:37.630377 [info ] [MainThread]: Finished running 5 table models, 1 view model in 0 hours 0 minutes and 0.62 seconds (0.62s).
[0m17:30:37.632036 [debug] [MainThread]: Command end result
[0m17:30:37.690369 [debug] [MainThread]: Wrote artifact WritableManifest to /usr/app/dbt/target/manifest.json
[0m17:30:37.740804 [debug] [MainThread]: Wrote artifact SemanticManifest to /usr/app/dbt/target/semantic_manifest.json
[0m17:30:37.774583 [debug] [MainThread]: Wrote artifact OsiDocument to /usr/app/dbt/target/osi_document.json
[0m17:30:37.787243 [debug] [MainThread]: Wrote artifact RunExecutionResult to /usr/app/dbt/target/run_results.json
[0m17:30:37.788109 [info ] [MainThread]: 
[0m17:30:37.789034 [info ] [MainThread]: [32mCompleted successfully[0m
[0m17:30:37.789904 [info ] [MainThread]: 
[0m17:30:37.790800 [info ] [MainThread]: Done. PASS=6 WARN=0 ERROR=0 SKIP=0 NO-OP=0 REUSED=0 TOTAL=6
[0m17:30:37.792743 [debug] [MainThread]: Resource report: {"command_name": "build", "command_success": true, "command_wall_clock_time": 1.8198708, "process_in_blocks": "103859", "process_kernel_time": 0.325324, "process_mem_max_rss": "139076", "process_out_blocks": "2200", "process_user_time": 2.265512}
[0m17:30:37.793554 [debug] [MainThread]: Command `dbt build` succeeded at 17:30:37.793446 after 1.82 seconds
[0m17:30:37.794209 [debug] [MainThread]: Sending event: {'category': 'dbt', 'action': 'invocation', 'label': 'end', 'context': [<snowplow_tracker.self_describing_json.SelfDescribingJson object at 0x71071688f530>, <snowplow_tracker.self_describing_json.SelfDescribingJson object at 0x7107158f1fa0>, <snowplow_tracker.self_describing_json.SelfDescribingJson object at 0x71071599c980>]}
[0m17:30:37.794849 [debug] [MainThread]: Flushing usage events
[0m17:30:38.534204 [debug] [MainThread]: An error was encountered while trying to flush usage events
[0m17:58:27.538203 [debug] [MainThread]: Sending event: {'category': 'dbt', 'action': 'invocation', 'label': 'start', 'context': [<snowplow_tracker.self_describing_json.SelfDescribingJson object at 0x7615c103b260>, <snowplow_tracker.self_describing_json.SelfDescribingJson object at 0x7615c291a8a0>, <snowplow_tracker.self_describing_json.SelfDescribingJson object at 0x7615c28bf1a0>]}


============================== 17:58:27.546057 | c2569d49-60ff-4b1b-b508-976a57b8fa90 ==============================
[0m17:58:27.546057 [info ] [MainThread]: Running with dbt=1.12.3
[0m17:58:27.547509 [debug] [MainThread]: running dbt with arguments {'warn_error_options': 'WarnErrorOptionsV2(error=[], warn=[], silence=[])', 'static_parser': 'True', 'partial_parse': 'True', 'warn_error': 'None', 'hints_enabled': 'True', 'maximum_seed_size_mib': '1', 'target_path': 'None', 'cache_selected_only': 'False', 'log_path': '/usr/app/dbt/logs', 'introspect': 'True', 'log_cache_events': 'False', 'write_json': 'True', 'invocation_command': 'dbt build', 'send_anonymous_usage_stats': 'True', 'empty': 'False', 'debug': 'False', 'log_format': 'default', 'no_print': 'None', 'use_colors': 'True', 'printer_width': '80', 'use_experimental_parser': 'False', 'indirect_selection': 'eager', 'fail_fast': 'False', 'version_check': 'True', 'quiet': 'False', 'profiles_dir': '/usr/app/dbt'}
[0m17:58:27.747278 [debug] [MainThread]: Sending event: {'category': 'dbt', 'action': 'project_id', 'label': 'c2569d49-60ff-4b1b-b508-976a57b8fa90', 'context': [<snowplow_tracker.self_describing_json.SelfDescribingJson object at 0x7615c03fe030>]}
[0m17:58:27.813424 [debug] [MainThread]: Sending event: {'category': 'dbt', 'action': 'adapter_info', 'label': 'c2569d49-60ff-4b1b-b508-976a57b8fa90', 'context': [<snowplow_tracker.self_describing_json.SelfDescribingJson object at 0x7615c03ffa40>]}
[0m17:58:27.816153 [info ] [MainThread]: Registered adapter: postgres=1.11.0
[0m17:58:27.927532 [debug] [MainThread]: checksum: 93f3c84ce504663c4776f7735972647e04db2733b90ae0c7a023176aa6e7f35b, vars: {}, profile: bcb_analytics, target: dev, version: 1.12.3
[0m17:58:28.184400 [debug] [MainThread]: Partial parsing enabled: 0 files deleted, 0 files added, 0 files changed.
[0m17:58:28.185644 [debug] [MainThread]: Nothing changed, skipping partial parsing.
[0m17:58:28.186538 [debug] [MainThread]: Partial parsing enabled, no changes found, skipping parsing
[0m17:58:28.194571 [debug] [MainThread]: Sending event: {'category': 'dbt', 'action': 'load_project', 'label': 'c2569d49-60ff-4b1b-b508-976a57b8fa90', 'context': [<snowplow_tracker.self_describing_json.SelfDescribingJson object at 0x7615bf10c530>]}
[0m17:58:28.378538 [debug] [MainThread]: Wrote artifact WritableManifest to /usr/app/dbt/target/manifest.json
[0m17:58:28.436635 [debug] [MainThread]: Wrote artifact SemanticManifest to /usr/app/dbt/target/semantic_manifest.json
[0m17:58:28.511922 [debug] [MainThread]: Wrote artifact OsiDocument to /usr/app/dbt/target/osi_document.json
[0m17:58:28.557325 [debug] [MainThread]: Sending event: {'category': 'dbt', 'action': 'resource_counts', 'label': 'c2569d49-60ff-4b1b-b508-976a57b8fa90', 'context': [<snowplow_tracker.self_describing_json.SelfDescribingJson object at 0x7615bf179e80>]}
[0m17:58:28.558381 [info ] [MainThread]: Found 6 models, 1 source, 477 macros
[0m17:58:28.561026 [info ] [MainThread]: 
[0m17:58:28.561914 [info ] [MainThread]: Concurrency: 4 threads (target='dev')
[0m17:58:28.562677 [info ] [MainThread]: 
[0m17:58:28.563664 [debug] [MainThread]: Acquiring new postgres connection 'master'
[0m17:58:28.567957 [debug] [ThreadPool]: Acquiring new postgres connection 'list_bcb'
[0m17:58:28.656707 [debug] [ThreadPool]: Using postgres connection "list_bcb"
[0m17:58:28.657794 [debug] [ThreadPool]: On list_bcb: /* {"app": "dbt", "dbt_version": "1.12.3", "profile_name": "bcb_analytics", "target_name": "dev", "connection_name": "list_bcb"} */

    select distinct nspname from pg_namespace
  
[0m17:58:28.658634 [debug] [ThreadPool]: Opening a new connection, currently in state init
[0m17:58:28.668695 [debug] [ThreadPool]: SQL status: SELECT 5 in 0.010 seconds
[0m17:58:28.670543 [debug] [ThreadPool]: On list_bcb: Close
[0m17:58:28.671907 [debug] [ThreadPool]: Re-using an available connection from the pool (formerly list_bcb, now create_bcb_analytics)
[0m17:58:28.673071 [debug] [ThreadPool]: Creating schema "database: "bcb"
schema: "analytics"
"
[0m17:58:28.679130 [debug] [ThreadPool]: Using postgres connection "create_bcb_analytics"
[0m17:58:28.680162 [debug] [ThreadPool]: On create_bcb_analytics: /* {"app": "dbt", "dbt_version": "1.12.3", "profile_name": "bcb_analytics", "target_name": "dev", "connection_name": "create_bcb_analytics"} */
create schema if not exists "analytics"
[0m17:58:28.681259 [debug] [ThreadPool]: Opening a new connection, currently in state closed
[0m17:58:28.688425 [debug] [ThreadPool]: SQL status: CREATE SCHEMA in 0.007 seconds
[0m17:58:28.690297 [debug] [ThreadPool]: On create_bcb_analytics: COMMIT
[0m17:58:28.691627 [debug] [ThreadPool]: Using postgres connection "create_bcb_analytics"
[0m17:58:28.692364 [debug] [ThreadPool]: On create_bcb_analytics: COMMIT
[0m17:58:28.694195 [debug] [ThreadPool]: SQL status: COMMIT in 0.001 seconds
[0m17:58:28.694931 [debug] [ThreadPool]: On create_bcb_analytics: Close
[0m17:58:28.697052 [debug] [ThreadPool]: Re-using an available connection from the pool (formerly create_bcb_analytics, now list_bcb_analytics)
[0m17:58:28.702405 [debug] [ThreadPool]: Using postgres connection "list_bcb_analytics"
[0m17:58:28.703626 [debug] [ThreadPool]: On list_bcb_analytics: /* {"app": "dbt", "dbt_version": "1.12.3", "profile_name": "bcb_analytics", "target_name": "dev", "connection_name": "list_bcb_analytics"} */
select
      'bcb' as database,
      tablename as name,
      schemaname as schema,
      'table' as type
    from pg_tables
    where schemaname ilike 'analytics'
    union all
    select
      'bcb' as database,
      viewname as name,
      schemaname as schema,
      'view' as type
    from pg_views
    where schemaname ilike 'analytics'
    union all
    select
      'bcb' as database,
      matviewname as name,
      schemaname as schema,
      'materialized_view' as type
    from pg_matviews
    where schemaname ilike 'analytics'
    union all
    select distinct
     'bcb' as database,
     proname as name,
     ns.nspname as schema,
     'function' as type
    from pg_proc
     join pg_namespace as ns on pronamespace = ns.oid
    where ns.nspname ilike 'analytics'
  
[0m17:58:28.705013 [debug] [ThreadPool]: Opening a new connection, currently in state closed
[0m17:58:28.717064 [debug] [ThreadPool]: SQL status: SELECT 0 in 0.012 seconds
[0m17:58:28.723018 [debug] [ThreadPool]: On list_bcb_analytics: ROLLBACK
[0m17:58:28.724155 [debug] [ThreadPool]: On list_bcb_analytics: Close
[0m17:58:28.728046 [debug] [MainThread]: Using postgres connection "master"
[0m17:58:28.729909 [debug] [MainThread]: On master: /* {"app": "dbt", "dbt_version": "1.12.3", "profile_name": "bcb_analytics", "target_name": "dev", "connection_name": "master"} */
select distinct
        dependent_namespace.nspname as dependent_schema,
        dependent_class.relname as dependent_name,
        referenced_namespace.nspname as referenced_schema,
        referenced_class.relname as referenced_name

    -- Query for views: views are entries in pg_class with an entry in pg_rewrite, but we avoid
    -- a seq scan on pg_rewrite by leveraging the fact there is an "internal" row in pg_depend for
    -- the view...
    from pg_class as dependent_class
    join pg_namespace as dependent_namespace on dependent_namespace.oid = dependent_class.relnamespace
    join pg_depend as dependent_depend on dependent_depend.refobjid = dependent_class.oid
        and dependent_depend.classid = 'pg_rewrite'::regclass
        and dependent_depend.refclassid = 'pg_class'::regclass
        and dependent_depend.deptype = 'i'

    -- ... and via pg_depend (that has a row per column, hence the need for "distinct" above, and
    -- making sure to exclude the internal row to avoid a view appearing to depend on itself)...
    join pg_depend as joining_depend on joining_depend.objid = dependent_depend.objid
        and joining_depend.classid = 'pg_rewrite'::regclass
        and joining_depend.refclassid = 'pg_class'::regclass
        and joining_depend.refobjid != dependent_depend.refobjid

    -- ... we can find the tables they query from in pg_class, but excluding system tables. Note we
    -- don't need need to exclude _dependent_ system tables, because they only query from other
    -- system tables, and so are automatically excluded by excluding _referenced_ system tables
    join pg_class as referenced_class on referenced_class.oid = joining_depend.refobjid
    join pg_namespace as referenced_namespace on referenced_namespace.oid = referenced_class.relnamespace
        and referenced_namespace.nspname != 'information_schema'
        and referenced_namespace.nspname not like 'pg\_%'

    order by
        dependent_schema, dependent_name, referenced_schema, referenced_name;
[0m17:58:28.731061 [debug] [MainThread]: Opening a new connection, currently in state init
[0m17:58:28.740717 [debug] [MainThread]: SQL status: SELECT 0 in 0.010 seconds
[0m17:58:28.743051 [debug] [MainThread]: Sending event: {'category': 'dbt', 'action': 'runnable_timing', 'label': 'c2569d49-60ff-4b1b-b508-976a57b8fa90', 'context': [<snowplow_tracker.self_describing_json.SelfDescribingJson object at 0x7615c1fc0320>]}
[0m17:58:28.744545 [debug] [MainThread]: On master: ROLLBACK
[0m17:58:28.745981 [debug] [MainThread]: On master: COMMIT
[0m17:58:28.746956 [debug] [MainThread]: Using postgres connection "master"
[0m17:58:28.747659 [debug] [MainThread]: On master: COMMIT
[0m17:58:28.748656 [debug] [MainThread]: SQL status: COMMIT in 0.000 seconds
[0m17:58:28.749521 [debug] [MainThread]: On master: Close
[0m17:58:28.756710 [debug] [Thread-1 (]: Began running node model.bcb_analytics.stg_macro_monthly
[0m17:58:28.758231 [info ] [Thread-1 (]: 1 of 6 START sql view model analytics.stg_macro_monthly ........................ [RUN]
[0m17:58:28.759418 [debug] [Thread-1 (]: Re-using an available connection from the pool (formerly list_bcb_analytics, now model.bcb_analytics.stg_macro_monthly)
[0m17:58:28.760337 [debug] [Thread-1 (]: Began compiling node model.bcb_analytics.stg_macro_monthly
[0m17:58:28.766207 [debug] [Thread-1 (]: Writing injected SQL for node "model.bcb_analytics.stg_macro_monthly"
[0m17:58:28.831193 [debug] [Thread-1 (]: Began executing node model.bcb_analytics.stg_macro_monthly
[0m17:58:28.863300 [debug] [Thread-1 (]: Writing runtime sql for node "model.bcb_analytics.stg_macro_monthly"
[0m17:58:28.922627 [debug] [Thread-1 (]: Using postgres connection "model.bcb_analytics.stg_macro_monthly"
[0m17:58:28.923660 [debug] [Thread-1 (]: On model.bcb_analytics.stg_macro_monthly: /* {"app": "dbt", "dbt_version": "1.12.3", "profile_name": "bcb_analytics", "target_name": "dev", "node_id": "model.bcb_analytics.stg_macro_monthly"} */

  create view "bcb"."analytics"."stg_macro_monthly__dbt_tmp"
    
    
  as (
    -- Standardize the interface between the Spark-generated Gold layer
-- and the dbt transformation layer.

select

    *

from "bcb"."gold"."macro_monthly"
  );
[0m17:58:28.924549 [debug] [Thread-1 (]: Opening a new connection, currently in state closed
[0m17:58:28.935179 [debug] [Thread-1 (]: SQL status: CREATE VIEW in 0.011 seconds
[0m17:58:28.940446 [debug] [Thread-1 (]: Using postgres connection "model.bcb_analytics.stg_macro_monthly"
[0m17:58:28.941604 [debug] [Thread-1 (]: On model.bcb_analytics.stg_macro_monthly: /* {"app": "dbt", "dbt_version": "1.12.3", "profile_name": "bcb_analytics", "target_name": "dev", "node_id": "model.bcb_analytics.stg_macro_monthly"} */
alter table "bcb"."analytics"."stg_macro_monthly__dbt_tmp" rename to "stg_macro_monthly"
[0m17:58:28.943582 [debug] [Thread-1 (]: SQL status: ALTER TABLE in 0.001 seconds
[0m17:58:28.961782 [debug] [Thread-1 (]: On model.bcb_analytics.stg_macro_monthly: COMMIT
[0m17:58:28.962979 [debug] [Thread-1 (]: Using postgres connection "model.bcb_analytics.stg_macro_monthly"
[0m17:58:28.963814 [debug] [Thread-1 (]: On model.bcb_analytics.stg_macro_monthly: COMMIT
[0m17:58:28.966265 [debug] [Thread-1 (]: SQL status: COMMIT in 0.002 seconds
[0m17:58:28.972659 [debug] [Thread-1 (]: Applying DROP to: "bcb"."analytics"."stg_macro_monthly__dbt_backup"
[0m17:58:28.977874 [debug] [Thread-1 (]: Using postgres connection "model.bcb_analytics.stg_macro_monthly"
[0m17:58:28.978766 [debug] [Thread-1 (]: On model.bcb_analytics.stg_macro_monthly: /* {"app": "dbt", "dbt_version": "1.12.3", "profile_name": "bcb_analytics", "target_name": "dev", "node_id": "model.bcb_analytics.stg_macro_monthly"} */
drop view if exists "bcb"."analytics"."stg_macro_monthly__dbt_backup" cascade
[0m17:58:28.979809 [debug] [Thread-1 (]: SQL status: DROP VIEW in 0.000 seconds
[0m17:58:28.983064 [debug] [Thread-1 (]: On model.bcb_analytics.stg_macro_monthly: Close
[0m17:58:28.986292 [debug] [Thread-1 (]: Sending event: {'category': 'dbt', 'action': 'run_model', 'label': 'c2569d49-60ff-4b1b-b508-976a57b8fa90', 'context': [<snowplow_tracker.self_describing_json.SelfDescribingJson object at 0x7615c35ccaa0>]}
[0m17:58:28.987700 [info ] [Thread-1 (]: 1 of 6 OK created sql view model analytics.stg_macro_monthly ................... [[32mCREATE VIEW[0m in 0.23s]
[0m17:58:28.988906 [debug] [Thread-1 (]: Finished running node model.bcb_analytics.stg_macro_monthly
[0m17:58:28.990668 [debug] [Thread-3 (]: Began running node model.bcb_analytics.fct_credit_pf
[0m17:58:28.991061 [debug] [Thread-4 (]: Began running node model.bcb_analytics.fct_economic_activity
[0m17:58:28.991433 [debug] [Thread-2 (]: Began running node model.bcb_analytics.fct_exchange_rate
[0m17:58:28.991735 [debug] [Thread-1 (]: Began running node model.bcb_analytics.fct_monetary_policy
[0m17:58:28.992167 [info ] [Thread-3 (]: 2 of 6 START sql table model analytics.fct_credit_pf ........................... [RUN]
[0m17:58:28.993012 [info ] [Thread-4 (]: 3 of 6 START sql table model analytics.fct_economic_activity ................... [RUN]
[0m17:58:28.993921 [info ] [Thread-2 (]: 4 of 6 START sql table model analytics.fct_exchange_rate ....................... [RUN]
[0m17:58:28.995380 [info ] [Thread-1 (]: 5 of 6 START sql table model analytics.fct_monetary_policy ..................... [RUN]
[0m17:58:28.996917 [debug] [Thread-3 (]: Acquiring new postgres connection 'model.bcb_analytics.fct_credit_pf'
[0m17:58:28.998144 [debug] [Thread-4 (]: Acquiring new postgres connection 'model.bcb_analytics.fct_economic_activity'
[0m17:58:28.999374 [debug] [Thread-2 (]: Acquiring new postgres connection 'model.bcb_analytics.fct_exchange_rate'
[0m17:58:29.000427 [debug] [Thread-1 (]: Re-using an available connection from the pool (formerly model.bcb_analytics.stg_macro_monthly, now model.bcb_analytics.fct_monetary_policy)
[0m17:58:29.001170 [debug] [Thread-3 (]: Began compiling node model.bcb_analytics.fct_credit_pf
[0m17:58:29.001844 [debug] [Thread-4 (]: Began compiling node model.bcb_analytics.fct_economic_activity
[0m17:58:29.002530 [debug] [Thread-2 (]: Began compiling node model.bcb_analytics.fct_exchange_rate
[0m17:58:29.003240 [debug] [Thread-1 (]: Began compiling node model.bcb_analytics.fct_monetary_policy
[0m17:58:29.005396 [debug] [Thread-3 (]: Writing injected SQL for node "model.bcb_analytics.fct_credit_pf"
[0m17:58:29.007369 [debug] [Thread-4 (]: Writing injected SQL for node "model.bcb_analytics.fct_economic_activity"
[0m17:58:29.010456 [debug] [Thread-2 (]: Writing injected SQL for node "model.bcb_analytics.fct_exchange_rate"
[0m17:58:29.013084 [debug] [Thread-1 (]: Writing injected SQL for node "model.bcb_analytics.fct_monetary_policy"
[0m17:58:29.019203 [debug] [Thread-4 (]: Began executing node model.bcb_analytics.fct_economic_activity
[0m17:58:29.025350 [debug] [Thread-3 (]: Began executing node model.bcb_analytics.fct_credit_pf
[0m17:58:29.050775 [debug] [Thread-4 (]: Writing runtime sql for node "model.bcb_analytics.fct_economic_activity"
[0m17:58:29.051409 [debug] [Thread-1 (]: Began executing node model.bcb_analytics.fct_monetary_policy
[0m17:58:29.051872 [debug] [Thread-2 (]: Began executing node model.bcb_analytics.fct_exchange_rate
[0m17:58:29.052215 [debug] [Thread-3 (]: Writing runtime sql for node "model.bcb_analytics.fct_credit_pf"
[0m17:58:29.056241 [debug] [Thread-1 (]: Writing runtime sql for node "model.bcb_analytics.fct_monetary_policy"
[0m17:58:29.060100 [debug] [Thread-2 (]: Writing runtime sql for node "model.bcb_analytics.fct_exchange_rate"
[0m17:58:29.064059 [debug] [Thread-4 (]: Using postgres connection "model.bcb_analytics.fct_economic_activity"
[0m17:58:29.065534 [debug] [Thread-4 (]: On model.bcb_analytics.fct_economic_activity: /* {"app": "dbt", "dbt_version": "1.12.3", "profile_name": "bcb_analytics", "target_name": "dev", "node_id": "model.bcb_analytics.fct_economic_activity"} */

  
    

  create  table "bcb"."analytics"."fct_economic_activity__dbt_tmp"
  
  
    as
  
  (
    -- Create analytical indicators for economic activity.
-- Monthly-over-month (MoM) and year-over-year (YoY)
-- growth rates are calculated from the monthly series.

with base as (

    select

        reference_month,

        atividade_economica,
        atividade_agropecuaria,
        atividade_industria,
        atividade_servicos,
        atividade_impostos

    from "bcb"."analytics"."stg_macro_monthly"

),

features as (

    select

        *,

        -- Monthly-over-month economic activity growth
        (
            atividade_economica /
            lag(atividade_economica) over (
                order by reference_month
            ) - 1
        ) * 100 as atividade_economica_mom,

        -- Year-over-year economic activity growth
        (
            atividade_economica /
            lag(atividade_economica, 12) over (
                order by reference_month
            ) - 1
        ) * 100 as atividade_economica_yoy,

        -- Year-over-year industrial activity growth
        (
            atividade_industria /
            lag(atividade_industria, 12) over (
                order by reference_month
            ) - 1
        ) * 100 as industria_yoy,

        -- Year-over-year services activity growth
        (
            atividade_servicos /
            lag(atividade_servicos, 12) over (
                order by reference_month
            ) - 1
        ) * 100 as servicos_yoy

    from base

)

select *

from features
  );
  
[0m17:58:29.066985 [debug] [Thread-4 (]: Opening a new connection, currently in state init
[0m17:58:29.067921 [debug] [Thread-1 (]: Using postgres connection "model.bcb_analytics.fct_monetary_policy"
[0m17:58:29.068909 [debug] [Thread-3 (]: Using postgres connection "model.bcb_analytics.fct_credit_pf"
[0m17:58:29.069413 [debug] [Thread-1 (]: On model.bcb_analytics.fct_monetary_policy: /* {"app": "dbt", "dbt_version": "1.12.3", "profile_name": "bcb_analytics", "target_name": "dev", "node_id": "model.bcb_analytics.fct_monetary_policy"} */

  
    

  create  table "bcb"."analytics"."fct_monetary_policy__dbt_tmp"
  
  
    as
  
  (
    -- Create analytical indicators related to monetary policy.
-- The model derives changes in the Selic rate and the spread
-- between the effective Selic rate and its target.

select

    reference_month,

    selic,

    selic_meta,

    -- Difference between the effective Selic rate and its target
    selic - selic_meta as selic_spread,

    -- Selic rate from the previous month
    lag(selic) over (
        order by reference_month
    ) as selic_previous_month,

    -- Absolute monthly change in the Selic rate
    selic - lag(selic) over (
        order by reference_month
    ) as selic_change,

    -- Selic target from the previous month
    lag(selic_meta) over (
        order by reference_month
    ) as selic_meta_previous_month,

    -- Absolute monthly change in the Selic target
    selic_meta - lag(selic_meta) over (
        order by reference_month
    ) as selic_meta_change

from "bcb"."analytics"."stg_macro_monthly"
  );
  
[0m17:58:29.069942 [debug] [Thread-2 (]: Using postgres connection "model.bcb_analytics.fct_exchange_rate"
[0m17:58:29.070373 [debug] [Thread-3 (]: On model.bcb_analytics.fct_credit_pf: /* {"app": "dbt", "dbt_version": "1.12.3", "profile_name": "bcb_analytics", "target_name": "dev", "node_id": "model.bcb_analytics.fct_credit_pf"} */

  
    

  create  table "bcb"."analytics"."fct_credit_pf__dbt_tmp"
  
  
    as
  
  (
    -- Create analytical indicators for individual credit.
-- The model combines credit concessions, outstanding balances,
-- interest rates, and default indicators with their variations.

select

    reference_month,

    credito_concedido_pf,

    credito_livre_pf,

    saldo_credito_pessoal,

    taxa_credito_pf,

    inadimplencia_pf,

    inadimplencia_credito_pessoal_pf,

    -- Absolute monthly change in credit concessions
    credito_concedido_pf
        - lag(credito_concedido_pf) over (
            order by reference_month
        ) as credito_concedido_change,

    -- Monthly-over-month credit concession growth
    (
        credito_concedido_pf /
        lag(credito_concedido_pf) over (
            order by reference_month
        ) - 1
    ) * 100 as credito_concedido_mom,

    -- Year-over-year credit concession growth
    (
        credito_concedido_pf /
        lag(credito_concedido_pf, 12) over (
            order by reference_month
        ) - 1
    ) * 100 as credito_concedido_yoy,

    -- Absolute monthly change in the individual default rate
    inadimplencia_pf
        - lag(inadimplencia_pf) over (
            order by reference_month
        ) as inadimplencia_change

from "bcb"."analytics"."stg_macro_monthly"
  );
  
[0m17:58:29.071210 [debug] [Thread-1 (]: Opening a new connection, currently in state closed
[0m17:58:29.071998 [debug] [Thread-2 (]: On model.bcb_analytics.fct_exchange_rate: /* {"app": "dbt", "dbt_version": "1.12.3", "profile_name": "bcb_analytics", "target_name": "dev", "node_id": "model.bcb_analytics.fct_exchange_rate"} */

  
    

  create  table "bcb"."analytics"."fct_exchange_rate__dbt_tmp"
  
  
    as
  
  (
    -- Create analytical indicators for the BRL/USD exchange rate.
-- Daily exchange rate series have already been aggregated
-- to monthly averages by Spark.

select

    reference_month,

    dolar_compra,

    dolar_venda,

    -- Average between the purchase and selling exchange rates
    (dolar_compra + dolar_venda) / 2 as dolar_medio,

    -- Difference between selling and purchase rates
    dolar_venda - dolar_compra as spread_cambio,

    -- Absolute monthly change in the selling exchange rate
    dolar_venda
        - lag(dolar_venda) over (
            order by reference_month
        ) as cambio_change,

    -- Monthly-over-month exchange rate growth
    (
        dolar_venda /
        lag(dolar_venda) over (
            order by reference_month
        ) - 1
    ) * 100 as cambio_mom,

    -- Year-over-year exchange rate growth
    (
        dolar_venda /
        lag(dolar_venda, 12) over (
            order by reference_month
        ) - 1
    ) * 100 as cambio_yoy

from "bcb"."analytics"."stg_macro_monthly"
  );
  
[0m17:58:29.072693 [debug] [Thread-3 (]: Opening a new connection, currently in state init
[0m17:58:29.074107 [debug] [Thread-2 (]: Opening a new connection, currently in state init
[0m17:58:29.079326 [debug] [Thread-4 (]: SQL status: SELECT 80 in 0.012 seconds
[0m17:58:29.085621 [debug] [Thread-4 (]: Using postgres connection "model.bcb_analytics.fct_economic_activity"
[0m17:58:29.086710 [debug] [Thread-4 (]: On model.bcb_analytics.fct_economic_activity: /* {"app": "dbt", "dbt_version": "1.12.3", "profile_name": "bcb_analytics", "target_name": "dev", "node_id": "model.bcb_analytics.fct_economic_activity"} */
alter table "bcb"."analytics"."fct_economic_activity__dbt_tmp" rename to "fct_economic_activity"
[0m17:58:29.088400 [debug] [Thread-4 (]: SQL status: ALTER TABLE in 0.001 seconds
[0m17:58:29.091094 [debug] [Thread-4 (]: On model.bcb_analytics.fct_economic_activity: COMMIT
[0m17:58:29.091717 [debug] [Thread-3 (]: SQL status: SELECT 80 in 0.019 seconds
[0m17:58:29.092298 [debug] [Thread-2 (]: SQL status: SELECT 80 in 0.018 seconds
[0m17:58:29.092836 [debug] [Thread-1 (]: SQL status: SELECT 80 in 0.022 seconds
[0m17:58:29.093259 [debug] [Thread-4 (]: Using postgres connection "model.bcb_analytics.fct_economic_activity"
[0m17:58:29.097111 [debug] [Thread-3 (]: Using postgres connection "model.bcb_analytics.fct_credit_pf"
[0m17:58:29.100137 [debug] [Thread-2 (]: Using postgres connection "model.bcb_analytics.fct_exchange_rate"
[0m17:58:29.103597 [debug] [Thread-1 (]: Using postgres connection "model.bcb_analytics.fct_monetary_policy"
[0m17:58:29.104978 [debug] [Thread-4 (]: On model.bcb_analytics.fct_economic_activity: COMMIT
[0m17:58:29.106118 [debug] [Thread-3 (]: On model.bcb_analytics.fct_credit_pf: /* {"app": "dbt", "dbt_version": "1.12.3", "profile_name": "bcb_analytics", "target_name": "dev", "node_id": "model.bcb_analytics.fct_credit_pf"} */
alter table "bcb"."analytics"."fct_credit_pf__dbt_tmp" rename to "fct_credit_pf"
[0m17:58:29.107053 [debug] [Thread-2 (]: On model.bcb_analytics.fct_exchange_rate: /* {"app": "dbt", "dbt_version": "1.12.3", "profile_name": "bcb_analytics", "target_name": "dev", "node_id": "model.bcb_analytics.fct_exchange_rate"} */
alter table "bcb"."analytics"."fct_exchange_rate__dbt_tmp" rename to "fct_exchange_rate"
[0m17:58:29.107860 [debug] [Thread-1 (]: On model.bcb_analytics.fct_monetary_policy: /* {"app": "dbt", "dbt_version": "1.12.3", "profile_name": "bcb_analytics", "target_name": "dev", "node_id": "model.bcb_analytics.fct_monetary_policy"} */
alter table "bcb"."analytics"."fct_monetary_policy__dbt_tmp" rename to "fct_monetary_policy"
[0m17:58:29.109725 [debug] [Thread-3 (]: SQL status: ALTER TABLE in 0.000 seconds
[0m17:58:29.110187 [debug] [Thread-4 (]: SQL status: COMMIT in 0.001 seconds
[0m17:58:29.110563 [debug] [Thread-2 (]: SQL status: ALTER TABLE in 0.000 seconds
[0m17:58:29.111310 [debug] [Thread-1 (]: SQL status: ALTER TABLE in 0.000 seconds
[0m17:58:29.112911 [debug] [Thread-3 (]: On model.bcb_analytics.fct_credit_pf: COMMIT
[0m17:58:29.115441 [debug] [Thread-4 (]: Applying DROP to: "bcb"."analytics"."fct_economic_activity__dbt_backup"
[0m17:58:29.118137 [debug] [Thread-2 (]: On model.bcb_analytics.fct_exchange_rate: COMMIT
[0m17:58:29.120487 [debug] [Thread-1 (]: On model.bcb_analytics.fct_monetary_policy: COMMIT
[0m17:58:29.121442 [debug] [Thread-3 (]: Using postgres connection "model.bcb_analytics.fct_credit_pf"
[0m17:58:29.125046 [debug] [Thread-4 (]: Using postgres connection "model.bcb_analytics.fct_economic_activity"
[0m17:58:29.126010 [debug] [Thread-2 (]: Using postgres connection "model.bcb_analytics.fct_exchange_rate"
[0m17:58:29.126836 [debug] [Thread-1 (]: Using postgres connection "model.bcb_analytics.fct_monetary_policy"
[0m17:58:29.127990 [debug] [Thread-3 (]: On model.bcb_analytics.fct_credit_pf: COMMIT
[0m17:58:29.129460 [debug] [Thread-4 (]: On model.bcb_analytics.fct_economic_activity: /* {"app": "dbt", "dbt_version": "1.12.3", "profile_name": "bcb_analytics", "target_name": "dev", "node_id": "model.bcb_analytics.fct_economic_activity"} */
drop table if exists "bcb"."analytics"."fct_economic_activity__dbt_backup" cascade
[0m17:58:29.130752 [debug] [Thread-2 (]: On model.bcb_analytics.fct_exchange_rate: COMMIT
[0m17:58:29.132051 [debug] [Thread-1 (]: On model.bcb_analytics.fct_monetary_policy: COMMIT
[0m17:58:29.133937 [debug] [Thread-4 (]: SQL status: DROP TABLE in 0.000 seconds
[0m17:58:29.134353 [debug] [Thread-3 (]: SQL status: COMMIT in 0.001 seconds
[0m17:58:29.135726 [debug] [Thread-2 (]: SQL status: COMMIT in 0.001 seconds
[0m17:58:29.137213 [debug] [Thread-4 (]: On model.bcb_analytics.fct_economic_activity: Close
[0m17:58:29.137602 [debug] [Thread-1 (]: SQL status: COMMIT in 0.002 seconds
[0m17:58:29.139181 [debug] [Thread-3 (]: Applying DROP to: "bcb"."analytics"."fct_credit_pf__dbt_backup"
[0m17:58:29.141579 [debug] [Thread-2 (]: Applying DROP to: "bcb"."analytics"."fct_exchange_rate__dbt_backup"
[0m17:58:29.143645 [debug] [Thread-4 (]: Sending event: {'category': 'dbt', 'action': 'run_model', 'label': 'c2569d49-60ff-4b1b-b508-976a57b8fa90', 'context': [<snowplow_tracker.self_describing_json.SelfDescribingJson object at 0x7615bcc70c80>]}
[0m17:58:29.145969 [debug] [Thread-1 (]: Applying DROP to: "bcb"."analytics"."fct_monetary_policy__dbt_backup"
[0m17:58:29.147327 [debug] [Thread-3 (]: Using postgres connection "model.bcb_analytics.fct_credit_pf"
[0m17:58:29.148445 [debug] [Thread-2 (]: Using postgres connection "model.bcb_analytics.fct_exchange_rate"
[0m17:58:29.149477 [info ] [Thread-4 (]: 3 of 6 OK created sql table model analytics.fct_economic_activity .............. [[32mSELECT 80[0m in 0.15s]
[0m17:58:29.150749 [debug] [Thread-1 (]: Using postgres connection "model.bcb_analytics.fct_monetary_policy"
[0m17:58:29.151619 [debug] [Thread-3 (]: On model.bcb_analytics.fct_credit_pf: /* {"app": "dbt", "dbt_version": "1.12.3", "profile_name": "bcb_analytics", "target_name": "dev", "node_id": "model.bcb_analytics.fct_credit_pf"} */
drop table if exists "bcb"."analytics"."fct_credit_pf__dbt_backup" cascade
[0m17:58:29.152393 [debug] [Thread-2 (]: On model.bcb_analytics.fct_exchange_rate: /* {"app": "dbt", "dbt_version": "1.12.3", "profile_name": "bcb_analytics", "target_name": "dev", "node_id": "model.bcb_analytics.fct_exchange_rate"} */
drop table if exists "bcb"."analytics"."fct_exchange_rate__dbt_backup" cascade
[0m17:58:29.153363 [debug] [Thread-4 (]: Finished running node model.bcb_analytics.fct_economic_activity
[0m17:58:29.154336 [debug] [Thread-1 (]: On model.bcb_analytics.fct_monetary_policy: /* {"app": "dbt", "dbt_version": "1.12.3", "profile_name": "bcb_analytics", "target_name": "dev", "node_id": "model.bcb_analytics.fct_monetary_policy"} */
drop table if exists "bcb"."analytics"."fct_monetary_policy__dbt_backup" cascade
[0m17:58:29.156358 [debug] [Thread-3 (]: SQL status: DROP TABLE in 0.001 seconds
[0m17:58:29.157539 [debug] [Thread-2 (]: SQL status: DROP TABLE in 0.001 seconds
[0m17:58:29.158206 [debug] [Thread-4 (]: Began running node model.bcb_analytics.mart_macro_credit_features
[0m17:58:29.159581 [debug] [Thread-1 (]: SQL status: DROP TABLE in 0.000 seconds
[0m17:58:29.161036 [debug] [Thread-3 (]: On model.bcb_analytics.fct_credit_pf: Close
[0m17:58:29.162663 [debug] [Thread-2 (]: On model.bcb_analytics.fct_exchange_rate: Close
[0m17:58:29.163536 [info ] [Thread-4 (]: 6 of 6 START sql table model analytics.mart_macro_credit_features .............. [RUN]
[0m17:58:29.165391 [debug] [Thread-1 (]: On model.bcb_analytics.fct_monetary_policy: Close
[0m17:58:29.166419 [debug] [Thread-3 (]: Sending event: {'category': 'dbt', 'action': 'run_model', 'label': 'c2569d49-60ff-4b1b-b508-976a57b8fa90', 'context': [<snowplow_tracker.self_describing_json.SelfDescribingJson object at 0x7615c03536e0>]}
[0m17:58:29.166978 [debug] [Thread-2 (]: Sending event: {'category': 'dbt', 'action': 'run_model', 'label': 'c2569d49-60ff-4b1b-b508-976a57b8fa90', 'context': [<snowplow_tracker.self_describing_json.SelfDescribingJson object at 0x7615c03f94c0>]}
[0m17:58:29.167476 [debug] [Thread-4 (]: Re-using an available connection from the pool (formerly model.bcb_analytics.fct_economic_activity, now model.bcb_analytics.mart_macro_credit_features)
[0m17:58:29.169473 [debug] [Thread-1 (]: Sending event: {'category': 'dbt', 'action': 'run_model', 'label': 'c2569d49-60ff-4b1b-b508-976a57b8fa90', 'context': [<snowplow_tracker.self_describing_json.SelfDescribingJson object at 0x7615c019c800>]}
[0m17:58:29.170328 [info ] [Thread-3 (]: 2 of 6 OK created sql table model analytics.fct_credit_pf ...................... [[32mSELECT 80[0m in 0.17s]
[0m17:58:29.171967 [info ] [Thread-2 (]: 4 of 6 OK created sql table model analytics.fct_exchange_rate .................. [[32mSELECT 80[0m in 0.17s]
[0m17:58:29.172941 [debug] [Thread-4 (]: Began compiling node model.bcb_analytics.mart_macro_credit_features
[0m17:58:29.174008 [info ] [Thread-1 (]: 5 of 6 OK created sql table model analytics.fct_monetary_policy ................ [[32mSELECT 80[0m in 0.17s]
[0m17:58:29.175036 [debug] [Thread-3 (]: Finished running node model.bcb_analytics.fct_credit_pf
[0m17:58:29.175899 [debug] [Thread-2 (]: Finished running node model.bcb_analytics.fct_exchange_rate
[0m17:58:29.177955 [debug] [Thread-4 (]: Writing injected SQL for node "model.bcb_analytics.mart_macro_credit_features"
[0m17:58:29.178833 [debug] [Thread-1 (]: Finished running node model.bcb_analytics.fct_monetary_policy
[0m17:58:29.188775 [debug] [Thread-4 (]: Began executing node model.bcb_analytics.mart_macro_credit_features
[0m17:58:29.192052 [debug] [Thread-4 (]: Writing runtime sql for node "model.bcb_analytics.mart_macro_credit_features"
[0m17:58:29.200346 [debug] [Thread-4 (]: Using postgres connection "model.bcb_analytics.mart_macro_credit_features"
[0m17:58:29.201100 [debug] [Thread-4 (]: On model.bcb_analytics.mart_macro_credit_features: /* {"app": "dbt", "dbt_version": "1.12.3", "profile_name": "bcb_analytics", "target_name": "dev", "node_id": "model.bcb_analytics.mart_macro_credit_features"} */

  
    

  create  table "bcb"."analytics"."mart_macro_credit_features__dbt_tmp"
  
  
    as
  
  (
    -- Create a feature dataset for statistical and machine learning models.
-- Lagged macroeconomic variables are included to capture potential
-- delayed effects of economic conditions on credit risk.

select

    reference_month,

    selic,
    selic_meta,

    -- Lagged Selic features
    lag(selic, 1) over (
        order by reference_month
    ) as selic_lag_1,

    lag(selic, 3) over (
        order by reference_month
    ) as selic_lag_3,

    lag(selic, 6) over (
        order by reference_month
    ) as selic_lag_6,

    lag(selic, 12) over (
        order by reference_month
    ) as selic_lag_12,

    ipca,

    atividade_economica,

    dolar_venda,

    credito_concedido_pf,

    taxa_credito_pf,

    inadimplencia_pf,

    -- Lagged default rate features
    lag(inadimplencia_pf, 1) over (
        order by reference_month
    ) as inadimplencia_lag_1,

    lag(inadimplencia_pf, 3) over (
        order by reference_month
    ) as inadimplencia_lag_3

from "bcb"."analytics"."stg_macro_monthly"
  );
  
[0m17:58:29.201771 [debug] [Thread-4 (]: Opening a new connection, currently in state closed
[0m17:58:29.209975 [debug] [Thread-4 (]: SQL status: SELECT 80 in 0.008 seconds
[0m17:58:29.213059 [debug] [Thread-4 (]: Using postgres connection "model.bcb_analytics.mart_macro_credit_features"
[0m17:58:29.213933 [debug] [Thread-4 (]: On model.bcb_analytics.mart_macro_credit_features: /* {"app": "dbt", "dbt_version": "1.12.3", "profile_name": "bcb_analytics", "target_name": "dev", "node_id": "model.bcb_analytics.mart_macro_credit_features"} */
alter table "bcb"."analytics"."mart_macro_credit_features__dbt_tmp" rename to "mart_macro_credit_features"
[0m17:58:29.214978 [debug] [Thread-4 (]: SQL status: ALTER TABLE in 0.000 seconds
[0m17:58:29.216618 [debug] [Thread-4 (]: On model.bcb_analytics.mart_macro_credit_features: COMMIT
[0m17:58:29.217329 [debug] [Thread-4 (]: Using postgres connection "model.bcb_analytics.mart_macro_credit_features"
[0m17:58:29.217937 [debug] [Thread-4 (]: On model.bcb_analytics.mart_macro_credit_features: COMMIT
[0m17:58:29.219451 [debug] [Thread-4 (]: SQL status: COMMIT in 0.001 seconds
[0m17:58:29.221547 [debug] [Thread-4 (]: Applying DROP to: "bcb"."analytics"."mart_macro_credit_features__dbt_backup"
[0m17:58:29.223062 [debug] [Thread-4 (]: Using postgres connection "model.bcb_analytics.mart_macro_credit_features"
[0m17:58:29.223914 [debug] [Thread-4 (]: On model.bcb_analytics.mart_macro_credit_features: /* {"app": "dbt", "dbt_version": "1.12.3", "profile_name": "bcb_analytics", "target_name": "dev", "node_id": "model.bcb_analytics.mart_macro_credit_features"} */
drop table if exists "bcb"."analytics"."mart_macro_credit_features__dbt_backup" cascade
[0m17:58:29.225147 [debug] [Thread-4 (]: SQL status: DROP TABLE in 0.000 seconds
[0m17:58:29.226977 [debug] [Thread-4 (]: On model.bcb_analytics.mart_macro_credit_features: Close
[0m17:58:29.228124 [debug] [Thread-4 (]: Sending event: {'category': 'dbt', 'action': 'run_model', 'label': 'c2569d49-60ff-4b1b-b508-976a57b8fa90', 'context': [<snowplow_tracker.self_describing_json.SelfDescribingJson object at 0x7615bcc00830>]}
[0m17:58:29.229215 [info ] [Thread-4 (]: 6 of 6 OK created sql table model analytics.mart_macro_credit_features ......... [[32mSELECT 80[0m in 0.06s]
[0m17:58:29.230253 [debug] [Thread-4 (]: Finished running node model.bcb_analytics.mart_macro_credit_features
[0m17:58:29.232322 [debug] [MainThread]: On master: COMMIT
[0m17:58:29.233169 [debug] [MainThread]: Using postgres connection "master"
[0m17:58:29.233732 [debug] [MainThread]: On master: COMMIT
[0m17:58:29.234467 [debug] [MainThread]: Opening a new connection, currently in state closed
[0m17:58:29.241585 [debug] [MainThread]: SQL status: COMMIT in 0.007 seconds
[0m17:58:29.242454 [debug] [MainThread]: On master: Close
[0m17:58:29.243246 [debug] [MainThread]: Connection 'master' was properly closed.
[0m17:58:29.243819 [debug] [MainThread]: Connection 'model.bcb_analytics.fct_monetary_policy' was properly closed.
[0m17:58:29.244334 [debug] [MainThread]: Connection 'model.bcb_analytics.fct_credit_pf' was properly closed.
[0m17:58:29.244854 [debug] [MainThread]: Connection 'model.bcb_analytics.mart_macro_credit_features' was properly closed.
[0m17:58:29.245473 [debug] [MainThread]: Connection 'model.bcb_analytics.fct_exchange_rate' was properly closed.
[0m17:58:29.246090 [info ] [MainThread]: 
[0m17:58:29.246789 [info ] [MainThread]: Finished running 5 table models, 1 view model in 0 hours 0 minutes and 0.68 seconds (0.68s).
[0m17:58:29.248970 [debug] [MainThread]: Command end result
[0m17:58:29.313441 [debug] [MainThread]: Wrote artifact WritableManifest to /usr/app/dbt/target/manifest.json
[0m17:58:29.378690 [debug] [MainThread]: Wrote artifact SemanticManifest to /usr/app/dbt/target/semantic_manifest.json
[0m17:58:29.432198 [debug] [MainThread]: Wrote artifact OsiDocument to /usr/app/dbt/target/osi_document.json
[0m17:58:29.445827 [debug] [MainThread]: Wrote artifact RunExecutionResult to /usr/app/dbt/target/run_results.json
[0m17:58:29.446987 [info ] [MainThread]: 
[0m17:58:29.448159 [info ] [MainThread]: [32mCompleted successfully[0m
[0m17:58:29.449571 [info ] [MainThread]: 
[0m17:58:29.450789 [info ] [MainThread]: Done. PASS=6 WARN=0 ERROR=0 SKIP=0 NO-OP=0 REUSED=0 TOTAL=6
[0m17:58:29.453420 [debug] [MainThread]: Resource report: {"command_name": "build", "command_success": true, "command_wall_clock_time": 1.9949312, "process_in_blocks": "103859", "process_kernel_time": 0.386407, "process_mem_max_rss": "139220", "process_out_blocks": "2200", "process_user_time": 2.46982}
[0m17:58:29.454312 [debug] [MainThread]: Command `dbt build` succeeded at 17:58:29.454191 after 2.00 seconds
[0m17:58:29.455002 [debug] [MainThread]: Sending event: {'category': 'dbt', 'action': 'invocation', 'label': 'end', 'context': [<snowplow_tracker.self_describing_json.SelfDescribingJson object at 0x7615c0fa6840>, <snowplow_tracker.self_describing_json.SelfDescribingJson object at 0x7615bf148950>, <snowplow_tracker.self_describing_json.SelfDescribingJson object at 0x7615c0e67ad0>]}
[0m17:58:29.455689 [debug] [MainThread]: Flushing usage events
[0m17:58:30.204689 [debug] [MainThread]: An error was encountered while trying to flush usage events
[0m19:37:25.320644 [debug] [MainThread]: Sending event: {'category': 'dbt', 'action': 'invocation', 'label': 'start', 'context': [<snowplow_tracker.self_describing_json.SelfDescribingJson object at 0x7cc626c3a9f0>, <snowplow_tracker.self_describing_json.SelfDescribingJson object at 0x7cc624928e00>, <snowplow_tracker.self_describing_json.SelfDescribingJson object at 0x7cc62438e210>]}


============================== 19:37:25.342674 | 860527ab-52c4-4929-9ea3-f356629c2ab1 ==============================
[0m19:37:25.342674 [info ] [MainThread]: Running with dbt=1.12.3
[0m19:37:25.344267 [debug] [MainThread]: running dbt with arguments {'fail_fast': 'False', 'write_json': 'True', 'static_parser': 'True', 'warn_error': 'None', 'send_anonymous_usage_stats': 'True', 'maximum_seed_size_mib': '1', 'version_check': 'True', 'target_path': 'None', 'no_print': 'None', 'cache_selected_only': 'False', 'invocation_command': 'dbt build', 'debug': 'False', 'partial_parse': 'True', 'log_path': '/usr/app/dbt/logs', 'quiet': 'False', 'use_experimental_parser': 'False', 'printer_width': '80', 'hints_enabled': 'True', 'indirect_selection': 'eager', 'use_colors': 'True', 'profiles_dir': '/usr/app/dbt', 'log_cache_events': 'False', 'empty': 'False', 'log_format': 'default', 'warn_error_options': 'WarnErrorOptionsV2(error=[], warn=[], silence=[])', 'introspect': 'True'}
[0m19:37:25.507870 [debug] [MainThread]: Sending event: {'category': 'dbt', 'action': 'project_id', 'label': '860527ab-52c4-4929-9ea3-f356629c2ab1', 'context': [<snowplow_tracker.self_describing_json.SelfDescribingJson object at 0x7cc6239eda60>]}
[0m19:37:25.565295 [debug] [MainThread]: Sending event: {'category': 'dbt', 'action': 'adapter_info', 'label': '860527ab-52c4-4929-9ea3-f356629c2ab1', 'context': [<snowplow_tracker.self_describing_json.SelfDescribingJson object at 0x7cc6269fd370>]}
[0m19:37:25.567130 [info ] [MainThread]: Registered adapter: postgres=1.11.0
[0m19:37:25.624092 [debug] [MainThread]: checksum: 93f3c84ce504663c4776f7735972647e04db2733b90ae0c7a023176aa6e7f35b, vars: {}, profile: bcb_analytics, target: dev, version: 1.12.3
[0m19:37:25.948778 [debug] [MainThread]: Partial parsing enabled: 0 files deleted, 0 files added, 0 files changed.
[0m19:37:25.949658 [debug] [MainThread]: Nothing changed, skipping partial parsing.
[0m19:37:25.950261 [debug] [MainThread]: Partial parsing enabled, no changes found, skipping parsing
[0m19:37:25.958675 [debug] [MainThread]: Sending event: {'category': 'dbt', 'action': 'load_project', 'label': '860527ab-52c4-4929-9ea3-f356629c2ab1', 'context': [<snowplow_tracker.self_describing_json.SelfDescribingJson object at 0x7cc62176de20>]}
[0m19:37:26.133303 [debug] [MainThread]: Wrote artifact WritableManifest to /usr/app/dbt/target/manifest.json
[0m19:37:26.204517 [debug] [MainThread]: Wrote artifact SemanticManifest to /usr/app/dbt/target/semantic_manifest.json
[0m19:37:26.261791 [debug] [MainThread]: Wrote artifact OsiDocument to /usr/app/dbt/target/osi_document.json
[0m19:37:26.298782 [debug] [MainThread]: Sending event: {'category': 'dbt', 'action': 'resource_counts', 'label': '860527ab-52c4-4929-9ea3-f356629c2ab1', 'context': [<snowplow_tracker.self_describing_json.SelfDescribingJson object at 0x7cc62277eea0>]}
[0m19:37:26.299627 [info ] [MainThread]: Found 6 models, 1 source, 477 macros
[0m19:37:26.302210 [info ] [MainThread]: 
[0m19:37:26.302984 [info ] [MainThread]: Concurrency: 4 threads (target='dev')
[0m19:37:26.303849 [info ] [MainThread]: 
[0m19:37:26.305394 [debug] [MainThread]: Acquiring new postgres connection 'master'
[0m19:37:26.309282 [debug] [ThreadPool]: Acquiring new postgres connection 'list_bcb'
[0m19:37:26.387788 [debug] [ThreadPool]: Using postgres connection "list_bcb"
[0m19:37:26.388865 [debug] [ThreadPool]: On list_bcb: /* {"app": "dbt", "dbt_version": "1.12.3", "profile_name": "bcb_analytics", "target_name": "dev", "connection_name": "list_bcb"} */

    select distinct nspname from pg_namespace
  
[0m19:37:26.389678 [debug] [ThreadPool]: Opening a new connection, currently in state init
[0m19:37:26.399122 [debug] [ThreadPool]: SQL status: SELECT 5 in 0.009 seconds
[0m19:37:26.400952 [debug] [ThreadPool]: On list_bcb: Close
[0m19:37:26.402229 [debug] [ThreadPool]: Re-using an available connection from the pool (formerly list_bcb, now create_bcb_analytics)
[0m19:37:26.403174 [debug] [ThreadPool]: Creating schema "database: "bcb"
schema: "analytics"
"
[0m19:37:26.407248 [debug] [ThreadPool]: Using postgres connection "create_bcb_analytics"
[0m19:37:26.408182 [debug] [ThreadPool]: On create_bcb_analytics: /* {"app": "dbt", "dbt_version": "1.12.3", "profile_name": "bcb_analytics", "target_name": "dev", "connection_name": "create_bcb_analytics"} */
create schema if not exists "analytics"
[0m19:37:26.409168 [debug] [ThreadPool]: Opening a new connection, currently in state closed
[0m19:37:26.418311 [debug] [ThreadPool]: SQL status: CREATE SCHEMA in 0.009 seconds
[0m19:37:26.419984 [debug] [ThreadPool]: On create_bcb_analytics: COMMIT
[0m19:37:26.420802 [debug] [ThreadPool]: Using postgres connection "create_bcb_analytics"
[0m19:37:26.421582 [debug] [ThreadPool]: On create_bcb_analytics: COMMIT
[0m19:37:26.423369 [debug] [ThreadPool]: SQL status: COMMIT in 0.001 seconds
[0m19:37:26.424414 [debug] [ThreadPool]: On create_bcb_analytics: Close
[0m19:37:26.426743 [debug] [ThreadPool]: Re-using an available connection from the pool (formerly create_bcb_analytics, now list_bcb_analytics)
[0m19:37:26.431523 [debug] [ThreadPool]: Using postgres connection "list_bcb_analytics"
[0m19:37:26.432486 [debug] [ThreadPool]: On list_bcb_analytics: /* {"app": "dbt", "dbt_version": "1.12.3", "profile_name": "bcb_analytics", "target_name": "dev", "connection_name": "list_bcb_analytics"} */
select
      'bcb' as database,
      tablename as name,
      schemaname as schema,
      'table' as type
    from pg_tables
    where schemaname ilike 'analytics'
    union all
    select
      'bcb' as database,
      viewname as name,
      schemaname as schema,
      'view' as type
    from pg_views
    where schemaname ilike 'analytics'
    union all
    select
      'bcb' as database,
      matviewname as name,
      schemaname as schema,
      'materialized_view' as type
    from pg_matviews
    where schemaname ilike 'analytics'
    union all
    select distinct
     'bcb' as database,
     proname as name,
     ns.nspname as schema,
     'function' as type
    from pg_proc
     join pg_namespace as ns on pronamespace = ns.oid
    where ns.nspname ilike 'analytics'
  
[0m19:37:26.433250 [debug] [ThreadPool]: Opening a new connection, currently in state closed
[0m19:37:26.445871 [debug] [ThreadPool]: SQL status: SELECT 0 in 0.013 seconds
[0m19:37:26.447529 [debug] [ThreadPool]: On list_bcb_analytics: ROLLBACK
[0m19:37:26.448533 [debug] [ThreadPool]: On list_bcb_analytics: Close
[0m19:37:26.452520 [debug] [MainThread]: Using postgres connection "master"
[0m19:37:26.453906 [debug] [MainThread]: On master: /* {"app": "dbt", "dbt_version": "1.12.3", "profile_name": "bcb_analytics", "target_name": "dev", "connection_name": "master"} */
select distinct
        dependent_namespace.nspname as dependent_schema,
        dependent_class.relname as dependent_name,
        referenced_namespace.nspname as referenced_schema,
        referenced_class.relname as referenced_name

    -- Query for views: views are entries in pg_class with an entry in pg_rewrite, but we avoid
    -- a seq scan on pg_rewrite by leveraging the fact there is an "internal" row in pg_depend for
    -- the view...
    from pg_class as dependent_class
    join pg_namespace as dependent_namespace on dependent_namespace.oid = dependent_class.relnamespace
    join pg_depend as dependent_depend on dependent_depend.refobjid = dependent_class.oid
        and dependent_depend.classid = 'pg_rewrite'::regclass
        and dependent_depend.refclassid = 'pg_class'::regclass
        and dependent_depend.deptype = 'i'

    -- ... and via pg_depend (that has a row per column, hence the need for "distinct" above, and
    -- making sure to exclude the internal row to avoid a view appearing to depend on itself)...
    join pg_depend as joining_depend on joining_depend.objid = dependent_depend.objid
        and joining_depend.classid = 'pg_rewrite'::regclass
        and joining_depend.refclassid = 'pg_class'::regclass
        and joining_depend.refobjid != dependent_depend.refobjid

    -- ... we can find the tables they query from in pg_class, but excluding system tables. Note we
    -- don't need need to exclude _dependent_ system tables, because they only query from other
    -- system tables, and so are automatically excluded by excluding _referenced_ system tables
    join pg_class as referenced_class on referenced_class.oid = joining_depend.refobjid
    join pg_namespace as referenced_namespace on referenced_namespace.oid = referenced_class.relnamespace
        and referenced_namespace.nspname != 'information_schema'
        and referenced_namespace.nspname not like 'pg\_%'

    order by
        dependent_schema, dependent_name, referenced_schema, referenced_name;
[0m19:37:26.454889 [debug] [MainThread]: Opening a new connection, currently in state init
[0m19:37:26.466140 [debug] [MainThread]: SQL status: SELECT 0 in 0.011 seconds
[0m19:37:26.467839 [debug] [MainThread]: Sending event: {'category': 'dbt', 'action': 'runnable_timing', 'label': '860527ab-52c4-4929-9ea3-f356629c2ab1', 'context': [<snowplow_tracker.self_describing_json.SelfDescribingJson object at 0x7cc623690b00>]}
[0m19:37:26.468669 [debug] [MainThread]: On master: ROLLBACK
[0m19:37:26.469581 [debug] [MainThread]: On master: COMMIT
[0m19:37:26.470275 [debug] [MainThread]: Using postgres connection "master"
[0m19:37:26.470882 [debug] [MainThread]: On master: COMMIT
[0m19:37:26.471674 [debug] [MainThread]: SQL status: COMMIT in 0.000 seconds
[0m19:37:26.472289 [debug] [MainThread]: On master: Close
[0m19:37:26.478647 [debug] [Thread-1 (]: Began running node model.bcb_analytics.stg_macro_monthly
[0m19:37:26.479743 [info ] [Thread-1 (]: 1 of 6 START sql view model analytics.stg_macro_monthly ........................ [RUN]
[0m19:37:26.480760 [debug] [Thread-1 (]: Re-using an available connection from the pool (formerly list_bcb_analytics, now model.bcb_analytics.stg_macro_monthly)
[0m19:37:26.481592 [debug] [Thread-1 (]: Began compiling node model.bcb_analytics.stg_macro_monthly
[0m19:37:26.487137 [debug] [Thread-1 (]: Writing injected SQL for node "model.bcb_analytics.stg_macro_monthly"
[0m19:37:26.542390 [debug] [Thread-1 (]: Began executing node model.bcb_analytics.stg_macro_monthly
[0m19:37:26.570804 [debug] [Thread-1 (]: Writing runtime sql for node "model.bcb_analytics.stg_macro_monthly"
[0m19:37:26.618474 [debug] [Thread-1 (]: Using postgres connection "model.bcb_analytics.stg_macro_monthly"
[0m19:37:26.619487 [debug] [Thread-1 (]: On model.bcb_analytics.stg_macro_monthly: /* {"app": "dbt", "dbt_version": "1.12.3", "profile_name": "bcb_analytics", "target_name": "dev", "node_id": "model.bcb_analytics.stg_macro_monthly"} */

  create view "bcb"."analytics"."stg_macro_monthly__dbt_tmp"
    
    
  as (
    -- Standardize the interface between the Spark-generated Gold layer
-- and the dbt transformation layer.

select

    *

from "bcb"."gold"."macro_monthly"
  );
[0m19:37:26.620324 [debug] [Thread-1 (]: Opening a new connection, currently in state closed
[0m19:37:26.633580 [debug] [Thread-1 (]: SQL status: CREATE VIEW in 0.013 seconds
[0m19:37:26.639683 [debug] [Thread-1 (]: Using postgres connection "model.bcb_analytics.stg_macro_monthly"
[0m19:37:26.640630 [debug] [Thread-1 (]: On model.bcb_analytics.stg_macro_monthly: /* {"app": "dbt", "dbt_version": "1.12.3", "profile_name": "bcb_analytics", "target_name": "dev", "node_id": "model.bcb_analytics.stg_macro_monthly"} */
alter table "bcb"."analytics"."stg_macro_monthly__dbt_tmp" rename to "stg_macro_monthly"
[0m19:37:26.641939 [debug] [Thread-1 (]: SQL status: ALTER TABLE in 0.001 seconds
[0m19:37:26.656285 [debug] [Thread-1 (]: On model.bcb_analytics.stg_macro_monthly: COMMIT
[0m19:37:26.657487 [debug] [Thread-1 (]: Using postgres connection "model.bcb_analytics.stg_macro_monthly"
[0m19:37:26.658482 [debug] [Thread-1 (]: On model.bcb_analytics.stg_macro_monthly: COMMIT
[0m19:37:26.660853 [debug] [Thread-1 (]: SQL status: COMMIT in 0.001 seconds
[0m19:37:26.667137 [debug] [Thread-1 (]: Applying DROP to: "bcb"."analytics"."stg_macro_monthly__dbt_backup"
[0m19:37:26.673298 [debug] [Thread-1 (]: Using postgres connection "model.bcb_analytics.stg_macro_monthly"
[0m19:37:26.674403 [debug] [Thread-1 (]: On model.bcb_analytics.stg_macro_monthly: /* {"app": "dbt", "dbt_version": "1.12.3", "profile_name": "bcb_analytics", "target_name": "dev", "node_id": "model.bcb_analytics.stg_macro_monthly"} */
drop view if exists "bcb"."analytics"."stg_macro_monthly__dbt_backup" cascade
[0m19:37:26.676299 [debug] [Thread-1 (]: SQL status: DROP VIEW in 0.001 seconds
[0m19:37:26.679723 [debug] [Thread-1 (]: On model.bcb_analytics.stg_macro_monthly: Close
[0m19:37:26.682068 [debug] [Thread-1 (]: Sending event: {'category': 'dbt', 'action': 'run_model', 'label': '860527ab-52c4-4929-9ea3-f356629c2ab1', 'context': [<snowplow_tracker.self_describing_json.SelfDescribingJson object at 0x7cc626b34b00>]}
[0m19:37:26.683163 [info ] [Thread-1 (]: 1 of 6 OK created sql view model analytics.stg_macro_monthly ................... [[32mCREATE VIEW[0m in 0.20s]
[0m19:37:26.684393 [debug] [Thread-1 (]: Finished running node model.bcb_analytics.stg_macro_monthly
[0m19:37:26.686005 [debug] [Thread-3 (]: Began running node model.bcb_analytics.fct_credit_pf
[0m19:37:26.686439 [debug] [Thread-4 (]: Began running node model.bcb_analytics.fct_economic_activity
[0m19:37:26.686829 [debug] [Thread-2 (]: Began running node model.bcb_analytics.fct_exchange_rate
[0m19:37:26.687597 [debug] [Thread-1 (]: Began running node model.bcb_analytics.fct_monetary_policy
[0m19:37:26.687281 [info ] [Thread-3 (]: 2 of 6 START sql table model analytics.fct_credit_pf ........................... [RUN]
[0m19:37:26.688560 [info ] [Thread-4 (]: 3 of 6 START sql table model analytics.fct_economic_activity ................... [RUN]
[0m19:37:26.689426 [info ] [Thread-2 (]: 4 of 6 START sql table model analytics.fct_exchange_rate ....................... [RUN]
[0m19:37:26.690477 [info ] [Thread-1 (]: 5 of 6 START sql table model analytics.fct_monetary_policy ..................... [RUN]
[0m19:37:26.692309 [debug] [Thread-3 (]: Acquiring new postgres connection 'model.bcb_analytics.fct_credit_pf'
[0m19:37:26.693446 [debug] [Thread-4 (]: Acquiring new postgres connection 'model.bcb_analytics.fct_economic_activity'
[0m19:37:26.694284 [debug] [Thread-2 (]: Acquiring new postgres connection 'model.bcb_analytics.fct_exchange_rate'
[0m19:37:26.695241 [debug] [Thread-1 (]: Re-using an available connection from the pool (formerly model.bcb_analytics.stg_macro_monthly, now model.bcb_analytics.fct_monetary_policy)
[0m19:37:26.695992 [debug] [Thread-3 (]: Began compiling node model.bcb_analytics.fct_credit_pf
[0m19:37:26.696778 [debug] [Thread-4 (]: Began compiling node model.bcb_analytics.fct_economic_activity
[0m19:37:26.697429 [debug] [Thread-2 (]: Began compiling node model.bcb_analytics.fct_exchange_rate
[0m19:37:26.698199 [debug] [Thread-1 (]: Began compiling node model.bcb_analytics.fct_monetary_policy
[0m19:37:26.700285 [debug] [Thread-3 (]: Writing injected SQL for node "model.bcb_analytics.fct_credit_pf"
[0m19:37:26.702395 [debug] [Thread-4 (]: Writing injected SQL for node "model.bcb_analytics.fct_economic_activity"
[0m19:37:26.705134 [debug] [Thread-2 (]: Writing injected SQL for node "model.bcb_analytics.fct_exchange_rate"
[0m19:37:26.707461 [debug] [Thread-1 (]: Writing injected SQL for node "model.bcb_analytics.fct_monetary_policy"
[0m19:37:26.714552 [debug] [Thread-4 (]: Began executing node model.bcb_analytics.fct_economic_activity
[0m19:37:26.715322 [debug] [Thread-2 (]: Began executing node model.bcb_analytics.fct_exchange_rate
[0m19:37:26.714987 [debug] [Thread-3 (]: Began executing node model.bcb_analytics.fct_credit_pf
[0m19:37:26.720880 [debug] [Thread-1 (]: Began executing node model.bcb_analytics.fct_monetary_policy
[0m19:37:26.733441 [debug] [Thread-4 (]: Writing runtime sql for node "model.bcb_analytics.fct_economic_activity"
[0m19:37:26.737526 [debug] [Thread-2 (]: Writing runtime sql for node "model.bcb_analytics.fct_exchange_rate"
[0m19:37:26.740780 [debug] [Thread-3 (]: Writing runtime sql for node "model.bcb_analytics.fct_credit_pf"
[0m19:37:26.744635 [debug] [Thread-1 (]: Writing runtime sql for node "model.bcb_analytics.fct_monetary_policy"
[0m19:37:26.751530 [debug] [Thread-4 (]: Using postgres connection "model.bcb_analytics.fct_economic_activity"
[0m19:37:26.752015 [debug] [Thread-3 (]: Using postgres connection "model.bcb_analytics.fct_credit_pf"
[0m19:37:26.752420 [debug] [Thread-1 (]: Using postgres connection "model.bcb_analytics.fct_monetary_policy"
[0m19:37:26.752795 [debug] [Thread-4 (]: On model.bcb_analytics.fct_economic_activity: /* {"app": "dbt", "dbt_version": "1.12.3", "profile_name": "bcb_analytics", "target_name": "dev", "node_id": "model.bcb_analytics.fct_economic_activity"} */

  
    

  create  table "bcb"."analytics"."fct_economic_activity__dbt_tmp"
  
  
    as
  
  (
    -- Create analytical indicators for economic activity.
-- Monthly-over-month (MoM) and year-over-year (YoY)
-- growth rates are calculated from the monthly series.

with base as (

    select

        reference_month,

        atividade_economica,
        atividade_agropecuaria,
        atividade_industria,
        atividade_servicos,
        atividade_impostos

    from "bcb"."analytics"."stg_macro_monthly"

),

features as (

    select

        *,

        -- Monthly-over-month economic activity growth
        (
            atividade_economica /
            lag(atividade_economica) over (
                order by reference_month
            ) - 1
        ) * 100 as atividade_economica_mom,

        -- Year-over-year economic activity growth
        (
            atividade_economica /
            lag(atividade_economica, 12) over (
                order by reference_month
            ) - 1
        ) * 100 as atividade_economica_yoy,

        -- Year-over-year industrial activity growth
        (
            atividade_industria /
            lag(atividade_industria, 12) over (
                order by reference_month
            ) - 1
        ) * 100 as industria_yoy,

        -- Year-over-year services activity growth
        (
            atividade_servicos /
            lag(atividade_servicos, 12) over (
                order by reference_month
            ) - 1
        ) * 100 as servicos_yoy

    from base

)

select *

from features
  );
  
[0m19:37:26.753253 [debug] [Thread-2 (]: Using postgres connection "model.bcb_analytics.fct_exchange_rate"
[0m19:37:26.753743 [debug] [Thread-3 (]: On model.bcb_analytics.fct_credit_pf: /* {"app": "dbt", "dbt_version": "1.12.3", "profile_name": "bcb_analytics", "target_name": "dev", "node_id": "model.bcb_analytics.fct_credit_pf"} */

  
    

  create  table "bcb"."analytics"."fct_credit_pf__dbt_tmp"
  
  
    as
  
  (
    -- Create analytical indicators for individual credit.
-- The model combines credit concessions, outstanding balances,
-- interest rates, and default indicators with their variations.

select

    reference_month,

    credito_concedido_pf,

    credito_livre_pf,

    saldo_credito_pessoal,

    taxa_credito_pf,

    inadimplencia_pf,

    inadimplencia_credito_pessoal_pf,

    -- Absolute monthly change in credit concessions
    credito_concedido_pf
        - lag(credito_concedido_pf) over (
            order by reference_month
        ) as credito_concedido_change,

    -- Monthly-over-month credit concession growth
    (
        credito_concedido_pf /
        lag(credito_concedido_pf) over (
            order by reference_month
        ) - 1
    ) * 100 as credito_concedido_mom,

    -- Year-over-year credit concession growth
    (
        credito_concedido_pf /
        lag(credito_concedido_pf, 12) over (
            order by reference_month
        ) - 1
    ) * 100 as credito_concedido_yoy,

    -- Absolute monthly change in the individual default rate
    inadimplencia_pf
        - lag(inadimplencia_pf) over (
            order by reference_month
        ) as inadimplencia_change

from "bcb"."analytics"."stg_macro_monthly"
  );
  
[0m19:37:26.754903 [debug] [Thread-1 (]: On model.bcb_analytics.fct_monetary_policy: /* {"app": "dbt", "dbt_version": "1.12.3", "profile_name": "bcb_analytics", "target_name": "dev", "node_id": "model.bcb_analytics.fct_monetary_policy"} */

  
    

  create  table "bcb"."analytics"."fct_monetary_policy__dbt_tmp"
  
  
    as
  
  (
    -- Create analytical indicators related to monetary policy.
-- The model derives changes in the Selic rate and the spread
-- between the effective Selic rate and its target.

select

    reference_month,

    selic,

    selic_meta,

    -- Difference between the effective Selic rate and its target
    selic - selic_meta as selic_spread,

    -- Selic rate from the previous month
    lag(selic) over (
        order by reference_month
    ) as selic_previous_month,

    -- Absolute monthly change in the Selic rate
    selic - lag(selic) over (
        order by reference_month
    ) as selic_change,

    -- Selic target from the previous month
    lag(selic_meta) over (
        order by reference_month
    ) as selic_meta_previous_month,

    -- Absolute monthly change in the Selic target
    selic_meta - lag(selic_meta) over (
        order by reference_month
    ) as selic_meta_change

from "bcb"."analytics"."stg_macro_monthly"
  );
  
[0m19:37:26.755768 [debug] [Thread-4 (]: Opening a new connection, currently in state init
[0m19:37:26.757133 [debug] [Thread-2 (]: On model.bcb_analytics.fct_exchange_rate: /* {"app": "dbt", "dbt_version": "1.12.3", "profile_name": "bcb_analytics", "target_name": "dev", "node_id": "model.bcb_analytics.fct_exchange_rate"} */

  
    

  create  table "bcb"."analytics"."fct_exchange_rate__dbt_tmp"
  
  
    as
  
  (
    -- Create analytical indicators for the BRL/USD exchange rate.
-- Daily exchange rate series have already been aggregated
-- to monthly averages by Spark.

select

    reference_month,

    dolar_compra,

    dolar_venda,

    -- Average between the purchase and selling exchange rates
    (dolar_compra + dolar_venda) / 2 as dolar_medio,

    -- Difference between selling and purchase rates
    dolar_venda - dolar_compra as spread_cambio,

    -- Absolute monthly change in the selling exchange rate
    dolar_venda
        - lag(dolar_venda) over (
            order by reference_month
        ) as cambio_change,

    -- Monthly-over-month exchange rate growth
    (
        dolar_venda /
        lag(dolar_venda) over (
            order by reference_month
        ) - 1
    ) * 100 as cambio_mom,

    -- Year-over-year exchange rate growth
    (
        dolar_venda /
        lag(dolar_venda, 12) over (
            order by reference_month
        ) - 1
    ) * 100 as cambio_yoy

from "bcb"."analytics"."stg_macro_monthly"
  );
  
[0m19:37:26.758146 [debug] [Thread-3 (]: Opening a new connection, currently in state init
[0m19:37:26.759709 [debug] [Thread-1 (]: Opening a new connection, currently in state closed
[0m19:37:26.761040 [debug] [Thread-2 (]: Opening a new connection, currently in state init
[0m19:37:26.769074 [debug] [Thread-4 (]: SQL status: SELECT 81 in 0.013 seconds
[0m19:37:26.775824 [debug] [Thread-4 (]: Using postgres connection "model.bcb_analytics.fct_economic_activity"
[0m19:37:26.776223 [debug] [Thread-3 (]: SQL status: SELECT 81 in 0.018 seconds
[0m19:37:26.776564 [debug] [Thread-1 (]: SQL status: SELECT 81 in 0.017 seconds
[0m19:37:26.776876 [debug] [Thread-2 (]: SQL status: SELECT 81 in 0.016 seconds
[0m19:37:26.777183 [debug] [Thread-4 (]: On model.bcb_analytics.fct_economic_activity: /* {"app": "dbt", "dbt_version": "1.12.3", "profile_name": "bcb_analytics", "target_name": "dev", "node_id": "model.bcb_analytics.fct_economic_activity"} */
alter table "bcb"."analytics"."fct_economic_activity__dbt_tmp" rename to "fct_economic_activity"
[0m19:37:26.780478 [debug] [Thread-3 (]: Using postgres connection "model.bcb_analytics.fct_credit_pf"
[0m19:37:26.783348 [debug] [Thread-1 (]: Using postgres connection "model.bcb_analytics.fct_monetary_policy"
[0m19:37:26.786861 [debug] [Thread-2 (]: Using postgres connection "model.bcb_analytics.fct_exchange_rate"
[0m19:37:26.788079 [debug] [Thread-4 (]: SQL status: ALTER TABLE in 0.000 seconds
[0m19:37:26.788427 [debug] [Thread-3 (]: On model.bcb_analytics.fct_credit_pf: /* {"app": "dbt", "dbt_version": "1.12.3", "profile_name": "bcb_analytics", "target_name": "dev", "node_id": "model.bcb_analytics.fct_credit_pf"} */
alter table "bcb"."analytics"."fct_credit_pf__dbt_tmp" rename to "fct_credit_pf"
[0m19:37:26.789181 [debug] [Thread-1 (]: On model.bcb_analytics.fct_monetary_policy: /* {"app": "dbt", "dbt_version": "1.12.3", "profile_name": "bcb_analytics", "target_name": "dev", "node_id": "model.bcb_analytics.fct_monetary_policy"} */
alter table "bcb"."analytics"."fct_monetary_policy__dbt_tmp" rename to "fct_monetary_policy"
[0m19:37:26.789986 [debug] [Thread-2 (]: On model.bcb_analytics.fct_exchange_rate: /* {"app": "dbt", "dbt_version": "1.12.3", "profile_name": "bcb_analytics", "target_name": "dev", "node_id": "model.bcb_analytics.fct_exchange_rate"} */
alter table "bcb"."analytics"."fct_exchange_rate__dbt_tmp" rename to "fct_exchange_rate"
[0m19:37:26.791786 [debug] [Thread-4 (]: On model.bcb_analytics.fct_economic_activity: COMMIT
[0m19:37:26.792906 [debug] [Thread-3 (]: SQL status: ALTER TABLE in 0.000 seconds
[0m19:37:26.793714 [debug] [Thread-1 (]: SQL status: ALTER TABLE in 0.000 seconds
[0m19:37:26.794408 [debug] [Thread-2 (]: SQL status: ALTER TABLE in 0.000 seconds
[0m19:37:26.794748 [debug] [Thread-4 (]: Using postgres connection "model.bcb_analytics.fct_economic_activity"
[0m19:37:26.797242 [debug] [Thread-3 (]: On model.bcb_analytics.fct_credit_pf: COMMIT
[0m19:37:26.799514 [debug] [Thread-1 (]: On model.bcb_analytics.fct_monetary_policy: COMMIT
[0m19:37:26.801567 [debug] [Thread-2 (]: On model.bcb_analytics.fct_exchange_rate: COMMIT
[0m19:37:26.802460 [debug] [Thread-4 (]: On model.bcb_analytics.fct_economic_activity: COMMIT
[0m19:37:26.803887 [debug] [Thread-3 (]: Using postgres connection "model.bcb_analytics.fct_credit_pf"
[0m19:37:26.804637 [debug] [Thread-1 (]: Using postgres connection "model.bcb_analytics.fct_monetary_policy"
[0m19:37:26.805361 [debug] [Thread-2 (]: Using postgres connection "model.bcb_analytics.fct_exchange_rate"
[0m19:37:26.806512 [debug] [Thread-3 (]: On model.bcb_analytics.fct_credit_pf: COMMIT
[0m19:37:26.807229 [debug] [Thread-1 (]: On model.bcb_analytics.fct_monetary_policy: COMMIT
[0m19:37:26.807563 [debug] [Thread-4 (]: SQL status: COMMIT in 0.001 seconds
[0m19:37:26.808299 [debug] [Thread-2 (]: On model.bcb_analytics.fct_exchange_rate: COMMIT
[0m19:37:26.810316 [debug] [Thread-3 (]: SQL status: COMMIT in 0.001 seconds
[0m19:37:26.811948 [debug] [Thread-4 (]: Applying DROP to: "bcb"."analytics"."fct_economic_activity__dbt_backup"
[0m19:37:26.812363 [debug] [Thread-1 (]: SQL status: COMMIT in 0.003 seconds
[0m19:37:26.814601 [debug] [Thread-3 (]: Applying DROP to: "bcb"."analytics"."fct_credit_pf__dbt_backup"
[0m19:37:26.815037 [debug] [Thread-2 (]: SQL status: COMMIT in 0.002 seconds
[0m19:37:26.818172 [debug] [Thread-4 (]: Using postgres connection "model.bcb_analytics.fct_economic_activity"
[0m19:37:26.820281 [debug] [Thread-1 (]: Applying DROP to: "bcb"."analytics"."fct_monetary_policy__dbt_backup"
[0m19:37:26.821507 [debug] [Thread-3 (]: Using postgres connection "model.bcb_analytics.fct_credit_pf"
[0m19:37:26.824045 [debug] [Thread-2 (]: Applying DROP to: "bcb"."analytics"."fct_exchange_rate__dbt_backup"
[0m19:37:26.825787 [debug] [Thread-4 (]: On model.bcb_analytics.fct_economic_activity: /* {"app": "dbt", "dbt_version": "1.12.3", "profile_name": "bcb_analytics", "target_name": "dev", "node_id": "model.bcb_analytics.fct_economic_activity"} */
drop table if exists "bcb"."analytics"."fct_economic_activity__dbt_backup" cascade
[0m19:37:26.826969 [debug] [Thread-1 (]: Using postgres connection "model.bcb_analytics.fct_monetary_policy"
[0m19:37:26.827828 [debug] [Thread-3 (]: On model.bcb_analytics.fct_credit_pf: /* {"app": "dbt", "dbt_version": "1.12.3", "profile_name": "bcb_analytics", "target_name": "dev", "node_id": "model.bcb_analytics.fct_credit_pf"} */
drop table if exists "bcb"."analytics"."fct_credit_pf__dbt_backup" cascade
[0m19:37:26.828852 [debug] [Thread-2 (]: Using postgres connection "model.bcb_analytics.fct_exchange_rate"
[0m19:37:26.829949 [debug] [Thread-4 (]: SQL status: DROP TABLE in 0.000 seconds
[0m19:37:26.830320 [debug] [Thread-1 (]: On model.bcb_analytics.fct_monetary_policy: /* {"app": "dbt", "dbt_version": "1.12.3", "profile_name": "bcb_analytics", "target_name": "dev", "node_id": "model.bcb_analytics.fct_monetary_policy"} */
drop table if exists "bcb"."analytics"."fct_monetary_policy__dbt_backup" cascade
[0m19:37:26.831494 [debug] [Thread-3 (]: SQL status: DROP TABLE in 0.000 seconds
[0m19:37:26.831860 [debug] [Thread-2 (]: On model.bcb_analytics.fct_exchange_rate: /* {"app": "dbt", "dbt_version": "1.12.3", "profile_name": "bcb_analytics", "target_name": "dev", "node_id": "model.bcb_analytics.fct_exchange_rate"} */
drop table if exists "bcb"."analytics"."fct_exchange_rate__dbt_backup" cascade
[0m19:37:26.833519 [debug] [Thread-4 (]: On model.bcb_analytics.fct_economic_activity: Close
[0m19:37:26.834606 [debug] [Thread-1 (]: SQL status: DROP TABLE in 0.000 seconds
[0m19:37:26.836014 [debug] [Thread-3 (]: On model.bcb_analytics.fct_credit_pf: Close
[0m19:37:26.837610 [debug] [Thread-2 (]: SQL status: DROP TABLE in 0.000 seconds
[0m19:37:26.838340 [debug] [Thread-4 (]: Sending event: {'category': 'dbt', 'action': 'run_model', 'label': '860527ab-52c4-4929-9ea3-f356629c2ab1', 'context': [<snowplow_tracker.self_describing_json.SelfDescribingJson object at 0x7cc62397b2f0>]}
[0m19:37:26.839685 [debug] [Thread-1 (]: On model.bcb_analytics.fct_monetary_policy: Close
[0m19:37:26.841318 [debug] [Thread-3 (]: Sending event: {'category': 'dbt', 'action': 'run_model', 'label': '860527ab-52c4-4929-9ea3-f356629c2ab1', 'context': [<snowplow_tracker.self_describing_json.SelfDescribingJson object at 0x7cc62397fce0>]}
[0m19:37:26.842819 [debug] [Thread-2 (]: On model.bcb_analytics.fct_exchange_rate: Close
[0m19:37:26.844785 [info ] [Thread-4 (]: 3 of 6 OK created sql table model analytics.fct_economic_activity .............. [[32mSELECT 81[0m in 0.14s]
[0m19:37:26.846298 [debug] [Thread-1 (]: Sending event: {'category': 'dbt', 'action': 'run_model', 'label': '860527ab-52c4-4929-9ea3-f356629c2ab1', 'context': [<snowplow_tracker.self_describing_json.SelfDescribingJson object at 0x7cc622b4cb90>]}
[0m19:37:26.847488 [info ] [Thread-3 (]: 2 of 6 OK created sql table model analytics.fct_credit_pf ...................... [[32mSELECT 81[0m in 0.15s]
[0m19:37:26.849242 [debug] [Thread-2 (]: Sending event: {'category': 'dbt', 'action': 'run_model', 'label': '860527ab-52c4-4929-9ea3-f356629c2ab1', 'context': [<snowplow_tracker.self_describing_json.SelfDescribingJson object at 0x7cc623980440>]}
[0m19:37:26.851668 [debug] [Thread-4 (]: Finished running node model.bcb_analytics.fct_economic_activity
[0m19:37:26.852813 [info ] [Thread-1 (]: 5 of 6 OK created sql table model analytics.fct_monetary_policy ................ [[32mSELECT 81[0m in 0.15s]
[0m19:37:26.853898 [debug] [Thread-3 (]: Finished running node model.bcb_analytics.fct_credit_pf
[0m19:37:26.855022 [info ] [Thread-2 (]: 4 of 6 OK created sql table model analytics.fct_exchange_rate .................. [[32mSELECT 81[0m in 0.15s]
[0m19:37:26.856009 [debug] [Thread-4 (]: Began running node model.bcb_analytics.mart_macro_credit_features
[0m19:37:26.857041 [debug] [Thread-1 (]: Finished running node model.bcb_analytics.fct_monetary_policy
[0m19:37:26.858509 [debug] [Thread-2 (]: Finished running node model.bcb_analytics.fct_exchange_rate
[0m19:37:26.859347 [info ] [Thread-4 (]: 6 of 6 START sql table model analytics.mart_macro_credit_features .............. [RUN]
[0m19:37:26.862138 [debug] [Thread-4 (]: Re-using an available connection from the pool (formerly model.bcb_analytics.fct_economic_activity, now model.bcb_analytics.mart_macro_credit_features)
[0m19:37:26.863677 [debug] [Thread-4 (]: Began compiling node model.bcb_analytics.mart_macro_credit_features
[0m19:37:26.866059 [debug] [Thread-4 (]: Writing injected SQL for node "model.bcb_analytics.mart_macro_credit_features"
[0m19:37:26.874240 [debug] [Thread-4 (]: Began executing node model.bcb_analytics.mart_macro_credit_features
[0m19:37:26.878272 [debug] [Thread-4 (]: Writing runtime sql for node "model.bcb_analytics.mart_macro_credit_features"
[0m19:37:26.886188 [debug] [Thread-4 (]: Using postgres connection "model.bcb_analytics.mart_macro_credit_features"
[0m19:37:26.888142 [debug] [Thread-4 (]: On model.bcb_analytics.mart_macro_credit_features: /* {"app": "dbt", "dbt_version": "1.12.3", "profile_name": "bcb_analytics", "target_name": "dev", "node_id": "model.bcb_analytics.mart_macro_credit_features"} */

  
    

  create  table "bcb"."analytics"."mart_macro_credit_features__dbt_tmp"
  
  
    as
  
  (
    -- Create a feature dataset for statistical and machine learning models.
-- Lagged macroeconomic variables are included to capture potential
-- delayed effects of economic conditions on credit risk.

select

    reference_month,

    selic,
    selic_meta,

    -- Lagged Selic features
    lag(selic, 1) over (
        order by reference_month
    ) as selic_lag_1,

    lag(selic, 3) over (
        order by reference_month
    ) as selic_lag_3,

    lag(selic, 6) over (
        order by reference_month
    ) as selic_lag_6,

    lag(selic, 12) over (
        order by reference_month
    ) as selic_lag_12,

    ipca,

    atividade_economica,

    dolar_venda,

    credito_concedido_pf,

    taxa_credito_pf,

    inadimplencia_pf,

    -- Lagged default rate features
    lag(inadimplencia_pf, 1) over (
        order by reference_month
    ) as inadimplencia_lag_1,

    lag(inadimplencia_pf, 3) over (
        order by reference_month
    ) as inadimplencia_lag_3

from "bcb"."analytics"."stg_macro_monthly"
  );
  
[0m19:37:26.889093 [debug] [Thread-4 (]: Opening a new connection, currently in state closed
[0m19:37:26.897255 [debug] [Thread-4 (]: SQL status: SELECT 81 in 0.008 seconds
[0m19:37:26.900206 [debug] [Thread-4 (]: Using postgres connection "model.bcb_analytics.mart_macro_credit_features"
[0m19:37:26.901215 [debug] [Thread-4 (]: On model.bcb_analytics.mart_macro_credit_features: /* {"app": "dbt", "dbt_version": "1.12.3", "profile_name": "bcb_analytics", "target_name": "dev", "node_id": "model.bcb_analytics.mart_macro_credit_features"} */
alter table "bcb"."analytics"."mart_macro_credit_features__dbt_tmp" rename to "mart_macro_credit_features"
[0m19:37:26.902517 [debug] [Thread-4 (]: SQL status: ALTER TABLE in 0.000 seconds
[0m19:37:26.905033 [debug] [Thread-4 (]: On model.bcb_analytics.mart_macro_credit_features: COMMIT
[0m19:37:26.905954 [debug] [Thread-4 (]: Using postgres connection "model.bcb_analytics.mart_macro_credit_features"
[0m19:37:26.906684 [debug] [Thread-4 (]: On model.bcb_analytics.mart_macro_credit_features: COMMIT
[0m19:37:26.908347 [debug] [Thread-4 (]: SQL status: COMMIT in 0.001 seconds
[0m19:37:26.910233 [debug] [Thread-4 (]: Applying DROP to: "bcb"."analytics"."mart_macro_credit_features__dbt_backup"
[0m19:37:26.911263 [debug] [Thread-4 (]: Using postgres connection "model.bcb_analytics.mart_macro_credit_features"
[0m19:37:26.912004 [debug] [Thread-4 (]: On model.bcb_analytics.mart_macro_credit_features: /* {"app": "dbt", "dbt_version": "1.12.3", "profile_name": "bcb_analytics", "target_name": "dev", "node_id": "model.bcb_analytics.mart_macro_credit_features"} */
drop table if exists "bcb"."analytics"."mart_macro_credit_features__dbt_backup" cascade
[0m19:37:26.912998 [debug] [Thread-4 (]: SQL status: DROP TABLE in 0.000 seconds
[0m19:37:26.914544 [debug] [Thread-4 (]: On model.bcb_analytics.mart_macro_credit_features: Close
[0m19:37:26.915546 [debug] [Thread-4 (]: Sending event: {'category': 'dbt', 'action': 'run_model', 'label': '860527ab-52c4-4929-9ea3-f356629c2ab1', 'context': [<snowplow_tracker.self_describing_json.SelfDescribingJson object at 0x7cc6238d32f0>]}
[0m19:37:26.916889 [info ] [Thread-4 (]: 6 of 6 OK created sql table model analytics.mart_macro_credit_features ......... [[32mSELECT 81[0m in 0.05s]
[0m19:37:26.918285 [debug] [Thread-4 (]: Finished running node model.bcb_analytics.mart_macro_credit_features
[0m19:37:26.920733 [debug] [MainThread]: On master: COMMIT
[0m19:37:26.921531 [debug] [MainThread]: Using postgres connection "master"
[0m19:37:26.922175 [debug] [MainThread]: On master: COMMIT
[0m19:37:26.922764 [debug] [MainThread]: Opening a new connection, currently in state closed
[0m19:37:26.929212 [debug] [MainThread]: SQL status: COMMIT in 0.006 seconds
[0m19:37:26.930508 [debug] [MainThread]: On master: Close
[0m19:37:26.931568 [debug] [MainThread]: Connection 'master' was properly closed.
[0m19:37:26.932305 [debug] [MainThread]: Connection 'model.bcb_analytics.fct_monetary_policy' was properly closed.
[0m19:37:26.933109 [debug] [MainThread]: Connection 'model.bcb_analytics.fct_credit_pf' was properly closed.
[0m19:37:26.933741 [debug] [MainThread]: Connection 'model.bcb_analytics.mart_macro_credit_features' was properly closed.
[0m19:37:26.934296 [debug] [MainThread]: Connection 'model.bcb_analytics.fct_exchange_rate' was properly closed.
[0m19:37:26.934960 [info ] [MainThread]: 
[0m19:37:26.935692 [info ] [MainThread]: Finished running 5 table models, 1 view model in 0 hours 0 minutes and 0.63 seconds (0.63s).
[0m19:37:26.937884 [debug] [MainThread]: Command end result
[0m19:37:27.015085 [debug] [MainThread]: Wrote artifact WritableManifest to /usr/app/dbt/target/manifest.json
[0m19:37:27.066432 [debug] [MainThread]: Wrote artifact SemanticManifest to /usr/app/dbt/target/semantic_manifest.json
[0m19:37:27.111503 [debug] [MainThread]: Wrote artifact OsiDocument to /usr/app/dbt/target/osi_document.json
[0m19:37:27.123030 [debug] [MainThread]: Wrote artifact RunExecutionResult to /usr/app/dbt/target/run_results.json
[0m19:37:27.123733 [info ] [MainThread]: 
[0m19:37:27.124418 [info ] [MainThread]: [32mCompleted successfully[0m
[0m19:37:27.125509 [info ] [MainThread]: 
[0m19:37:27.126361 [info ] [MainThread]: Done. PASS=6 WARN=0 ERROR=0 SKIP=0 NO-OP=0 REUSED=0 TOTAL=6
[0m19:37:27.129157 [debug] [MainThread]: Resource report: {"command_name": "build", "command_success": true, "command_wall_clock_time": 1.9089712, "process_in_blocks": "8563", "process_kernel_time": 0.293859, "process_mem_max_rss": "138884", "process_out_blocks": "2200", "process_user_time": 2.181806}
[0m19:37:27.130328 [debug] [MainThread]: Command `dbt build` succeeded at 19:37:27.130163 after 1.91 seconds
[0m19:37:27.131272 [debug] [MainThread]: Sending event: {'category': 'dbt', 'action': 'invocation', 'label': 'end', 'context': [<snowplow_tracker.self_describing_json.SelfDescribingJson object at 0x7cc62470bd40>, <snowplow_tracker.self_describing_json.SelfDescribingJson object at 0x7cc621789760>, <snowplow_tracker.self_describing_json.SelfDescribingJson object at 0x7cc6256c2ed0>]}
[0m19:37:27.132047 [debug] [MainThread]: Flushing usage events
[0m19:37:27.855704 [debug] [MainThread]: An error was encountered while trying to flush usage events
[0m19:38:32.857538 [debug] [MainThread]: Sending event: {'category': 'dbt', 'action': 'invocation', 'label': 'start', 'context': [<snowplow_tracker.self_describing_json.SelfDescribingJson object at 0x7d6351b72660>, <snowplow_tracker.self_describing_json.SelfDescribingJson object at 0x7d63502239b0>, <snowplow_tracker.self_describing_json.SelfDescribingJson object at 0x7d6350223ad0>]}


============================== 19:38:32.860791 | 0e0e6020-9c81-4e7e-8150-6bd5ea6b6808 ==============================
[0m19:38:32.860791 [info ] [MainThread]: Running with dbt=1.12.3
[0m19:38:32.861744 [debug] [MainThread]: running dbt with arguments {'quiet': 'False', 'profiles_dir': '/usr/app/dbt', 'use_colors': 'True', 'introspect': 'True', 'log_format': 'default', 'indirect_selection': 'eager', 'hints_enabled': 'True', 'cache_selected_only': 'False', 'empty': 'False', 'write_json': 'True', 'log_path': '/usr/app/dbt/logs', 'printer_width': '80', 'send_anonymous_usage_stats': 'True', 'warn_error': 'None', 'debug': 'False', 'invocation_command': 'dbt build', 'log_cache_events': 'False', 'no_print': 'None', 'use_experimental_parser': 'False', 'target_path': 'None', 'version_check': 'True', 'fail_fast': 'False', 'warn_error_options': 'WarnErrorOptionsV2(error=[], warn=[], silence=[])', 'static_parser': 'True', 'maximum_seed_size_mib': '1', 'partial_parse': 'True'}
[0m19:38:33.015559 [debug] [MainThread]: Sending event: {'category': 'dbt', 'action': 'project_id', 'label': '0e0e6020-9c81-4e7e-8150-6bd5ea6b6808', 'context': [<snowplow_tracker.self_describing_json.SelfDescribingJson object at 0x7d63516a1340>]}
[0m19:38:33.073510 [debug] [MainThread]: Sending event: {'category': 'dbt', 'action': 'adapter_info', 'label': '0e0e6020-9c81-4e7e-8150-6bd5ea6b6808', 'context': [<snowplow_tracker.self_describing_json.SelfDescribingJson object at 0x7d634e380470>]}
[0m19:38:33.075444 [info ] [MainThread]: Registered adapter: postgres=1.11.0
[0m19:38:33.130287 [debug] [MainThread]: checksum: 93f3c84ce504663c4776f7735972647e04db2733b90ae0c7a023176aa6e7f35b, vars: {}, profile: bcb_analytics, target: dev, version: 1.12.3
[0m19:38:33.359737 [debug] [MainThread]: Partial parsing enabled: 0 files deleted, 0 files added, 0 files changed.
[0m19:38:33.360915 [debug] [MainThread]: Nothing changed, skipping partial parsing.
[0m19:38:33.361897 [debug] [MainThread]: Partial parsing enabled, no changes found, skipping parsing
[0m19:38:33.370106 [debug] [MainThread]: Sending event: {'category': 'dbt', 'action': 'load_project', 'label': '0e0e6020-9c81-4e7e-8150-6bd5ea6b6808', 'context': [<snowplow_tracker.self_describing_json.SelfDescribingJson object at 0x7d634cf4ed20>]}
[0m19:38:33.505932 [debug] [MainThread]: Wrote artifact WritableManifest to /usr/app/dbt/target/manifest.json
[0m19:38:33.573461 [debug] [MainThread]: Wrote artifact SemanticManifest to /usr/app/dbt/target/semantic_manifest.json
[0m19:38:33.626549 [debug] [MainThread]: Wrote artifact OsiDocument to /usr/app/dbt/target/osi_document.json
[0m19:38:33.655203 [debug] [MainThread]: Sending event: {'category': 'dbt', 'action': 'resource_counts', 'label': '0e0e6020-9c81-4e7e-8150-6bd5ea6b6808', 'context': [<snowplow_tracker.self_describing_json.SelfDescribingJson object at 0x7d634bf54830>]}
[0m19:38:33.656333 [info ] [MainThread]: Found 6 models, 1 source, 477 macros
[0m19:38:33.659114 [info ] [MainThread]: 
[0m19:38:33.660094 [info ] [MainThread]: Concurrency: 4 threads (target='dev')
[0m19:38:33.661196 [info ] [MainThread]: 
[0m19:38:33.662587 [debug] [MainThread]: Acquiring new postgres connection 'master'
[0m19:38:33.667212 [debug] [ThreadPool]: Acquiring new postgres connection 'list_bcb'
[0m19:38:33.744191 [debug] [ThreadPool]: Using postgres connection "list_bcb"
[0m19:38:33.745315 [debug] [ThreadPool]: On list_bcb: /* {"app": "dbt", "dbt_version": "1.12.3", "profile_name": "bcb_analytics", "target_name": "dev", "connection_name": "list_bcb"} */

    select distinct nspname from pg_namespace
  
[0m19:38:33.746315 [debug] [ThreadPool]: Opening a new connection, currently in state init
[0m19:38:33.755087 [debug] [ThreadPool]: SQL status: SELECT 6 in 0.009 seconds
[0m19:38:33.756988 [debug] [ThreadPool]: On list_bcb: Close
[0m19:38:33.759424 [debug] [ThreadPool]: Re-using an available connection from the pool (formerly list_bcb, now list_bcb_analytics)
[0m19:38:33.765320 [debug] [ThreadPool]: Using postgres connection "list_bcb_analytics"
[0m19:38:33.766561 [debug] [ThreadPool]: On list_bcb_analytics: /* {"app": "dbt", "dbt_version": "1.12.3", "profile_name": "bcb_analytics", "target_name": "dev", "connection_name": "list_bcb_analytics"} */
select
      'bcb' as database,
      tablename as name,
      schemaname as schema,
      'table' as type
    from pg_tables
    where schemaname ilike 'analytics'
    union all
    select
      'bcb' as database,
      viewname as name,
      schemaname as schema,
      'view' as type
    from pg_views
    where schemaname ilike 'analytics'
    union all
    select
      'bcb' as database,
      matviewname as name,
      schemaname as schema,
      'materialized_view' as type
    from pg_matviews
    where schemaname ilike 'analytics'
    union all
    select distinct
     'bcb' as database,
     proname as name,
     ns.nspname as schema,
     'function' as type
    from pg_proc
     join pg_namespace as ns on pronamespace = ns.oid
    where ns.nspname ilike 'analytics'
  
[0m19:38:33.767357 [debug] [ThreadPool]: Opening a new connection, currently in state closed
[0m19:38:33.777342 [debug] [ThreadPool]: SQL status: SELECT 6 in 0.010 seconds
[0m19:38:33.779455 [debug] [ThreadPool]: On list_bcb_analytics: ROLLBACK
[0m19:38:33.780584 [debug] [ThreadPool]: On list_bcb_analytics: Close
[0m19:38:33.784756 [debug] [MainThread]: Using postgres connection "master"
[0m19:38:33.785822 [debug] [MainThread]: On master: /* {"app": "dbt", "dbt_version": "1.12.3", "profile_name": "bcb_analytics", "target_name": "dev", "connection_name": "master"} */
select distinct
        dependent_namespace.nspname as dependent_schema,
        dependent_class.relname as dependent_name,
        referenced_namespace.nspname as referenced_schema,
        referenced_class.relname as referenced_name

    -- Query for views: views are entries in pg_class with an entry in pg_rewrite, but we avoid
    -- a seq scan on pg_rewrite by leveraging the fact there is an "internal" row in pg_depend for
    -- the view...
    from pg_class as dependent_class
    join pg_namespace as dependent_namespace on dependent_namespace.oid = dependent_class.relnamespace
    join pg_depend as dependent_depend on dependent_depend.refobjid = dependent_class.oid
        and dependent_depend.classid = 'pg_rewrite'::regclass
        and dependent_depend.refclassid = 'pg_class'::regclass
        and dependent_depend.deptype = 'i'

    -- ... and via pg_depend (that has a row per column, hence the need for "distinct" above, and
    -- making sure to exclude the internal row to avoid a view appearing to depend on itself)...
    join pg_depend as joining_depend on joining_depend.objid = dependent_depend.objid
        and joining_depend.classid = 'pg_rewrite'::regclass
        and joining_depend.refclassid = 'pg_class'::regclass
        and joining_depend.refobjid != dependent_depend.refobjid

    -- ... we can find the tables they query from in pg_class, but excluding system tables. Note we
    -- don't need need to exclude _dependent_ system tables, because they only query from other
    -- system tables, and so are automatically excluded by excluding _referenced_ system tables
    join pg_class as referenced_class on referenced_class.oid = joining_depend.refobjid
    join pg_namespace as referenced_namespace on referenced_namespace.oid = referenced_class.relnamespace
        and referenced_namespace.nspname != 'information_schema'
        and referenced_namespace.nspname not like 'pg\_%'

    order by
        dependent_schema, dependent_name, referenced_schema, referenced_name;
[0m19:38:33.787068 [debug] [MainThread]: Opening a new connection, currently in state init
[0m19:38:33.795827 [debug] [MainThread]: SQL status: SELECT 1 in 0.009 seconds
[0m19:38:33.797687 [debug] [MainThread]: Sending event: {'category': 'dbt', 'action': 'runnable_timing', 'label': '0e0e6020-9c81-4e7e-8150-6bd5ea6b6808', 'context': [<snowplow_tracker.self_describing_json.SelfDescribingJson object at 0x7d634bf91880>]}
[0m19:38:33.798594 [debug] [MainThread]: On master: ROLLBACK
[0m19:38:33.799834 [debug] [MainThread]: On master: COMMIT
[0m19:38:33.801293 [debug] [MainThread]: Using postgres connection "master"
[0m19:38:33.802878 [debug] [MainThread]: On master: COMMIT
[0m19:38:33.804489 [debug] [MainThread]: SQL status: COMMIT in 0.000 seconds
[0m19:38:33.805269 [debug] [MainThread]: On master: Close
[0m19:38:33.808640 [debug] [Thread-1 (]: Began running node model.bcb_analytics.stg_macro_monthly
[0m19:38:33.809766 [info ] [Thread-1 (]: 1 of 6 START sql view model analytics.stg_macro_monthly ........................ [RUN]
[0m19:38:33.810681 [debug] [Thread-1 (]: Re-using an available connection from the pool (formerly list_bcb_analytics, now model.bcb_analytics.stg_macro_monthly)
[0m19:38:33.811523 [debug] [Thread-1 (]: Began compiling node model.bcb_analytics.stg_macro_monthly
[0m19:38:33.817810 [debug] [Thread-1 (]: Writing injected SQL for node "model.bcb_analytics.stg_macro_monthly"
[0m19:38:33.889588 [debug] [Thread-1 (]: Began executing node model.bcb_analytics.stg_macro_monthly
[0m19:38:33.921526 [debug] [Thread-1 (]: Writing runtime sql for node "model.bcb_analytics.stg_macro_monthly"
[0m19:38:33.970542 [debug] [Thread-1 (]: Using postgres connection "model.bcb_analytics.stg_macro_monthly"
[0m19:38:33.971468 [debug] [Thread-1 (]: On model.bcb_analytics.stg_macro_monthly: /* {"app": "dbt", "dbt_version": "1.12.3", "profile_name": "bcb_analytics", "target_name": "dev", "node_id": "model.bcb_analytics.stg_macro_monthly"} */

  create view "bcb"."analytics"."stg_macro_monthly__dbt_tmp"
    
    
  as (
    -- Standardize the interface between the Spark-generated Gold layer
-- and the dbt transformation layer.

select

    *

from "bcb"."gold"."macro_monthly"
  );
[0m19:38:33.972211 [debug] [Thread-1 (]: Opening a new connection, currently in state closed
[0m19:38:33.980907 [debug] [Thread-1 (]: SQL status: CREATE VIEW in 0.009 seconds
[0m19:38:33.987146 [debug] [Thread-1 (]: Using postgres connection "model.bcb_analytics.stg_macro_monthly"
[0m19:38:33.988615 [debug] [Thread-1 (]: On model.bcb_analytics.stg_macro_monthly: /* {"app": "dbt", "dbt_version": "1.12.3", "profile_name": "bcb_analytics", "target_name": "dev", "node_id": "model.bcb_analytics.stg_macro_monthly"} */
alter table "bcb"."analytics"."stg_macro_monthly" rename to "stg_macro_monthly__dbt_backup"
[0m19:38:33.990454 [debug] [Thread-1 (]: SQL status: ALTER TABLE in 0.000 seconds
[0m19:38:33.993004 [debug] [Thread-1 (]: Using postgres connection "model.bcb_analytics.stg_macro_monthly"
[0m19:38:33.994176 [debug] [Thread-1 (]: On model.bcb_analytics.stg_macro_monthly: /* {"app": "dbt", "dbt_version": "1.12.3", "profile_name": "bcb_analytics", "target_name": "dev", "node_id": "model.bcb_analytics.stg_macro_monthly"} */
alter table "bcb"."analytics"."stg_macro_monthly__dbt_tmp" rename to "stg_macro_monthly"
[0m19:38:33.995429 [debug] [Thread-1 (]: SQL status: ALTER TABLE in 0.000 seconds
[0m19:38:34.011294 [debug] [Thread-1 (]: On model.bcb_analytics.stg_macro_monthly: COMMIT
[0m19:38:34.012513 [debug] [Thread-1 (]: Using postgres connection "model.bcb_analytics.stg_macro_monthly"
[0m19:38:34.013822 [debug] [Thread-1 (]: On model.bcb_analytics.stg_macro_monthly: COMMIT
[0m19:38:34.016714 [debug] [Thread-1 (]: SQL status: COMMIT in 0.002 seconds
[0m19:38:34.021967 [debug] [Thread-1 (]: Applying DROP to: "bcb"."analytics"."stg_macro_monthly__dbt_backup"
[0m19:38:34.028308 [debug] [Thread-1 (]: Using postgres connection "model.bcb_analytics.stg_macro_monthly"
[0m19:38:34.029661 [debug] [Thread-1 (]: On model.bcb_analytics.stg_macro_monthly: /* {"app": "dbt", "dbt_version": "1.12.3", "profile_name": "bcb_analytics", "target_name": "dev", "node_id": "model.bcb_analytics.stg_macro_monthly"} */
drop view if exists "bcb"."analytics"."stg_macro_monthly__dbt_backup" cascade
[0m19:38:34.035266 [debug] [Thread-1 (]: SQL status: DROP VIEW in 0.005 seconds
[0m19:38:34.037966 [debug] [Thread-1 (]: On model.bcb_analytics.stg_macro_monthly: Close
[0m19:38:34.039950 [debug] [Thread-1 (]: Sending event: {'category': 'dbt', 'action': 'run_model', 'label': '0e0e6020-9c81-4e7e-8150-6bd5ea6b6808', 'context': [<snowplow_tracker.self_describing_json.SelfDescribingJson object at 0x7d63516a06b0>]}
[0m19:38:34.041913 [info ] [Thread-1 (]: 1 of 6 OK created sql view model analytics.stg_macro_monthly ................... [[32mCREATE VIEW[0m in 0.23s]
[0m19:38:34.043373 [debug] [Thread-1 (]: Finished running node model.bcb_analytics.stg_macro_monthly
[0m19:38:34.045205 [debug] [Thread-3 (]: Began running node model.bcb_analytics.fct_credit_pf
[0m19:38:34.045604 [debug] [Thread-4 (]: Began running node model.bcb_analytics.fct_economic_activity
[0m19:38:34.046001 [debug] [Thread-2 (]: Began running node model.bcb_analytics.fct_exchange_rate
[0m19:38:34.046313 [debug] [Thread-1 (]: Began running node model.bcb_analytics.fct_monetary_policy
[0m19:38:34.046746 [info ] [Thread-3 (]: 2 of 6 START sql table model analytics.fct_credit_pf ........................... [RUN]
[0m19:38:34.047659 [info ] [Thread-4 (]: 3 of 6 START sql table model analytics.fct_economic_activity ................... [RUN]
[0m19:38:34.048557 [info ] [Thread-2 (]: 4 of 6 START sql table model analytics.fct_exchange_rate ....................... [RUN]
[0m19:38:34.049689 [info ] [Thread-1 (]: 5 of 6 START sql table model analytics.fct_monetary_policy ..................... [RUN]
[0m19:38:34.050647 [debug] [Thread-3 (]: Acquiring new postgres connection 'model.bcb_analytics.fct_credit_pf'
[0m19:38:34.051475 [debug] [Thread-4 (]: Acquiring new postgres connection 'model.bcb_analytics.fct_economic_activity'
[0m19:38:34.052263 [debug] [Thread-2 (]: Acquiring new postgres connection 'model.bcb_analytics.fct_exchange_rate'
[0m19:38:34.053399 [debug] [Thread-1 (]: Re-using an available connection from the pool (formerly model.bcb_analytics.stg_macro_monthly, now model.bcb_analytics.fct_monetary_policy)
[0m19:38:34.054991 [debug] [Thread-3 (]: Began compiling node model.bcb_analytics.fct_credit_pf
[0m19:38:34.055890 [debug] [Thread-4 (]: Began compiling node model.bcb_analytics.fct_economic_activity
[0m19:38:34.056661 [debug] [Thread-2 (]: Began compiling node model.bcb_analytics.fct_exchange_rate
[0m19:38:34.057369 [debug] [Thread-1 (]: Began compiling node model.bcb_analytics.fct_monetary_policy
[0m19:38:34.059791 [debug] [Thread-3 (]: Writing injected SQL for node "model.bcb_analytics.fct_credit_pf"
[0m19:38:34.062887 [debug] [Thread-4 (]: Writing injected SQL for node "model.bcb_analytics.fct_economic_activity"
[0m19:38:34.064903 [debug] [Thread-2 (]: Writing injected SQL for node "model.bcb_analytics.fct_exchange_rate"
[0m19:38:34.067171 [debug] [Thread-1 (]: Writing injected SQL for node "model.bcb_analytics.fct_monetary_policy"
[0m19:38:34.073514 [debug] [Thread-2 (]: Began executing node model.bcb_analytics.fct_exchange_rate
[0m19:38:34.079876 [debug] [Thread-4 (]: Began executing node model.bcb_analytics.fct_economic_activity
[0m19:38:34.080591 [debug] [Thread-1 (]: Began executing node model.bcb_analytics.fct_monetary_policy
[0m19:38:34.081252 [debug] [Thread-3 (]: Began executing node model.bcb_analytics.fct_credit_pf
[0m19:38:34.099088 [debug] [Thread-2 (]: Writing runtime sql for node "model.bcb_analytics.fct_exchange_rate"
[0m19:38:34.100591 [debug] [Thread-4 (]: Writing runtime sql for node "model.bcb_analytics.fct_economic_activity"
[0m19:38:34.103659 [debug] [Thread-1 (]: Writing runtime sql for node "model.bcb_analytics.fct_monetary_policy"
[0m19:38:34.106820 [debug] [Thread-3 (]: Writing runtime sql for node "model.bcb_analytics.fct_credit_pf"
[0m19:38:34.115517 [debug] [Thread-2 (]: Using postgres connection "model.bcb_analytics.fct_exchange_rate"
[0m19:38:34.115990 [debug] [Thread-4 (]: Using postgres connection "model.bcb_analytics.fct_economic_activity"
[0m19:38:34.116380 [debug] [Thread-2 (]: On model.bcb_analytics.fct_exchange_rate: /* {"app": "dbt", "dbt_version": "1.12.3", "profile_name": "bcb_analytics", "target_name": "dev", "node_id": "model.bcb_analytics.fct_exchange_rate"} */

  
    

  create  table "bcb"."analytics"."fct_exchange_rate__dbt_tmp"
  
  
    as
  
  (
    -- Create analytical indicators for the BRL/USD exchange rate.
-- Daily exchange rate series have already been aggregated
-- to monthly averages by Spark.

select

    reference_month,

    dolar_compra,

    dolar_venda,

    -- Average between the purchase and selling exchange rates
    (dolar_compra + dolar_venda) / 2 as dolar_medio,

    -- Difference between selling and purchase rates
    dolar_venda - dolar_compra as spread_cambio,

    -- Absolute monthly change in the selling exchange rate
    dolar_venda
        - lag(dolar_venda) over (
            order by reference_month
        ) as cambio_change,

    -- Monthly-over-month exchange rate growth
    (
        dolar_venda /
        lag(dolar_venda) over (
            order by reference_month
        ) - 1
    ) * 100 as cambio_mom,

    -- Year-over-year exchange rate growth
    (
        dolar_venda /
        lag(dolar_venda, 12) over (
            order by reference_month
        ) - 1
    ) * 100 as cambio_yoy

from "bcb"."analytics"."stg_macro_monthly"
  );
  
[0m19:38:34.116813 [debug] [Thread-3 (]: Using postgres connection "model.bcb_analytics.fct_credit_pf"
[0m19:38:34.117148 [debug] [Thread-1 (]: Using postgres connection "model.bcb_analytics.fct_monetary_policy"
[0m19:38:34.117477 [debug] [Thread-4 (]: On model.bcb_analytics.fct_economic_activity: /* {"app": "dbt", "dbt_version": "1.12.3", "profile_name": "bcb_analytics", "target_name": "dev", "node_id": "model.bcb_analytics.fct_economic_activity"} */

  
    

  create  table "bcb"."analytics"."fct_economic_activity__dbt_tmp"
  
  
    as
  
  (
    -- Create analytical indicators for economic activity.
-- Monthly-over-month (MoM) and year-over-year (YoY)
-- growth rates are calculated from the monthly series.

with base as (

    select

        reference_month,

        atividade_economica,
        atividade_agropecuaria,
        atividade_industria,
        atividade_servicos,
        atividade_impostos

    from "bcb"."analytics"."stg_macro_monthly"

),

features as (

    select

        *,

        -- Monthly-over-month economic activity growth
        (
            atividade_economica /
            lag(atividade_economica) over (
                order by reference_month
            ) - 1
        ) * 100 as atividade_economica_mom,

        -- Year-over-year economic activity growth
        (
            atividade_economica /
            lag(atividade_economica, 12) over (
                order by reference_month
            ) - 1
        ) * 100 as atividade_economica_yoy,

        -- Year-over-year industrial activity growth
        (
            atividade_industria /
            lag(atividade_industria, 12) over (
                order by reference_month
            ) - 1
        ) * 100 as industria_yoy,

        -- Year-over-year services activity growth
        (
            atividade_servicos /
            lag(atividade_servicos, 12) over (
                order by reference_month
            ) - 1
        ) * 100 as servicos_yoy

    from base

)

select *

from features
  );
  
[0m19:38:34.118178 [debug] [Thread-2 (]: Opening a new connection, currently in state init
[0m19:38:34.118963 [debug] [Thread-3 (]: On model.bcb_analytics.fct_credit_pf: /* {"app": "dbt", "dbt_version": "1.12.3", "profile_name": "bcb_analytics", "target_name": "dev", "node_id": "model.bcb_analytics.fct_credit_pf"} */

  
    

  create  table "bcb"."analytics"."fct_credit_pf__dbt_tmp"
  
  
    as
  
  (
    -- Create analytical indicators for individual credit.
-- The model combines credit concessions, outstanding balances,
-- interest rates, and default indicators with their variations.

select

    reference_month,

    credito_concedido_pf,

    credito_livre_pf,

    saldo_credito_pessoal,

    taxa_credito_pf,

    inadimplencia_pf,

    inadimplencia_credito_pessoal_pf,

    -- Absolute monthly change in credit concessions
    credito_concedido_pf
        - lag(credito_concedido_pf) over (
            order by reference_month
        ) as credito_concedido_change,

    -- Monthly-over-month credit concession growth
    (
        credito_concedido_pf /
        lag(credito_concedido_pf) over (
            order by reference_month
        ) - 1
    ) * 100 as credito_concedido_mom,

    -- Year-over-year credit concession growth
    (
        credito_concedido_pf /
        lag(credito_concedido_pf, 12) over (
            order by reference_month
        ) - 1
    ) * 100 as credito_concedido_yoy,

    -- Absolute monthly change in the individual default rate
    inadimplencia_pf
        - lag(inadimplencia_pf) over (
            order by reference_month
        ) as inadimplencia_change

from "bcb"."analytics"."stg_macro_monthly"
  );
  
[0m19:38:34.120060 [debug] [Thread-1 (]: On model.bcb_analytics.fct_monetary_policy: /* {"app": "dbt", "dbt_version": "1.12.3", "profile_name": "bcb_analytics", "target_name": "dev", "node_id": "model.bcb_analytics.fct_monetary_policy"} */

  
    

  create  table "bcb"."analytics"."fct_monetary_policy__dbt_tmp"
  
  
    as
  
  (
    -- Create analytical indicators related to monetary policy.
-- The model derives changes in the Selic rate and the spread
-- between the effective Selic rate and its target.

select

    reference_month,

    selic,

    selic_meta,

    -- Difference between the effective Selic rate and its target
    selic - selic_meta as selic_spread,

    -- Selic rate from the previous month
    lag(selic) over (
        order by reference_month
    ) as selic_previous_month,

    -- Absolute monthly change in the Selic rate
    selic - lag(selic) over (
        order by reference_month
    ) as selic_change,

    -- Selic target from the previous month
    lag(selic_meta) over (
        order by reference_month
    ) as selic_meta_previous_month,

    -- Absolute monthly change in the Selic target
    selic_meta - lag(selic_meta) over (
        order by reference_month
    ) as selic_meta_change

from "bcb"."analytics"."stg_macro_monthly"
  );
  
[0m19:38:34.121460 [debug] [Thread-4 (]: Opening a new connection, currently in state init
[0m19:38:34.122804 [debug] [Thread-3 (]: Opening a new connection, currently in state init
[0m19:38:34.123550 [debug] [Thread-1 (]: Opening a new connection, currently in state closed
[0m19:38:34.130437 [debug] [Thread-2 (]: SQL status: SELECT 81 in 0.012 seconds
[0m19:38:34.136681 [debug] [Thread-2 (]: Using postgres connection "model.bcb_analytics.fct_exchange_rate"
[0m19:38:34.137225 [debug] [Thread-3 (]: SQL status: SELECT 81 in 0.014 seconds
[0m19:38:34.137602 [debug] [Thread-1 (]: SQL status: SELECT 81 in 0.014 seconds
[0m19:38:34.137936 [debug] [Thread-4 (]: SQL status: SELECT 81 in 0.017 seconds
[0m19:38:34.138262 [debug] [Thread-2 (]: On model.bcb_analytics.fct_exchange_rate: /* {"app": "dbt", "dbt_version": "1.12.3", "profile_name": "bcb_analytics", "target_name": "dev", "node_id": "model.bcb_analytics.fct_exchange_rate"} */
alter table "bcb"."analytics"."fct_exchange_rate" rename to "fct_exchange_rate__dbt_backup"
[0m19:38:34.140754 [debug] [Thread-3 (]: Using postgres connection "model.bcb_analytics.fct_credit_pf"
[0m19:38:34.143124 [debug] [Thread-1 (]: Using postgres connection "model.bcb_analytics.fct_monetary_policy"
[0m19:38:34.145636 [debug] [Thread-4 (]: Using postgres connection "model.bcb_analytics.fct_economic_activity"
[0m19:38:34.147460 [debug] [Thread-2 (]: SQL status: ALTER TABLE in 0.001 seconds
[0m19:38:34.148040 [debug] [Thread-3 (]: On model.bcb_analytics.fct_credit_pf: /* {"app": "dbt", "dbt_version": "1.12.3", "profile_name": "bcb_analytics", "target_name": "dev", "node_id": "model.bcb_analytics.fct_credit_pf"} */
alter table "bcb"."analytics"."fct_credit_pf" rename to "fct_credit_pf__dbt_backup"
[0m19:38:34.149263 [debug] [Thread-1 (]: On model.bcb_analytics.fct_monetary_policy: /* {"app": "dbt", "dbt_version": "1.12.3", "profile_name": "bcb_analytics", "target_name": "dev", "node_id": "model.bcb_analytics.fct_monetary_policy"} */
alter table "bcb"."analytics"."fct_monetary_policy" rename to "fct_monetary_policy__dbt_backup"
[0m19:38:34.150187 [debug] [Thread-4 (]: On model.bcb_analytics.fct_economic_activity: /* {"app": "dbt", "dbt_version": "1.12.3", "profile_name": "bcb_analytics", "target_name": "dev", "node_id": "model.bcb_analytics.fct_economic_activity"} */
alter table "bcb"."analytics"."fct_economic_activity" rename to "fct_economic_activity__dbt_backup"
[0m19:38:34.152497 [debug] [Thread-2 (]: Using postgres connection "model.bcb_analytics.fct_exchange_rate"
[0m19:38:34.153691 [debug] [Thread-3 (]: SQL status: ALTER TABLE in 0.000 seconds
[0m19:38:34.154405 [debug] [Thread-1 (]: SQL status: ALTER TABLE in 0.000 seconds
[0m19:38:34.155074 [debug] [Thread-4 (]: SQL status: ALTER TABLE in 0.000 seconds
[0m19:38:34.155429 [debug] [Thread-2 (]: On model.bcb_analytics.fct_exchange_rate: /* {"app": "dbt", "dbt_version": "1.12.3", "profile_name": "bcb_analytics", "target_name": "dev", "node_id": "model.bcb_analytics.fct_exchange_rate"} */
alter table "bcb"."analytics"."fct_exchange_rate__dbt_tmp" rename to "fct_exchange_rate"
[0m19:38:34.157776 [debug] [Thread-3 (]: Using postgres connection "model.bcb_analytics.fct_credit_pf"
[0m19:38:34.160089 [debug] [Thread-1 (]: Using postgres connection "model.bcb_analytics.fct_monetary_policy"
[0m19:38:34.163055 [debug] [Thread-4 (]: Using postgres connection "model.bcb_analytics.fct_economic_activity"
[0m19:38:34.164693 [debug] [Thread-2 (]: SQL status: ALTER TABLE in 0.000 seconds
[0m19:38:34.165031 [debug] [Thread-3 (]: On model.bcb_analytics.fct_credit_pf: /* {"app": "dbt", "dbt_version": "1.12.3", "profile_name": "bcb_analytics", "target_name": "dev", "node_id": "model.bcb_analytics.fct_credit_pf"} */
alter table "bcb"."analytics"."fct_credit_pf__dbt_tmp" rename to "fct_credit_pf"
[0m19:38:34.165934 [debug] [Thread-1 (]: On model.bcb_analytics.fct_monetary_policy: /* {"app": "dbt", "dbt_version": "1.12.3", "profile_name": "bcb_analytics", "target_name": "dev", "node_id": "model.bcb_analytics.fct_monetary_policy"} */
alter table "bcb"."analytics"."fct_monetary_policy__dbt_tmp" rename to "fct_monetary_policy"
[0m19:38:34.166735 [debug] [Thread-4 (]: On model.bcb_analytics.fct_economic_activity: /* {"app": "dbt", "dbt_version": "1.12.3", "profile_name": "bcb_analytics", "target_name": "dev", "node_id": "model.bcb_analytics.fct_economic_activity"} */
alter table "bcb"."analytics"."fct_economic_activity__dbt_tmp" rename to "fct_economic_activity"
[0m19:38:34.168525 [debug] [Thread-2 (]: On model.bcb_analytics.fct_exchange_rate: COMMIT
[0m19:38:34.169946 [debug] [Thread-3 (]: SQL status: ALTER TABLE in 0.000 seconds
[0m19:38:34.170893 [debug] [Thread-1 (]: SQL status: ALTER TABLE in 0.000 seconds
[0m19:38:34.171605 [debug] [Thread-4 (]: SQL status: ALTER TABLE in 0.000 seconds
[0m19:38:34.171956 [debug] [Thread-2 (]: Using postgres connection "model.bcb_analytics.fct_exchange_rate"
[0m19:38:34.174307 [debug] [Thread-3 (]: On model.bcb_analytics.fct_credit_pf: COMMIT
[0m19:38:34.176670 [debug] [Thread-1 (]: On model.bcb_analytics.fct_monetary_policy: COMMIT
[0m19:38:34.178589 [debug] [Thread-4 (]: On model.bcb_analytics.fct_economic_activity: COMMIT
[0m19:38:34.179429 [debug] [Thread-2 (]: On model.bcb_analytics.fct_exchange_rate: COMMIT
[0m19:38:34.180218 [debug] [Thread-3 (]: Using postgres connection "model.bcb_analytics.fct_credit_pf"
[0m19:38:34.181005 [debug] [Thread-1 (]: Using postgres connection "model.bcb_analytics.fct_monetary_policy"
[0m19:38:34.181842 [debug] [Thread-4 (]: Using postgres connection "model.bcb_analytics.fct_economic_activity"
[0m19:38:34.183038 [debug] [Thread-3 (]: On model.bcb_analytics.fct_credit_pf: COMMIT
[0m19:38:34.183792 [debug] [Thread-2 (]: SQL status: COMMIT in 0.001 seconds
[0m19:38:34.184095 [debug] [Thread-1 (]: On model.bcb_analytics.fct_monetary_policy: COMMIT
[0m19:38:34.184814 [debug] [Thread-4 (]: On model.bcb_analytics.fct_economic_activity: COMMIT
[0m19:38:34.187724 [debug] [Thread-2 (]: Applying DROP to: "bcb"."analytics"."fct_exchange_rate__dbt_backup"
[0m19:38:34.188230 [debug] [Thread-3 (]: SQL status: COMMIT in 0.003 seconds
[0m19:38:34.192449 [debug] [Thread-2 (]: Using postgres connection "model.bcb_analytics.fct_exchange_rate"
[0m19:38:34.192886 [debug] [Thread-4 (]: SQL status: COMMIT in 0.003 seconds
[0m19:38:34.193221 [debug] [Thread-1 (]: SQL status: COMMIT in 0.004 seconds
[0m19:38:34.194586 [debug] [Thread-3 (]: Applying DROP to: "bcb"."analytics"."fct_credit_pf__dbt_backup"
[0m19:38:34.195346 [debug] [Thread-2 (]: On model.bcb_analytics.fct_exchange_rate: /* {"app": "dbt", "dbt_version": "1.12.3", "profile_name": "bcb_analytics", "target_name": "dev", "node_id": "model.bcb_analytics.fct_exchange_rate"} */
drop table if exists "bcb"."analytics"."fct_exchange_rate__dbt_backup" cascade
[0m19:38:34.197325 [debug] [Thread-4 (]: Applying DROP to: "bcb"."analytics"."fct_economic_activity__dbt_backup"
[0m19:38:34.199243 [debug] [Thread-1 (]: Applying DROP to: "bcb"."analytics"."fct_monetary_policy__dbt_backup"
[0m19:38:34.202385 [debug] [Thread-3 (]: Using postgres connection "model.bcb_analytics.fct_credit_pf"
[0m19:38:34.204417 [debug] [Thread-4 (]: Using postgres connection "model.bcb_analytics.fct_economic_activity"
[0m19:38:34.205151 [debug] [Thread-2 (]: SQL status: DROP TABLE in 0.002 seconds
[0m19:38:34.205855 [debug] [Thread-1 (]: Using postgres connection "model.bcb_analytics.fct_monetary_policy"
[0m19:38:34.206615 [debug] [Thread-3 (]: On model.bcb_analytics.fct_credit_pf: /* {"app": "dbt", "dbt_version": "1.12.3", "profile_name": "bcb_analytics", "target_name": "dev", "node_id": "model.bcb_analytics.fct_credit_pf"} */
drop table if exists "bcb"."analytics"."fct_credit_pf__dbt_backup" cascade
[0m19:38:34.207363 [debug] [Thread-4 (]: On model.bcb_analytics.fct_economic_activity: /* {"app": "dbt", "dbt_version": "1.12.3", "profile_name": "bcb_analytics", "target_name": "dev", "node_id": "model.bcb_analytics.fct_economic_activity"} */
drop table if exists "bcb"."analytics"."fct_economic_activity__dbt_backup" cascade
[0m19:38:34.209146 [debug] [Thread-2 (]: On model.bcb_analytics.fct_exchange_rate: Close
[0m19:38:34.209929 [debug] [Thread-1 (]: On model.bcb_analytics.fct_monetary_policy: /* {"app": "dbt", "dbt_version": "1.12.3", "profile_name": "bcb_analytics", "target_name": "dev", "node_id": "model.bcb_analytics.fct_monetary_policy"} */
drop table if exists "bcb"."analytics"."fct_monetary_policy__dbt_backup" cascade
[0m19:38:34.211983 [debug] [Thread-2 (]: Sending event: {'category': 'dbt', 'action': 'run_model', 'label': '0e0e6020-9c81-4e7e-8150-6bd5ea6b6808', 'context': [<snowplow_tracker.self_describing_json.SelfDescribingJson object at 0x7d634ae84c20>]}
[0m19:38:34.212522 [debug] [Thread-3 (]: SQL status: DROP TABLE in 0.002 seconds
[0m19:38:34.213114 [debug] [Thread-4 (]: SQL status: DROP TABLE in 0.002 seconds
[0m19:38:34.214395 [info ] [Thread-2 (]: 4 of 6 OK created sql table model analytics.fct_exchange_rate .................. [[32mSELECT 81[0m in 0.16s]
[0m19:38:34.215339 [debug] [Thread-1 (]: SQL status: DROP TABLE in 0.003 seconds
[0m19:38:34.217914 [debug] [Thread-3 (]: On model.bcb_analytics.fct_credit_pf: Close
[0m19:38:34.219807 [debug] [Thread-4 (]: On model.bcb_analytics.fct_economic_activity: Close
[0m19:38:34.220891 [debug] [Thread-2 (]: Finished running node model.bcb_analytics.fct_exchange_rate
[0m19:38:34.222830 [debug] [Thread-1 (]: On model.bcb_analytics.fct_monetary_policy: Close
[0m19:38:34.224245 [debug] [Thread-3 (]: Sending event: {'category': 'dbt', 'action': 'run_model', 'label': '0e0e6020-9c81-4e7e-8150-6bd5ea6b6808', 'context': [<snowplow_tracker.self_describing_json.SelfDescribingJson object at 0x7d634aebab70>]}
[0m19:38:34.224995 [debug] [Thread-4 (]: Sending event: {'category': 'dbt', 'action': 'run_model', 'label': '0e0e6020-9c81-4e7e-8150-6bd5ea6b6808', 'context': [<snowplow_tracker.self_describing_json.SelfDescribingJson object at 0x7d634adde060>]}
[0m19:38:34.225611 [debug] [Thread-2 (]: Began running node model.bcb_analytics.mart_macro_credit_features
[0m19:38:34.227601 [debug] [Thread-1 (]: Sending event: {'category': 'dbt', 'action': 'run_model', 'label': '0e0e6020-9c81-4e7e-8150-6bd5ea6b6808', 'context': [<snowplow_tracker.self_describing_json.SelfDescribingJson object at 0x7d634adde690>]}
[0m19:38:34.228812 [info ] [Thread-3 (]: 2 of 6 OK created sql table model analytics.fct_credit_pf ...................... [[32mSELECT 81[0m in 0.17s]
[0m19:38:34.230835 [info ] [Thread-4 (]: 3 of 6 OK created sql table model analytics.fct_economic_activity .............. [[32mSELECT 81[0m in 0.17s]
[0m19:38:34.232104 [info ] [Thread-2 (]: 6 of 6 START sql table model analytics.mart_macro_credit_features .............. [RUN]
[0m19:38:34.233659 [info ] [Thread-1 (]: 5 of 6 OK created sql table model analytics.fct_monetary_policy ................ [[32mSELECT 81[0m in 0.17s]
[0m19:38:34.234992 [debug] [Thread-3 (]: Finished running node model.bcb_analytics.fct_credit_pf
[0m19:38:34.236135 [debug] [Thread-4 (]: Finished running node model.bcb_analytics.fct_economic_activity
[0m19:38:34.237081 [debug] [Thread-2 (]: Re-using an available connection from the pool (formerly model.bcb_analytics.fct_exchange_rate, now model.bcb_analytics.mart_macro_credit_features)
[0m19:38:34.238176 [debug] [Thread-1 (]: Finished running node model.bcb_analytics.fct_monetary_policy
[0m19:38:34.240454 [debug] [Thread-2 (]: Began compiling node model.bcb_analytics.mart_macro_credit_features
[0m19:38:34.244203 [debug] [Thread-2 (]: Writing injected SQL for node "model.bcb_analytics.mart_macro_credit_features"
[0m19:38:34.252836 [debug] [Thread-2 (]: Began executing node model.bcb_analytics.mart_macro_credit_features
[0m19:38:34.257396 [debug] [Thread-2 (]: Writing runtime sql for node "model.bcb_analytics.mart_macro_credit_features"
[0m19:38:34.266702 [debug] [Thread-2 (]: Using postgres connection "model.bcb_analytics.mart_macro_credit_features"
[0m19:38:34.268287 [debug] [Thread-2 (]: On model.bcb_analytics.mart_macro_credit_features: /* {"app": "dbt", "dbt_version": "1.12.3", "profile_name": "bcb_analytics", "target_name": "dev", "node_id": "model.bcb_analytics.mart_macro_credit_features"} */

  
    

  create  table "bcb"."analytics"."mart_macro_credit_features__dbt_tmp"
  
  
    as
  
  (
    -- Create a feature dataset for statistical and machine learning models.
-- Lagged macroeconomic variables are included to capture potential
-- delayed effects of economic conditions on credit risk.

select

    reference_month,

    selic,
    selic_meta,

    -- Lagged Selic features
    lag(selic, 1) over (
        order by reference_month
    ) as selic_lag_1,

    lag(selic, 3) over (
        order by reference_month
    ) as selic_lag_3,

    lag(selic, 6) over (
        order by reference_month
    ) as selic_lag_6,

    lag(selic, 12) over (
        order by reference_month
    ) as selic_lag_12,

    ipca,

    atividade_economica,

    dolar_venda,

    credito_concedido_pf,

    taxa_credito_pf,

    inadimplencia_pf,

    -- Lagged default rate features
    lag(inadimplencia_pf, 1) over (
        order by reference_month
    ) as inadimplencia_lag_1,

    lag(inadimplencia_pf, 3) over (
        order by reference_month
    ) as inadimplencia_lag_3

from "bcb"."analytics"."stg_macro_monthly"
  );
  
[0m19:38:34.269654 [debug] [Thread-2 (]: Opening a new connection, currently in state closed
[0m19:38:34.281245 [debug] [Thread-2 (]: SQL status: SELECT 81 in 0.011 seconds
[0m19:38:34.285404 [debug] [Thread-2 (]: Using postgres connection "model.bcb_analytics.mart_macro_credit_features"
[0m19:38:34.286978 [debug] [Thread-2 (]: On model.bcb_analytics.mart_macro_credit_features: /* {"app": "dbt", "dbt_version": "1.12.3", "profile_name": "bcb_analytics", "target_name": "dev", "node_id": "model.bcb_analytics.mart_macro_credit_features"} */
alter table "bcb"."analytics"."mart_macro_credit_features" rename to "mart_macro_credit_features__dbt_backup"
[0m19:38:34.289324 [debug] [Thread-2 (]: SQL status: ALTER TABLE in 0.001 seconds
[0m19:38:34.294606 [debug] [Thread-2 (]: Using postgres connection "model.bcb_analytics.mart_macro_credit_features"
[0m19:38:34.296167 [debug] [Thread-2 (]: On model.bcb_analytics.mart_macro_credit_features: /* {"app": "dbt", "dbt_version": "1.12.3", "profile_name": "bcb_analytics", "target_name": "dev", "node_id": "model.bcb_analytics.mart_macro_credit_features"} */
alter table "bcb"."analytics"."mart_macro_credit_features__dbt_tmp" rename to "mart_macro_credit_features"
[0m19:38:34.298060 [debug] [Thread-2 (]: SQL status: ALTER TABLE in 0.000 seconds
[0m19:38:34.302044 [debug] [Thread-2 (]: On model.bcb_analytics.mart_macro_credit_features: COMMIT
[0m19:38:34.303734 [debug] [Thread-2 (]: Using postgres connection "model.bcb_analytics.mart_macro_credit_features"
[0m19:38:34.305276 [debug] [Thread-2 (]: On model.bcb_analytics.mart_macro_credit_features: COMMIT
[0m19:38:34.308384 [debug] [Thread-2 (]: SQL status: COMMIT in 0.002 seconds
[0m19:38:34.311086 [debug] [Thread-2 (]: Applying DROP to: "bcb"."analytics"."mart_macro_credit_features__dbt_backup"
[0m19:38:34.312927 [debug] [Thread-2 (]: Using postgres connection "model.bcb_analytics.mart_macro_credit_features"
[0m19:38:34.314450 [debug] [Thread-2 (]: On model.bcb_analytics.mart_macro_credit_features: /* {"app": "dbt", "dbt_version": "1.12.3", "profile_name": "bcb_analytics", "target_name": "dev", "node_id": "model.bcb_analytics.mart_macro_credit_features"} */
drop table if exists "bcb"."analytics"."mart_macro_credit_features__dbt_backup" cascade
[0m19:38:34.317746 [debug] [Thread-2 (]: SQL status: DROP TABLE in 0.002 seconds
[0m19:38:34.320074 [debug] [Thread-2 (]: On model.bcb_analytics.mart_macro_credit_features: Close
[0m19:38:34.322075 [debug] [Thread-2 (]: Sending event: {'category': 'dbt', 'action': 'run_model', 'label': '0e0e6020-9c81-4e7e-8150-6bd5ea6b6808', 'context': [<snowplow_tracker.self_describing_json.SelfDescribingJson object at 0x7d634ad1fef0>]}
[0m19:38:34.323851 [info ] [Thread-2 (]: 6 of 6 OK created sql table model analytics.mart_macro_credit_features ......... [[32mSELECT 81[0m in 0.08s]
[0m19:38:34.325567 [debug] [Thread-2 (]: Finished running node model.bcb_analytics.mart_macro_credit_features
[0m19:38:34.328149 [debug] [MainThread]: On master: COMMIT
[0m19:38:34.329015 [debug] [MainThread]: Using postgres connection "master"
[0m19:38:34.329727 [debug] [MainThread]: On master: COMMIT
[0m19:38:34.330338 [debug] [MainThread]: Opening a new connection, currently in state closed
[0m19:38:34.337237 [debug] [MainThread]: SQL status: COMMIT in 0.007 seconds
[0m19:38:34.338101 [debug] [MainThread]: On master: Close
[0m19:38:34.338949 [debug] [MainThread]: Connection 'master' was properly closed.
[0m19:38:34.339600 [debug] [MainThread]: Connection 'model.bcb_analytics.fct_monetary_policy' was properly closed.
[0m19:38:34.340206 [debug] [MainThread]: Connection 'model.bcb_analytics.fct_credit_pf' was properly closed.
[0m19:38:34.340849 [debug] [MainThread]: Connection 'model.bcb_analytics.fct_economic_activity' was properly closed.
[0m19:38:34.341328 [debug] [MainThread]: Connection 'model.bcb_analytics.mart_macro_credit_features' was properly closed.
[0m19:38:34.341923 [info ] [MainThread]: 
[0m19:38:34.342496 [info ] [MainThread]: Finished running 5 table models, 1 view model in 0 hours 0 minutes and 0.68 seconds (0.68s).
[0m19:38:34.344175 [debug] [MainThread]: Command end result
[0m19:38:34.404267 [debug] [MainThread]: Wrote artifact WritableManifest to /usr/app/dbt/target/manifest.json
[0m19:38:34.470743 [debug] [MainThread]: Wrote artifact SemanticManifest to /usr/app/dbt/target/semantic_manifest.json
[0m19:38:34.511453 [debug] [MainThread]: Wrote artifact OsiDocument to /usr/app/dbt/target/osi_document.json
[0m19:38:34.525539 [debug] [MainThread]: Wrote artifact RunExecutionResult to /usr/app/dbt/target/run_results.json
[0m19:38:34.526458 [info ] [MainThread]: 
[0m19:38:34.527408 [info ] [MainThread]: [32mCompleted successfully[0m
[0m19:38:34.528254 [info ] [MainThread]: 
[0m19:38:34.529177 [info ] [MainThread]: Done. PASS=6 WARN=0 ERROR=0 SKIP=0 NO-OP=0 REUSED=0 TOTAL=6
[0m19:38:34.530578 [debug] [MainThread]: Resource report: {"command_name": "build", "command_success": true, "command_wall_clock_time": 1.7586434, "process_in_blocks": "1307", "process_kernel_time": 0.215167, "process_mem_max_rss": "139072", "process_out_blocks": "0", "process_user_time": 2.191518}
[0m19:38:34.531358 [debug] [MainThread]: Command `dbt build` succeeded at 19:38:34.531244 after 1.76 seconds
[0m19:38:34.532021 [debug] [MainThread]: Sending event: {'category': 'dbt', 'action': 'invocation', 'label': 'end', 'context': [<snowplow_tracker.self_describing_json.SelfDescribingJson object at 0x7d63533eea80>, <snowplow_tracker.self_describing_json.SelfDescribingJson object at 0x7d634f345a60>, <snowplow_tracker.self_describing_json.SelfDescribingJson object at 0x7d634d3fcef0>]}
[0m19:38:34.532689 [debug] [MainThread]: Flushing usage events
[0m19:38:35.248990 [debug] [MainThread]: An error was encountered while trying to flush usage events
[0m19:40:06.482584 [debug] [MainThread]: Sending event: {'category': 'dbt', 'action': 'invocation', 'label': 'start', 'context': [<snowplow_tracker.self_describing_json.SelfDescribingJson object at 0x7f748ba61670>, <snowplow_tracker.self_describing_json.SelfDescribingJson object at 0x7f748b87c7a0>, <snowplow_tracker.self_describing_json.SelfDescribingJson object at 0x7f748b8553d0>]}


============================== 19:40:06.485916 | 66477d71-d45e-440b-b6c4-17755ccc3cfb ==============================
[0m19:40:06.485916 [info ] [MainThread]: Running with dbt=1.12.3
[0m19:40:06.486897 [debug] [MainThread]: running dbt with arguments {'maximum_seed_size_mib': '1', 'quiet': 'False', 'use_colors': 'True', 'no_print': 'None', 'partial_parse': 'True', 'log_path': '/usr/app/dbt/logs', 'fail_fast': 'False', 'write_json': 'True', 'cache_selected_only': 'False', 'warn_error': 'None', 'empty': 'False', 'printer_width': '80', 'hints_enabled': 'True', 'log_format': 'default', 'indirect_selection': 'eager', 'debug': 'False', 'profiles_dir': '/usr/app/dbt', 'send_anonymous_usage_stats': 'True', 'introspect': 'True', 'warn_error_options': 'WarnErrorOptionsV2(error=[], warn=[], silence=[])', 'version_check': 'True', 'log_cache_events': 'False', 'target_path': 'None', 'invocation_command': 'dbt build', 'use_experimental_parser': 'False', 'static_parser': 'True'}
[0m19:40:06.633108 [debug] [MainThread]: Sending event: {'category': 'dbt', 'action': 'project_id', 'label': '66477d71-d45e-440b-b6c4-17755ccc3cfb', 'context': [<snowplow_tracker.self_describing_json.SelfDescribingJson object at 0x7f74895e6e40>]}
[0m19:40:06.689160 [debug] [MainThread]: Sending event: {'category': 'dbt', 'action': 'adapter_info', 'label': '66477d71-d45e-440b-b6c4-17755ccc3cfb', 'context': [<snowplow_tracker.self_describing_json.SelfDescribingJson object at 0x7f748a5cacc0>]}
[0m19:40:06.691043 [info ] [MainThread]: Registered adapter: postgres=1.11.0
[0m19:40:06.748354 [debug] [MainThread]: checksum: 93f3c84ce504663c4776f7735972647e04db2733b90ae0c7a023176aa6e7f35b, vars: {}, profile: bcb_analytics, target: dev, version: 1.12.3
[0m19:40:06.967427 [debug] [MainThread]: Partial parsing enabled: 0 files deleted, 0 files added, 0 files changed.
[0m19:40:06.968314 [debug] [MainThread]: Nothing changed, skipping partial parsing.
[0m19:40:06.968970 [debug] [MainThread]: Partial parsing enabled, no changes found, skipping parsing
[0m19:40:06.976942 [debug] [MainThread]: Sending event: {'category': 'dbt', 'action': 'load_project', 'label': '66477d71-d45e-440b-b6c4-17755ccc3cfb', 'context': [<snowplow_tracker.self_describing_json.SelfDescribingJson object at 0x7f74895527e0>]}
[0m19:40:07.127206 [debug] [MainThread]: Wrote artifact WritableManifest to /usr/app/dbt/target/manifest.json
[0m19:40:07.175962 [debug] [MainThread]: Wrote artifact SemanticManifest to /usr/app/dbt/target/semantic_manifest.json
[0m19:40:07.229143 [debug] [MainThread]: Wrote artifact OsiDocument to /usr/app/dbt/target/osi_document.json
[0m19:40:07.256950 [debug] [MainThread]: Sending event: {'category': 'dbt', 'action': 'resource_counts', 'label': '66477d71-d45e-440b-b6c4-17755ccc3cfb', 'context': [<snowplow_tracker.self_describing_json.SelfDescribingJson object at 0x7f7487de3da0>]}
[0m19:40:07.257760 [info ] [MainThread]: Found 6 models, 1 source, 477 macros
[0m19:40:07.260555 [info ] [MainThread]: 
[0m19:40:07.261407 [info ] [MainThread]: Concurrency: 4 threads (target='dev')
[0m19:40:07.262222 [info ] [MainThread]: 
[0m19:40:07.263207 [debug] [MainThread]: Acquiring new postgres connection 'master'
[0m19:40:07.267374 [debug] [ThreadPool]: Acquiring new postgres connection 'list_bcb'
[0m19:40:07.337471 [debug] [ThreadPool]: Using postgres connection "list_bcb"
[0m19:40:07.338589 [debug] [ThreadPool]: On list_bcb: /* {"app": "dbt", "dbt_version": "1.12.3", "profile_name": "bcb_analytics", "target_name": "dev", "connection_name": "list_bcb"} */

    select distinct nspname from pg_namespace
  
[0m19:40:07.339561 [debug] [ThreadPool]: Opening a new connection, currently in state init
[0m19:40:07.347991 [debug] [ThreadPool]: SQL status: SELECT 6 in 0.008 seconds
[0m19:40:07.349996 [debug] [ThreadPool]: On list_bcb: Close
[0m19:40:07.352202 [debug] [ThreadPool]: Re-using an available connection from the pool (formerly list_bcb, now list_bcb_analytics)
[0m19:40:07.357200 [debug] [ThreadPool]: Using postgres connection "list_bcb_analytics"
[0m19:40:07.358041 [debug] [ThreadPool]: On list_bcb_analytics: /* {"app": "dbt", "dbt_version": "1.12.3", "profile_name": "bcb_analytics", "target_name": "dev", "connection_name": "list_bcb_analytics"} */
select
      'bcb' as database,
      tablename as name,
      schemaname as schema,
      'table' as type
    from pg_tables
    where schemaname ilike 'analytics'
    union all
    select
      'bcb' as database,
      viewname as name,
      schemaname as schema,
      'view' as type
    from pg_views
    where schemaname ilike 'analytics'
    union all
    select
      'bcb' as database,
      matviewname as name,
      schemaname as schema,
      'materialized_view' as type
    from pg_matviews
    where schemaname ilike 'analytics'
    union all
    select distinct
     'bcb' as database,
     proname as name,
     ns.nspname as schema,
     'function' as type
    from pg_proc
     join pg_namespace as ns on pronamespace = ns.oid
    where ns.nspname ilike 'analytics'
  
[0m19:40:07.359118 [debug] [ThreadPool]: Opening a new connection, currently in state closed
[0m19:40:07.368298 [debug] [ThreadPool]: SQL status: SELECT 6 in 0.009 seconds
[0m19:40:07.370524 [debug] [ThreadPool]: On list_bcb_analytics: ROLLBACK
[0m19:40:07.371727 [debug] [ThreadPool]: On list_bcb_analytics: Close
[0m19:40:07.376078 [debug] [MainThread]: Using postgres connection "master"
[0m19:40:07.377236 [debug] [MainThread]: On master: /* {"app": "dbt", "dbt_version": "1.12.3", "profile_name": "bcb_analytics", "target_name": "dev", "connection_name": "master"} */
select distinct
        dependent_namespace.nspname as dependent_schema,
        dependent_class.relname as dependent_name,
        referenced_namespace.nspname as referenced_schema,
        referenced_class.relname as referenced_name

    -- Query for views: views are entries in pg_class with an entry in pg_rewrite, but we avoid
    -- a seq scan on pg_rewrite by leveraging the fact there is an "internal" row in pg_depend for
    -- the view...
    from pg_class as dependent_class
    join pg_namespace as dependent_namespace on dependent_namespace.oid = dependent_class.relnamespace
    join pg_depend as dependent_depend on dependent_depend.refobjid = dependent_class.oid
        and dependent_depend.classid = 'pg_rewrite'::regclass
        and dependent_depend.refclassid = 'pg_class'::regclass
        and dependent_depend.deptype = 'i'

    -- ... and via pg_depend (that has a row per column, hence the need for "distinct" above, and
    -- making sure to exclude the internal row to avoid a view appearing to depend on itself)...
    join pg_depend as joining_depend on joining_depend.objid = dependent_depend.objid
        and joining_depend.classid = 'pg_rewrite'::regclass
        and joining_depend.refclassid = 'pg_class'::regclass
        and joining_depend.refobjid != dependent_depend.refobjid

    -- ... we can find the tables they query from in pg_class, but excluding system tables. Note we
    -- don't need need to exclude _dependent_ system tables, because they only query from other
    -- system tables, and so are automatically excluded by excluding _referenced_ system tables
    join pg_class as referenced_class on referenced_class.oid = joining_depend.refobjid
    join pg_namespace as referenced_namespace on referenced_namespace.oid = referenced_class.relnamespace
        and referenced_namespace.nspname != 'information_schema'
        and referenced_namespace.nspname not like 'pg\_%'

    order by
        dependent_schema, dependent_name, referenced_schema, referenced_name;
[0m19:40:07.378004 [debug] [MainThread]: Opening a new connection, currently in state init
[0m19:40:07.387730 [debug] [MainThread]: SQL status: SELECT 1 in 0.010 seconds
[0m19:40:07.389347 [debug] [MainThread]: Sending event: {'category': 'dbt', 'action': 'runnable_timing', 'label': '66477d71-d45e-440b-b6c4-17755ccc3cfb', 'context': [<snowplow_tracker.self_describing_json.SelfDescribingJson object at 0x7f7489522ea0>]}
[0m19:40:07.390370 [debug] [MainThread]: On master: ROLLBACK
[0m19:40:07.391441 [debug] [MainThread]: On master: COMMIT
[0m19:40:07.392273 [debug] [MainThread]: Using postgres connection "master"
[0m19:40:07.393081 [debug] [MainThread]: On master: COMMIT
[0m19:40:07.394120 [debug] [MainThread]: SQL status: COMMIT in 0.000 seconds
[0m19:40:07.394833 [debug] [MainThread]: On master: Close
[0m19:40:07.398139 [debug] [Thread-1 (]: Began running node model.bcb_analytics.stg_macro_monthly
[0m19:40:07.399274 [info ] [Thread-1 (]: 1 of 6 START sql view model analytics.stg_macro_monthly ........................ [RUN]
[0m19:40:07.400383 [debug] [Thread-1 (]: Re-using an available connection from the pool (formerly list_bcb_analytics, now model.bcb_analytics.stg_macro_monthly)
[0m19:40:07.401554 [debug] [Thread-1 (]: Began compiling node model.bcb_analytics.stg_macro_monthly
[0m19:40:07.410755 [debug] [Thread-1 (]: Writing injected SQL for node "model.bcb_analytics.stg_macro_monthly"
[0m19:40:07.460344 [debug] [Thread-1 (]: Began executing node model.bcb_analytics.stg_macro_monthly
[0m19:40:07.491545 [debug] [Thread-1 (]: Writing runtime sql for node "model.bcb_analytics.stg_macro_monthly"
[0m19:40:07.561073 [debug] [Thread-1 (]: Using postgres connection "model.bcb_analytics.stg_macro_monthly"
[0m19:40:07.561992 [debug] [Thread-1 (]: On model.bcb_analytics.stg_macro_monthly: /* {"app": "dbt", "dbt_version": "1.12.3", "profile_name": "bcb_analytics", "target_name": "dev", "node_id": "model.bcb_analytics.stg_macro_monthly"} */

  create view "bcb"."analytics"."stg_macro_monthly__dbt_tmp"
    
    
  as (
    -- Standardize the interface between the Spark-generated Gold layer
-- and the dbt transformation layer.

select

    *

from "bcb"."gold"."macro_monthly"
  );
[0m19:40:07.562816 [debug] [Thread-1 (]: Opening a new connection, currently in state closed
[0m19:40:07.570891 [debug] [Thread-1 (]: SQL status: CREATE VIEW in 0.008 seconds
[0m19:40:07.576204 [debug] [Thread-1 (]: Using postgres connection "model.bcb_analytics.stg_macro_monthly"
[0m19:40:07.577126 [debug] [Thread-1 (]: On model.bcb_analytics.stg_macro_monthly: /* {"app": "dbt", "dbt_version": "1.12.3", "profile_name": "bcb_analytics", "target_name": "dev", "node_id": "model.bcb_analytics.stg_macro_monthly"} */
alter table "bcb"."analytics"."stg_macro_monthly" rename to "stg_macro_monthly__dbt_backup"
[0m19:40:07.578475 [debug] [Thread-1 (]: SQL status: ALTER TABLE in 0.000 seconds
[0m19:40:07.581064 [debug] [Thread-1 (]: Using postgres connection "model.bcb_analytics.stg_macro_monthly"
[0m19:40:07.582020 [debug] [Thread-1 (]: On model.bcb_analytics.stg_macro_monthly: /* {"app": "dbt", "dbt_version": "1.12.3", "profile_name": "bcb_analytics", "target_name": "dev", "node_id": "model.bcb_analytics.stg_macro_monthly"} */
alter table "bcb"."analytics"."stg_macro_monthly__dbt_tmp" rename to "stg_macro_monthly"
[0m19:40:07.583275 [debug] [Thread-1 (]: SQL status: ALTER TABLE in 0.000 seconds
[0m19:40:07.599502 [debug] [Thread-1 (]: On model.bcb_analytics.stg_macro_monthly: COMMIT
[0m19:40:07.600653 [debug] [Thread-1 (]: Using postgres connection "model.bcb_analytics.stg_macro_monthly"
[0m19:40:07.601506 [debug] [Thread-1 (]: On model.bcb_analytics.stg_macro_monthly: COMMIT
[0m19:40:07.604232 [debug] [Thread-1 (]: SQL status: COMMIT in 0.002 seconds
[0m19:40:07.609733 [debug] [Thread-1 (]: Applying DROP to: "bcb"."analytics"."stg_macro_monthly__dbt_backup"
[0m19:40:07.615373 [debug] [Thread-1 (]: Using postgres connection "model.bcb_analytics.stg_macro_monthly"
[0m19:40:07.616337 [debug] [Thread-1 (]: On model.bcb_analytics.stg_macro_monthly: /* {"app": "dbt", "dbt_version": "1.12.3", "profile_name": "bcb_analytics", "target_name": "dev", "node_id": "model.bcb_analytics.stg_macro_monthly"} */
drop view if exists "bcb"."analytics"."stg_macro_monthly__dbt_backup" cascade
[0m19:40:07.618922 [debug] [Thread-1 (]: SQL status: DROP VIEW in 0.002 seconds
[0m19:40:07.622006 [debug] [Thread-1 (]: On model.bcb_analytics.stg_macro_monthly: Close
[0m19:40:07.623882 [debug] [Thread-1 (]: Sending event: {'category': 'dbt', 'action': 'run_model', 'label': '66477d71-d45e-440b-b6c4-17755ccc3cfb', 'context': [<snowplow_tracker.self_describing_json.SelfDescribingJson object at 0x7f748d7c4b60>]}
[0m19:40:07.625271 [info ] [Thread-1 (]: 1 of 6 OK created sql view model analytics.stg_macro_monthly ................... [[32mCREATE VIEW[0m in 0.22s]
[0m19:40:07.626807 [debug] [Thread-1 (]: Finished running node model.bcb_analytics.stg_macro_monthly
[0m19:40:07.628582 [debug] [Thread-3 (]: Began running node model.bcb_analytics.fct_credit_pf
[0m19:40:07.628966 [debug] [Thread-4 (]: Began running node model.bcb_analytics.fct_economic_activity
[0m19:40:07.629342 [debug] [Thread-2 (]: Began running node model.bcb_analytics.fct_exchange_rate
[0m19:40:07.629670 [debug] [Thread-1 (]: Began running node model.bcb_analytics.fct_monetary_policy
[0m19:40:07.630112 [info ] [Thread-3 (]: 2 of 6 START sql table model analytics.fct_credit_pf ........................... [RUN]
[0m19:40:07.630990 [info ] [Thread-4 (]: 3 of 6 START sql table model analytics.fct_economic_activity ................... [RUN]
[0m19:40:07.632086 [info ] [Thread-2 (]: 4 of 6 START sql table model analytics.fct_exchange_rate ....................... [RUN]
[0m19:40:07.633302 [info ] [Thread-1 (]: 5 of 6 START sql table model analytics.fct_monetary_policy ..................... [RUN]
[0m19:40:07.634309 [debug] [Thread-3 (]: Acquiring new postgres connection 'model.bcb_analytics.fct_credit_pf'
[0m19:40:07.635197 [debug] [Thread-4 (]: Acquiring new postgres connection 'model.bcb_analytics.fct_economic_activity'
[0m19:40:07.636005 [debug] [Thread-2 (]: Acquiring new postgres connection 'model.bcb_analytics.fct_exchange_rate'
[0m19:40:07.636746 [debug] [Thread-1 (]: Re-using an available connection from the pool (formerly model.bcb_analytics.stg_macro_monthly, now model.bcb_analytics.fct_monetary_policy)
[0m19:40:07.637409 [debug] [Thread-3 (]: Began compiling node model.bcb_analytics.fct_credit_pf
[0m19:40:07.638196 [debug] [Thread-4 (]: Began compiling node model.bcb_analytics.fct_economic_activity
[0m19:40:07.638944 [debug] [Thread-2 (]: Began compiling node model.bcb_analytics.fct_exchange_rate
[0m19:40:07.639602 [debug] [Thread-1 (]: Began compiling node model.bcb_analytics.fct_monetary_policy
[0m19:40:07.641590 [debug] [Thread-3 (]: Writing injected SQL for node "model.bcb_analytics.fct_credit_pf"
[0m19:40:07.644878 [debug] [Thread-4 (]: Writing injected SQL for node "model.bcb_analytics.fct_economic_activity"
[0m19:40:07.647347 [debug] [Thread-2 (]: Writing injected SQL for node "model.bcb_analytics.fct_exchange_rate"
[0m19:40:07.649432 [debug] [Thread-1 (]: Writing injected SQL for node "model.bcb_analytics.fct_monetary_policy"
[0m19:40:07.655435 [debug] [Thread-3 (]: Began executing node model.bcb_analytics.fct_credit_pf
[0m19:40:07.661589 [debug] [Thread-2 (]: Began executing node model.bcb_analytics.fct_exchange_rate
[0m19:40:07.681578 [debug] [Thread-2 (]: Writing runtime sql for node "model.bcb_analytics.fct_exchange_rate"
[0m19:40:07.682059 [debug] [Thread-4 (]: Began executing node model.bcb_analytics.fct_economic_activity
[0m19:40:07.677803 [debug] [Thread-3 (]: Writing runtime sql for node "model.bcb_analytics.fct_credit_pf"
[0m19:40:07.682708 [debug] [Thread-1 (]: Began executing node model.bcb_analytics.fct_monetary_policy
[0m19:40:07.686553 [debug] [Thread-4 (]: Writing runtime sql for node "model.bcb_analytics.fct_economic_activity"
[0m19:40:07.690404 [debug] [Thread-1 (]: Writing runtime sql for node "model.bcb_analytics.fct_monetary_policy"
[0m19:40:07.693750 [debug] [Thread-2 (]: Using postgres connection "model.bcb_analytics.fct_exchange_rate"
[0m19:40:07.694500 [debug] [Thread-3 (]: Using postgres connection "model.bcb_analytics.fct_credit_pf"
[0m19:40:07.694872 [debug] [Thread-2 (]: On model.bcb_analytics.fct_exchange_rate: /* {"app": "dbt", "dbt_version": "1.12.3", "profile_name": "bcb_analytics", "target_name": "dev", "node_id": "model.bcb_analytics.fct_exchange_rate"} */

  
    

  create  table "bcb"."analytics"."fct_exchange_rate__dbt_tmp"
  
  
    as
  
  (
    -- Create analytical indicators for the BRL/USD exchange rate.
-- Daily exchange rate series have already been aggregated
-- to monthly averages by Spark.

select

    reference_month,

    dolar_compra,

    dolar_venda,

    -- Average between the purchase and selling exchange rates
    (dolar_compra + dolar_venda) / 2 as dolar_medio,

    -- Difference between selling and purchase rates
    dolar_venda - dolar_compra as spread_cambio,

    -- Absolute monthly change in the selling exchange rate
    dolar_venda
        - lag(dolar_venda) over (
            order by reference_month
        ) as cambio_change,

    -- Monthly-over-month exchange rate growth
    (
        dolar_venda /
        lag(dolar_venda) over (
            order by reference_month
        ) - 1
    ) * 100 as cambio_mom,

    -- Year-over-year exchange rate growth
    (
        dolar_venda /
        lag(dolar_venda, 12) over (
            order by reference_month
        ) - 1
    ) * 100 as cambio_yoy

from "bcb"."analytics"."stg_macro_monthly"
  );
  
[0m19:40:07.696020 [debug] [Thread-3 (]: On model.bcb_analytics.fct_credit_pf: /* {"app": "dbt", "dbt_version": "1.12.3", "profile_name": "bcb_analytics", "target_name": "dev", "node_id": "model.bcb_analytics.fct_credit_pf"} */

  
    

  create  table "bcb"."analytics"."fct_credit_pf__dbt_tmp"
  
  
    as
  
  (
    -- Create analytical indicators for individual credit.
-- The model combines credit concessions, outstanding balances,
-- interest rates, and default indicators with their variations.

select

    reference_month,

    credito_concedido_pf,

    credito_livre_pf,

    saldo_credito_pessoal,

    taxa_credito_pf,

    inadimplencia_pf,

    inadimplencia_credito_pessoal_pf,

    -- Absolute monthly change in credit concessions
    credito_concedido_pf
        - lag(credito_concedido_pf) over (
            order by reference_month
        ) as credito_concedido_change,

    -- Monthly-over-month credit concession growth
    (
        credito_concedido_pf /
        lag(credito_concedido_pf) over (
            order by reference_month
        ) - 1
    ) * 100 as credito_concedido_mom,

    -- Year-over-year credit concession growth
    (
        credito_concedido_pf /
        lag(credito_concedido_pf, 12) over (
            order by reference_month
        ) - 1
    ) * 100 as credito_concedido_yoy,

    -- Absolute monthly change in the individual default rate
    inadimplencia_pf
        - lag(inadimplencia_pf) over (
            order by reference_month
        ) as inadimplencia_change

from "bcb"."analytics"."stg_macro_monthly"
  );
  
[0m19:40:07.696520 [debug] [Thread-4 (]: Using postgres connection "model.bcb_analytics.fct_economic_activity"
[0m19:40:07.696797 [debug] [Thread-2 (]: Opening a new connection, currently in state init
[0m19:40:07.697362 [debug] [Thread-1 (]: Using postgres connection "model.bcb_analytics.fct_monetary_policy"
[0m19:40:07.697663 [debug] [Thread-3 (]: Opening a new connection, currently in state init
[0m19:40:07.698455 [debug] [Thread-4 (]: On model.bcb_analytics.fct_economic_activity: /* {"app": "dbt", "dbt_version": "1.12.3", "profile_name": "bcb_analytics", "target_name": "dev", "node_id": "model.bcb_analytics.fct_economic_activity"} */

  
    

  create  table "bcb"."analytics"."fct_economic_activity__dbt_tmp"
  
  
    as
  
  (
    -- Create analytical indicators for economic activity.
-- Monthly-over-month (MoM) and year-over-year (YoY)
-- growth rates are calculated from the monthly series.

with base as (

    select

        reference_month,

        atividade_economica,
        atividade_agropecuaria,
        atividade_industria,
        atividade_servicos,
        atividade_impostos

    from "bcb"."analytics"."stg_macro_monthly"

),

features as (

    select

        *,

        -- Monthly-over-month economic activity growth
        (
            atividade_economica /
            lag(atividade_economica) over (
                order by reference_month
            ) - 1
        ) * 100 as atividade_economica_mom,

        -- Year-over-year economic activity growth
        (
            atividade_economica /
            lag(atividade_economica, 12) over (
                order by reference_month
            ) - 1
        ) * 100 as atividade_economica_yoy,

        -- Year-over-year industrial activity growth
        (
            atividade_industria /
            lag(atividade_industria, 12) over (
                order by reference_month
            ) - 1
        ) * 100 as industria_yoy,

        -- Year-over-year services activity growth
        (
            atividade_servicos /
            lag(atividade_servicos, 12) over (
                order by reference_month
            ) - 1
        ) * 100 as servicos_yoy

    from base

)

select *

from features
  );
  
[0m19:40:07.700028 [debug] [Thread-1 (]: On model.bcb_analytics.fct_monetary_policy: /* {"app": "dbt", "dbt_version": "1.12.3", "profile_name": "bcb_analytics", "target_name": "dev", "node_id": "model.bcb_analytics.fct_monetary_policy"} */

  
    

  create  table "bcb"."analytics"."fct_monetary_policy__dbt_tmp"
  
  
    as
  
  (
    -- Create analytical indicators related to monetary policy.
-- The model derives changes in the Selic rate and the spread
-- between the effective Selic rate and its target.

select

    reference_month,

    selic,

    selic_meta,

    -- Difference between the effective Selic rate and its target
    selic - selic_meta as selic_spread,

    -- Selic rate from the previous month
    lag(selic) over (
        order by reference_month
    ) as selic_previous_month,

    -- Absolute monthly change in the Selic rate
    selic - lag(selic) over (
        order by reference_month
    ) as selic_change,

    -- Selic target from the previous month
    lag(selic_meta) over (
        order by reference_month
    ) as selic_meta_previous_month,

    -- Absolute monthly change in the Selic target
    selic_meta - lag(selic_meta) over (
        order by reference_month
    ) as selic_meta_change

from "bcb"."analytics"."stg_macro_monthly"
  );
  
[0m19:40:07.701305 [debug] [Thread-4 (]: Opening a new connection, currently in state init
[0m19:40:07.702272 [debug] [Thread-1 (]: Opening a new connection, currently in state closed
[0m19:40:07.707370 [debug] [Thread-2 (]: SQL status: SELECT 81 in 0.010 seconds
[0m19:40:07.709392 [debug] [Thread-3 (]: SQL status: SELECT 81 in 0.012 seconds
[0m19:40:07.714439 [debug] [Thread-2 (]: Using postgres connection "model.bcb_analytics.fct_exchange_rate"
[0m19:40:07.717531 [debug] [Thread-3 (]: Using postgres connection "model.bcb_analytics.fct_credit_pf"
[0m19:40:07.718090 [debug] [Thread-4 (]: SQL status: SELECT 81 in 0.017 seconds
[0m19:40:07.718567 [debug] [Thread-1 (]: SQL status: SELECT 81 in 0.016 seconds
[0m19:40:07.718886 [debug] [Thread-2 (]: On model.bcb_analytics.fct_exchange_rate: /* {"app": "dbt", "dbt_version": "1.12.3", "profile_name": "bcb_analytics", "target_name": "dev", "node_id": "model.bcb_analytics.fct_exchange_rate"} */
alter table "bcb"."analytics"."fct_exchange_rate" rename to "fct_exchange_rate__dbt_backup"
[0m19:40:07.719661 [debug] [Thread-3 (]: On model.bcb_analytics.fct_credit_pf: /* {"app": "dbt", "dbt_version": "1.12.3", "profile_name": "bcb_analytics", "target_name": "dev", "node_id": "model.bcb_analytics.fct_credit_pf"} */
alter table "bcb"."analytics"."fct_credit_pf" rename to "fct_credit_pf__dbt_backup"
[0m19:40:07.722174 [debug] [Thread-4 (]: Using postgres connection "model.bcb_analytics.fct_economic_activity"
[0m19:40:07.724663 [debug] [Thread-1 (]: Using postgres connection "model.bcb_analytics.fct_monetary_policy"
[0m19:40:07.726219 [debug] [Thread-2 (]: SQL status: ALTER TABLE in 0.001 seconds
[0m19:40:07.726885 [debug] [Thread-3 (]: SQL status: ALTER TABLE in 0.000 seconds
[0m19:40:07.727257 [debug] [Thread-4 (]: On model.bcb_analytics.fct_economic_activity: /* {"app": "dbt", "dbt_version": "1.12.3", "profile_name": "bcb_analytics", "target_name": "dev", "node_id": "model.bcb_analytics.fct_economic_activity"} */
alter table "bcb"."analytics"."fct_economic_activity" rename to "fct_economic_activity__dbt_backup"
[0m19:40:07.727994 [debug] [Thread-1 (]: On model.bcb_analytics.fct_monetary_policy: /* {"app": "dbt", "dbt_version": "1.12.3", "profile_name": "bcb_analytics", "target_name": "dev", "node_id": "model.bcb_analytics.fct_monetary_policy"} */
alter table "bcb"."analytics"."fct_monetary_policy" rename to "fct_monetary_policy__dbt_backup"
[0m19:40:07.730344 [debug] [Thread-2 (]: Using postgres connection "model.bcb_analytics.fct_exchange_rate"
[0m19:40:07.732885 [debug] [Thread-3 (]: Using postgres connection "model.bcb_analytics.fct_credit_pf"
[0m19:40:07.734410 [debug] [Thread-4 (]: SQL status: ALTER TABLE in 0.001 seconds
[0m19:40:07.735099 [debug] [Thread-1 (]: SQL status: ALTER TABLE in 0.000 seconds
[0m19:40:07.735476 [debug] [Thread-2 (]: On model.bcb_analytics.fct_exchange_rate: /* {"app": "dbt", "dbt_version": "1.12.3", "profile_name": "bcb_analytics", "target_name": "dev", "node_id": "model.bcb_analytics.fct_exchange_rate"} */
alter table "bcb"."analytics"."fct_exchange_rate__dbt_tmp" rename to "fct_exchange_rate"
[0m19:40:07.736250 [debug] [Thread-3 (]: On model.bcb_analytics.fct_credit_pf: /* {"app": "dbt", "dbt_version": "1.12.3", "profile_name": "bcb_analytics", "target_name": "dev", "node_id": "model.bcb_analytics.fct_credit_pf"} */
alter table "bcb"."analytics"."fct_credit_pf__dbt_tmp" rename to "fct_credit_pf"
[0m19:40:07.738654 [debug] [Thread-4 (]: Using postgres connection "model.bcb_analytics.fct_economic_activity"
[0m19:40:07.741403 [debug] [Thread-1 (]: Using postgres connection "model.bcb_analytics.fct_monetary_policy"
[0m19:40:07.742789 [debug] [Thread-2 (]: SQL status: ALTER TABLE in 0.000 seconds
[0m19:40:07.743374 [debug] [Thread-3 (]: SQL status: ALTER TABLE in 0.000 seconds
[0m19:40:07.743680 [debug] [Thread-4 (]: On model.bcb_analytics.fct_economic_activity: /* {"app": "dbt", "dbt_version": "1.12.3", "profile_name": "bcb_analytics", "target_name": "dev", "node_id": "model.bcb_analytics.fct_economic_activity"} */
alter table "bcb"."analytics"."fct_economic_activity__dbt_tmp" rename to "fct_economic_activity"
[0m19:40:07.744408 [debug] [Thread-1 (]: On model.bcb_analytics.fct_monetary_policy: /* {"app": "dbt", "dbt_version": "1.12.3", "profile_name": "bcb_analytics", "target_name": "dev", "node_id": "model.bcb_analytics.fct_monetary_policy"} */
alter table "bcb"."analytics"."fct_monetary_policy__dbt_tmp" rename to "fct_monetary_policy"
[0m19:40:07.746406 [debug] [Thread-2 (]: On model.bcb_analytics.fct_exchange_rate: COMMIT
[0m19:40:07.748209 [debug] [Thread-3 (]: On model.bcb_analytics.fct_credit_pf: COMMIT
[0m19:40:07.749434 [debug] [Thread-4 (]: SQL status: ALTER TABLE in 0.000 seconds
[0m19:40:07.750065 [debug] [Thread-1 (]: SQL status: ALTER TABLE in 0.000 seconds
[0m19:40:07.750391 [debug] [Thread-2 (]: Using postgres connection "model.bcb_analytics.fct_exchange_rate"
[0m19:40:07.751112 [debug] [Thread-3 (]: Using postgres connection "model.bcb_analytics.fct_credit_pf"
[0m19:40:07.753159 [debug] [Thread-4 (]: On model.bcb_analytics.fct_economic_activity: COMMIT
[0m19:40:07.755312 [debug] [Thread-1 (]: On model.bcb_analytics.fct_monetary_policy: COMMIT
[0m19:40:07.756139 [debug] [Thread-2 (]: On model.bcb_analytics.fct_exchange_rate: COMMIT
[0m19:40:07.756883 [debug] [Thread-3 (]: On model.bcb_analytics.fct_credit_pf: COMMIT
[0m19:40:07.757693 [debug] [Thread-4 (]: Using postgres connection "model.bcb_analytics.fct_economic_activity"
[0m19:40:07.758502 [debug] [Thread-1 (]: Using postgres connection "model.bcb_analytics.fct_monetary_policy"
[0m19:40:07.760255 [debug] [Thread-4 (]: On model.bcb_analytics.fct_economic_activity: COMMIT
[0m19:40:07.760633 [debug] [Thread-2 (]: SQL status: COMMIT in 0.001 seconds
[0m19:40:07.760961 [debug] [Thread-1 (]: On model.bcb_analytics.fct_monetary_policy: COMMIT
[0m19:40:07.761248 [debug] [Thread-3 (]: SQL status: COMMIT in 0.001 seconds
[0m19:40:07.763594 [debug] [Thread-2 (]: Applying DROP to: "bcb"."analytics"."fct_exchange_rate__dbt_backup"
[0m19:40:07.763955 [debug] [Thread-4 (]: SQL status: COMMIT in 0.002 seconds
[0m19:40:07.765958 [debug] [Thread-3 (]: Applying DROP to: "bcb"."analytics"."fct_credit_pf__dbt_backup"
[0m19:40:07.766361 [debug] [Thread-1 (]: SQL status: COMMIT in 0.002 seconds
[0m19:40:07.769147 [debug] [Thread-2 (]: Using postgres connection "model.bcb_analytics.fct_exchange_rate"
[0m19:40:07.771413 [debug] [Thread-4 (]: Applying DROP to: "bcb"."analytics"."fct_economic_activity__dbt_backup"
[0m19:40:07.772558 [debug] [Thread-3 (]: Using postgres connection "model.bcb_analytics.fct_credit_pf"
[0m19:40:07.774232 [debug] [Thread-1 (]: Applying DROP to: "bcb"."analytics"."fct_monetary_policy__dbt_backup"
[0m19:40:07.774973 [debug] [Thread-2 (]: On model.bcb_analytics.fct_exchange_rate: /* {"app": "dbt", "dbt_version": "1.12.3", "profile_name": "bcb_analytics", "target_name": "dev", "node_id": "model.bcb_analytics.fct_exchange_rate"} */
drop table if exists "bcb"."analytics"."fct_exchange_rate__dbt_backup" cascade
[0m19:40:07.776747 [debug] [Thread-4 (]: Using postgres connection "model.bcb_analytics.fct_economic_activity"
[0m19:40:07.777551 [debug] [Thread-3 (]: On model.bcb_analytics.fct_credit_pf: /* {"app": "dbt", "dbt_version": "1.12.3", "profile_name": "bcb_analytics", "target_name": "dev", "node_id": "model.bcb_analytics.fct_credit_pf"} */
drop table if exists "bcb"."analytics"."fct_credit_pf__dbt_backup" cascade
[0m19:40:07.778600 [debug] [Thread-1 (]: Using postgres connection "model.bcb_analytics.fct_monetary_policy"
[0m19:40:07.780093 [debug] [Thread-4 (]: On model.bcb_analytics.fct_economic_activity: /* {"app": "dbt", "dbt_version": "1.12.3", "profile_name": "bcb_analytics", "target_name": "dev", "node_id": "model.bcb_analytics.fct_economic_activity"} */
drop table if exists "bcb"."analytics"."fct_economic_activity__dbt_backup" cascade
[0m19:40:07.781037 [debug] [Thread-2 (]: SQL status: DROP TABLE in 0.002 seconds
[0m19:40:07.781381 [debug] [Thread-1 (]: On model.bcb_analytics.fct_monetary_policy: /* {"app": "dbt", "dbt_version": "1.12.3", "profile_name": "bcb_analytics", "target_name": "dev", "node_id": "model.bcb_analytics.fct_monetary_policy"} */
drop table if exists "bcb"."analytics"."fct_monetary_policy__dbt_backup" cascade
[0m19:40:07.782184 [debug] [Thread-3 (]: SQL status: DROP TABLE in 0.001 seconds
[0m19:40:07.783466 [debug] [Thread-2 (]: On model.bcb_analytics.fct_exchange_rate: Close
[0m19:40:07.783816 [debug] [Thread-4 (]: SQL status: DROP TABLE in 0.002 seconds
[0m19:40:07.785617 [debug] [Thread-3 (]: On model.bcb_analytics.fct_credit_pf: Close
[0m19:40:07.786016 [debug] [Thread-1 (]: SQL status: DROP TABLE in 0.002 seconds
[0m19:40:07.786767 [debug] [Thread-2 (]: Sending event: {'category': 'dbt', 'action': 'run_model', 'label': '66477d71-d45e-440b-b6c4-17755ccc3cfb', 'context': [<snowplow_tracker.self_describing_json.SelfDescribingJson object at 0x7f7486ea9cd0>]}
[0m19:40:07.787907 [debug] [Thread-4 (]: On model.bcb_analytics.fct_economic_activity: Close
[0m19:40:07.788816 [debug] [Thread-3 (]: Sending event: {'category': 'dbt', 'action': 'run_model', 'label': '66477d71-d45e-440b-b6c4-17755ccc3cfb', 'context': [<snowplow_tracker.self_describing_json.SelfDescribingJson object at 0x7f7486eab110>]}
[0m19:40:07.790045 [debug] [Thread-1 (]: On model.bcb_analytics.fct_monetary_policy: Close
[0m19:40:07.790951 [info ] [Thread-2 (]: 4 of 6 OK created sql table model analytics.fct_exchange_rate .................. [[32mSELECT 81[0m in 0.15s]
[0m19:40:07.792233 [debug] [Thread-4 (]: Sending event: {'category': 'dbt', 'action': 'run_model', 'label': '66477d71-d45e-440b-b6c4-17755ccc3cfb', 'context': [<snowplow_tracker.self_describing_json.SelfDescribingJson object at 0x7f7486eaa240>]}
[0m19:40:07.793018 [info ] [Thread-3 (]: 2 of 6 OK created sql table model analytics.fct_credit_pf ...................... [[32mSELECT 81[0m in 0.15s]
[0m19:40:07.794413 [debug] [Thread-1 (]: Sending event: {'category': 'dbt', 'action': 'run_model', 'label': '66477d71-d45e-440b-b6c4-17755ccc3cfb', 'context': [<snowplow_tracker.self_describing_json.SelfDescribingJson object at 0x7f7486ea9f40>]}
[0m19:40:07.795066 [debug] [Thread-2 (]: Finished running node model.bcb_analytics.fct_exchange_rate
[0m19:40:07.796053 [info ] [Thread-4 (]: 3 of 6 OK created sql table model analytics.fct_economic_activity .............. [[32mSELECT 81[0m in 0.16s]
[0m19:40:07.796911 [debug] [Thread-3 (]: Finished running node model.bcb_analytics.fct_credit_pf
[0m19:40:07.797930 [info ] [Thread-1 (]: 5 of 6 OK created sql table model analytics.fct_monetary_policy ................ [[32mSELECT 81[0m in 0.16s]
[0m19:40:07.798953 [debug] [Thread-2 (]: Began running node model.bcb_analytics.mart_macro_credit_features
[0m19:40:07.799935 [debug] [Thread-4 (]: Finished running node model.bcb_analytics.fct_economic_activity
[0m19:40:07.801216 [debug] [Thread-1 (]: Finished running node model.bcb_analytics.fct_monetary_policy
[0m19:40:07.802049 [info ] [Thread-2 (]: 6 of 6 START sql table model analytics.mart_macro_credit_features .............. [RUN]
[0m19:40:07.803782 [debug] [Thread-2 (]: Re-using an available connection from the pool (formerly model.bcb_analytics.fct_exchange_rate, now model.bcb_analytics.mart_macro_credit_features)
[0m19:40:07.804460 [debug] [Thread-2 (]: Began compiling node model.bcb_analytics.mart_macro_credit_features
[0m19:40:07.806629 [debug] [Thread-2 (]: Writing injected SQL for node "model.bcb_analytics.mart_macro_credit_features"
[0m19:40:07.814347 [debug] [Thread-2 (]: Began executing node model.bcb_analytics.mart_macro_credit_features
[0m19:40:07.817439 [debug] [Thread-2 (]: Writing runtime sql for node "model.bcb_analytics.mart_macro_credit_features"
[0m19:40:07.825623 [debug] [Thread-2 (]: Using postgres connection "model.bcb_analytics.mart_macro_credit_features"
[0m19:40:07.826516 [debug] [Thread-2 (]: On model.bcb_analytics.mart_macro_credit_features: /* {"app": "dbt", "dbt_version": "1.12.3", "profile_name": "bcb_analytics", "target_name": "dev", "node_id": "model.bcb_analytics.mart_macro_credit_features"} */

  
    

  create  table "bcb"."analytics"."mart_macro_credit_features__dbt_tmp"
  
  
    as
  
  (
    -- Create a feature dataset for statistical and machine learning models.
-- Lagged macroeconomic variables are included to capture potential
-- delayed effects of economic conditions on credit risk.

select

    reference_month,

    selic,
    selic_meta,

    -- Lagged Selic features
    lag(selic, 1) over (
        order by reference_month
    ) as selic_lag_1,

    lag(selic, 3) over (
        order by reference_month
    ) as selic_lag_3,

    lag(selic, 6) over (
        order by reference_month
    ) as selic_lag_6,

    lag(selic, 12) over (
        order by reference_month
    ) as selic_lag_12,

    ipca,

    atividade_economica,

    dolar_venda,

    credito_concedido_pf,

    taxa_credito_pf,

    inadimplencia_pf,

    -- Lagged default rate features
    lag(inadimplencia_pf, 1) over (
        order by reference_month
    ) as inadimplencia_lag_1,

    lag(inadimplencia_pf, 3) over (
        order by reference_month
    ) as inadimplencia_lag_3

from "bcb"."analytics"."stg_macro_monthly"
  );
  
[0m19:40:07.827278 [debug] [Thread-2 (]: Opening a new connection, currently in state closed
[0m19:40:07.834978 [debug] [Thread-2 (]: SQL status: SELECT 81 in 0.008 seconds
[0m19:40:07.837663 [debug] [Thread-2 (]: Using postgres connection "model.bcb_analytics.mart_macro_credit_features"
[0m19:40:07.838572 [debug] [Thread-2 (]: On model.bcb_analytics.mart_macro_credit_features: /* {"app": "dbt", "dbt_version": "1.12.3", "profile_name": "bcb_analytics", "target_name": "dev", "node_id": "model.bcb_analytics.mart_macro_credit_features"} */
alter table "bcb"."analytics"."mart_macro_credit_features" rename to "mart_macro_credit_features__dbt_backup"
[0m19:40:07.839609 [debug] [Thread-2 (]: SQL status: ALTER TABLE in 0.000 seconds
[0m19:40:07.841836 [debug] [Thread-2 (]: Using postgres connection "model.bcb_analytics.mart_macro_credit_features"
[0m19:40:07.842529 [debug] [Thread-2 (]: On model.bcb_analytics.mart_macro_credit_features: /* {"app": "dbt", "dbt_version": "1.12.3", "profile_name": "bcb_analytics", "target_name": "dev", "node_id": "model.bcb_analytics.mart_macro_credit_features"} */
alter table "bcb"."analytics"."mart_macro_credit_features__dbt_tmp" rename to "mart_macro_credit_features"
[0m19:40:07.843426 [debug] [Thread-2 (]: SQL status: ALTER TABLE in 0.000 seconds
[0m19:40:07.845036 [debug] [Thread-2 (]: On model.bcb_analytics.mart_macro_credit_features: COMMIT
[0m19:40:07.846080 [debug] [Thread-2 (]: Using postgres connection "model.bcb_analytics.mart_macro_credit_features"
[0m19:40:07.846846 [debug] [Thread-2 (]: On model.bcb_analytics.mart_macro_credit_features: COMMIT
[0m19:40:07.848639 [debug] [Thread-2 (]: SQL status: COMMIT in 0.001 seconds
[0m19:40:07.850589 [debug] [Thread-2 (]: Applying DROP to: "bcb"."analytics"."mart_macro_credit_features__dbt_backup"
[0m19:40:07.851507 [debug] [Thread-2 (]: Using postgres connection "model.bcb_analytics.mart_macro_credit_features"
[0m19:40:07.852411 [debug] [Thread-2 (]: On model.bcb_analytics.mart_macro_credit_features: /* {"app": "dbt", "dbt_version": "1.12.3", "profile_name": "bcb_analytics", "target_name": "dev", "node_id": "model.bcb_analytics.mart_macro_credit_features"} */
drop table if exists "bcb"."analytics"."mart_macro_credit_features__dbt_backup" cascade
[0m19:40:07.854775 [debug] [Thread-2 (]: SQL status: DROP TABLE in 0.002 seconds
[0m19:40:07.856292 [debug] [Thread-2 (]: On model.bcb_analytics.mart_macro_credit_features: Close
[0m19:40:07.857180 [debug] [Thread-2 (]: Sending event: {'category': 'dbt', 'action': 'run_model', 'label': '66477d71-d45e-440b-b6c4-17755ccc3cfb', 'context': [<snowplow_tracker.self_describing_json.SelfDescribingJson object at 0x7f7489189d30>]}
[0m19:40:07.858122 [info ] [Thread-2 (]: 6 of 6 OK created sql table model analytics.mart_macro_credit_features ......... [[32mSELECT 81[0m in 0.05s]
[0m19:40:07.859233 [debug] [Thread-2 (]: Finished running node model.bcb_analytics.mart_macro_credit_features
[0m19:40:07.861502 [debug] [MainThread]: On master: COMMIT
[0m19:40:07.862278 [debug] [MainThread]: Using postgres connection "master"
[0m19:40:07.862986 [debug] [MainThread]: On master: COMMIT
[0m19:40:07.863553 [debug] [MainThread]: Opening a new connection, currently in state closed
[0m19:40:07.869919 [debug] [MainThread]: SQL status: COMMIT in 0.006 seconds
[0m19:40:07.870816 [debug] [MainThread]: On master: Close
[0m19:40:07.871763 [debug] [MainThread]: Connection 'master' was properly closed.
[0m19:40:07.872708 [debug] [MainThread]: Connection 'model.bcb_analytics.fct_monetary_policy' was properly closed.
[0m19:40:07.873384 [debug] [MainThread]: Connection 'model.bcb_analytics.fct_credit_pf' was properly closed.
[0m19:40:07.873985 [debug] [MainThread]: Connection 'model.bcb_analytics.fct_economic_activity' was properly closed.
[0m19:40:07.874575 [debug] [MainThread]: Connection 'model.bcb_analytics.mart_macro_credit_features' was properly closed.
[0m19:40:07.875253 [info ] [MainThread]: 
[0m19:40:07.875882 [info ] [MainThread]: Finished running 5 table models, 1 view model in 0 hours 0 minutes and 0.61 seconds (0.61s).
[0m19:40:07.877871 [debug] [MainThread]: Command end result
[0m19:40:07.939313 [debug] [MainThread]: Wrote artifact WritableManifest to /usr/app/dbt/target/manifest.json
[0m19:40:07.995899 [debug] [MainThread]: Wrote artifact SemanticManifest to /usr/app/dbt/target/semantic_manifest.json
[0m19:40:08.058404 [debug] [MainThread]: Wrote artifact OsiDocument to /usr/app/dbt/target/osi_document.json
[0m19:40:08.071427 [debug] [MainThread]: Wrote artifact RunExecutionResult to /usr/app/dbt/target/run_results.json
[0m19:40:08.072470 [info ] [MainThread]: 
[0m19:40:08.073591 [info ] [MainThread]: [32mCompleted successfully[0m
[0m19:40:08.074505 [info ] [MainThread]: 
[0m19:40:08.075305 [info ] [MainThread]: Done. PASS=6 WARN=0 ERROR=0 SKIP=0 NO-OP=0 REUSED=0 TOTAL=6
[0m19:40:08.076633 [debug] [MainThread]: Resource report: {"command_name": "build", "command_success": true, "command_wall_clock_time": 1.6819315, "process_in_blocks": "1307", "process_kernel_time": 0.270332, "process_mem_max_rss": "138660", "process_out_blocks": "0", "process_user_time": 2.041618}
[0m19:40:08.077366 [debug] [MainThread]: Command `dbt build` succeeded at 19:40:08.077261 after 1.68 seconds
[0m19:40:08.078148 [debug] [MainThread]: Sending event: {'category': 'dbt', 'action': 'invocation', 'label': 'end', 'context': [<snowplow_tracker.self_describing_json.SelfDescribingJson object at 0x7f748b168ef0>, <snowplow_tracker.self_describing_json.SelfDescribingJson object at 0x7f7488974a40>, <snowplow_tracker.self_describing_json.SelfDescribingJson object at 0x7f7487d232f0>]}
[0m19:40:08.078854 [debug] [MainThread]: Flushing usage events
[0m19:40:08.786658 [debug] [MainThread]: An error was encountered while trying to flush usage events
